[TA Ascii File]
DSC-60

File Name :	C:\TAData\2024êºë∫\MBBA Delta 2024-12-03 11-20.txt

[File Information]
File Name:	MBBA Delta 2024-12-03 11-20.tad
Sample Name:	MBBA Delta
Lot No:	
Acquire Date:	24/12/03
Acquire Time:	11:20:43(+0900)
Detector Type:	DSC-60
Detector Serial No:	C30945500120SA
Operator:	
Atmosphere:	íÇëf
Gas Flow:	200[ml/min]
Annotation:	
Pan Name:	±Ÿ–∆≥—
Sample Weight:	2.900[mg]
Molecular Weight:	267.37


[Measurements Program]
[Temperature Program]
Start Temp.	-20.0
Temp. Rate	Hold Temp.	Hold Time
[ C/min  ]	[   C  ]	[ min  ]
5.00	70.0	0
-5.00	-20.0	0
5.00	70.0	0
-5.00	-20.0	0


[Data]
Time	Temp	DSC
sec	ﬂC	mW
0.000000	-21.986700	0.092205
1.000000	-21.988298	0.091803
2.000000	-21.989199	0.091344
3.000000	-21.988499	0.090822
4.000000	-21.988100	0.090621
5.000000	-21.986198	0.089880
6.000000	-21.982100	0.087799
7.000000	-21.971399	0.083963
8.000000	-21.957699	0.077103
9.000000	-21.937300	0.065541
10.000000	-21.906698	0.048281
11.000000	-21.868799	0.024521
12.000000	-21.817799	-0.006391
13.000000	-21.764599	-0.044029
14.000000	-21.701799	-0.087244
15.000000	-21.634600	-0.134478
16.000000	-21.563299	-0.184080
17.000000	-21.486000	-0.234074
18.000000	-21.404799	-0.283192
19.000000	-21.325100	-0.330014
20.000000	-21.240599	-0.373991
21.000000	-21.157700	-0.414245
22.000000	-21.071499	-0.450601
23.000000	-20.983999	-0.482704
24.000000	-20.895399	-0.510808
25.000000	-20.804899	-0.534932
26.000000	-20.717899	-0.555568
27.000000	-20.629398	-0.573086
28.000000	-20.542398	-0.587824
29.000000	-20.454800	-0.600037
30.000000	-20.366400	-0.610002
31.000000	-20.278898	-0.618086
32.000000	-20.188700	-0.624477
33.000000	-20.101999	-0.629600
34.000000	-20.013899	-0.633882
35.000000	-19.924398	-0.637345
36.000000	-19.836399	-0.640124
37.000000	-19.749199	-0.642468
38.000000	-19.658699	-0.644401
39.000000	-19.572100	-0.645817
40.000000	-19.484499	-0.647089
41.000000	-19.397299	-0.648165
42.000000	-19.310099	-0.649060
43.000000	-19.221498	-0.649725
44.000000	-19.134998	-0.650342
45.000000	-19.046900	-0.650744
46.000000	-18.958500	-0.651016
47.000000	-18.872999	-0.651040
48.000000	-18.786999	-0.651074
49.000000	-18.702700	-0.651083
50.000000	-18.614899	-0.651155
51.000000	-18.528000	-0.651189
52.000000	-18.442299	-0.651370
53.000000	-18.356998	-0.651634
54.000000	-18.271700	-0.651839
55.000000	-18.184599	-0.652079
56.000000	-18.098200	-0.652322
57.000000	-18.013699	-0.652552
58.000000	-17.924900	-0.652758
59.000000	-17.838299	-0.652911
60.000000	-17.753099	-0.653002
61.000000	-17.666199	-0.653174
62.000000	-17.582100	-0.653370
63.000000	-17.495899	-0.653537
64.000000	-17.407700	-0.653901
65.000000	-17.320999	-0.654308
66.000000	-17.235600	-0.654710
67.000000	-17.148399	-0.655207
68.000000	-17.060799	-0.655743
69.000000	-16.976099	-0.656288
70.000000	-16.888399	-0.656857
71.000000	-16.800900	-0.657412
72.000000	-16.714399	-0.657943
73.000000	-16.628300	-0.658403
74.000000	-16.542000	-0.658866
75.000000	-16.457499	-0.659201
76.000000	-16.371500	-0.659641
77.000000	-16.284899	-0.659981
78.000000	-16.196199	-0.660302
79.000000	-16.109499	-0.660598
80.000000	-16.024899	-0.660971
81.000000	-15.936499	-0.661397
82.000000	-15.851398	-0.661890
83.000000	-15.765999	-0.662359
84.000000	-15.677700	-0.662751
85.000000	-15.590599	-0.663129
86.000000	-15.504398	-0.663310
87.000000	-15.418798	-0.663440
88.000000	-15.332100	-0.663626
89.000000	-15.246699	-0.663894
90.000000	-15.157499	-0.664282
91.000000	-15.069399	-0.664750
92.000000	-14.982299	-0.665387
93.000000	-14.895100	-0.665941
94.000000	-14.808199	-0.666549
95.000000	-14.723800	-0.667070
96.000000	-14.637499	-0.667530
97.000000	-14.549799	-0.668056
98.000000	-14.461999	-0.668668
99.000000	-14.374999	-0.669161
100.000000	-14.285699	-0.669582
101.000000	-14.200399	-0.670137
102.000000	-14.115000	-0.670567
103.000000	-14.027499	-0.670936
104.000000	-13.938000	-0.671400
105.000000	-13.853000	-0.671950
106.000000	-13.769500	-0.672433
107.000000	-13.683299	-0.672715
108.000000	-13.597400	-0.673021
109.000000	-13.511700	-0.673122
110.000000	-13.427799	-0.673107
111.000000	-13.339399	-0.672959
112.000000	-13.254199	-0.672930
113.000000	-13.169299	-0.672816
114.000000	-13.082600	-0.672820
115.000000	-12.995699	-0.672940
116.000000	-12.909999	-0.673107
117.000000	-12.823799	-0.673356
118.000000	-12.738400	-0.673662
119.000000	-12.650899	-0.673911
120.000000	-12.566099	-0.674112
121.000000	-12.478399	-0.674375
122.000000	-12.395499	-0.674471
123.000000	-12.308399	-0.674586
124.000000	-12.220399	-0.674815
125.000000	-12.134000	-0.674954
126.000000	-12.048699	-0.675140
127.000000	-11.963200	-0.675341
128.000000	-11.878099	-0.675581
129.000000	-11.793699	-0.675724
130.000000	-11.705999	-0.675877
131.000000	-11.620600	-0.675958
132.000000	-11.534800	-0.676193
133.000000	-11.450600	-0.676360
134.000000	-11.363500	-0.676681
135.000000	-11.277100	-0.677016
136.000000	-11.191299	-0.677470
137.000000	-11.105599	-0.677963
138.000000	-11.018399	-0.678522
139.000000	-10.932400	-0.679049
140.000000	-10.845300	-0.679671
141.000000	-10.759600	-0.680149
142.000000	-10.673800	-0.680570
143.000000	-10.587600	-0.681120
144.000000	-10.499299	-0.681507
145.000000	-10.412199	-0.682058
146.000000	-10.327700	-0.682665
147.000000	-10.243500	-0.683306
148.000000	-10.153899	-0.683799
149.000000	-10.069400	-0.684469
150.000000	-9.982699	-0.684985
151.000000	-9.895900	-0.685526
152.000000	-9.809299	-0.686066
153.000000	-9.721399	-0.686583
154.000000	-9.634700	-0.686985
155.000000	-9.548599	-0.687320
156.000000	-9.462199	-0.687707
157.000000	-9.373899	-0.688032
158.000000	-9.288699	-0.688362
159.000000	-9.201699	-0.688764
160.000000	-9.114599	-0.689133
161.000000	-9.028500	-0.689458
162.000000	-8.941799	-0.689798
163.000000	-8.855999	-0.690065
164.000000	-8.768999	-0.690171
165.000000	-8.684199	-0.690391
166.000000	-8.598100	-0.690563
167.000000	-8.512599	-0.690582
168.000000	-8.426700	-0.690625
169.000000	-8.340699	-0.690802
170.000000	-8.253900	-0.690936
171.000000	-8.165600	-0.691108
172.000000	-8.083400	-0.691328
173.000000	-7.994200	-0.691701
174.000000	-7.909500	-0.692051
175.000000	-7.822900	-0.692362
176.000000	-7.734200	-0.692630
177.000000	-7.648600	-0.692984
178.000000	-7.564200	-0.693151
179.000000	-7.476900	-0.693290
180.000000	-7.391900	-0.693404
181.000000	-7.305500	-0.693486
182.000000	-7.220300	-0.693601
183.000000	-7.133900	-0.693888
184.000000	-7.047100	-0.694227
185.000000	-6.960500	-0.694471
186.000000	-6.874500	-0.694835
187.000000	-6.788200	-0.695141
188.000000	-6.703100	-0.695318
189.000000	-6.619200	-0.695356
190.000000	-6.530600	-0.695557
191.000000	-6.444400	-0.695667
192.000000	-6.359800	-0.695830
193.000000	-6.274100	-0.695988
194.000000	-6.187600	-0.696227
195.000000	-6.102400	-0.696375
196.000000	-6.014100	-0.696562
197.000000	-5.924800	-0.696724
198.000000	-5.842700	-0.696901
199.000000	-5.754500	-0.697155
200.000000	-5.671600	-0.697499
201.000000	-5.583400	-0.697801
202.000000	-5.499300	-0.698298
203.000000	-5.412500	-0.698829
204.000000	-5.325600	-0.699494
205.000000	-5.237800	-0.700288
206.000000	-5.153000	-0.701173
207.000000	-5.065600	-0.702020
208.000000	-4.979600	-0.703063
209.000000	-4.894800	-0.704072
210.000000	-4.805900	-0.705029
211.000000	-4.718200	-0.706038
212.000000	-4.633000	-0.707071
213.000000	-4.545300	-0.708062
214.000000	-4.458200	-0.709047
215.000000	-4.371600	-0.709980
216.000000	-4.285600	-0.710870
217.000000	-4.198000	-0.711606
218.000000	-4.110200	-0.712195
219.000000	-4.025600	-0.712697
220.000000	-3.939600	-0.713123
221.000000	-3.853600	-0.713434
222.000000	-3.768700	-0.713687
223.000000	-3.682100	-0.713941
224.000000	-3.596700	-0.714146
225.000000	-3.510100	-0.714500
226.000000	-3.425400	-0.714768
227.000000	-3.339200	-0.715189
228.000000	-3.251400	-0.715567
229.000000	-3.168400	-0.715897
230.000000	-3.080800	-0.716227
231.000000	-2.994600	-0.716567
232.000000	-2.907500	-0.716739
233.000000	-2.824000	-0.717098
234.000000	-2.738500	-0.717471
235.000000	-2.652600	-0.717677
236.000000	-2.566900	-0.718026
237.000000	-2.481000	-0.718385
238.000000	-2.396400	-0.718571
239.000000	-2.309100	-0.718930
240.000000	-2.223700	-0.719308
241.000000	-2.137100	-0.719758
242.000000	-2.053500	-0.720298
243.000000	-1.966600	-0.720982
244.000000	-1.878800	-0.721566
245.000000	-1.795700	-0.722226
246.000000	-1.706900	-0.722833
247.000000	-1.623000	-0.723388
248.000000	-1.536800	-0.723915
249.000000	-1.450100	-0.724484
250.000000	-1.364100	-0.725120
251.000000	-1.278800	-0.725723
252.000000	-1.194200	-0.726455
253.000000	-1.106800	-0.727115
254.000000	-1.020900	-0.727679
255.000000	-0.937400	-0.728292
256.000000	-0.852000	-0.728827
257.000000	-0.764200	-0.729306
258.000000	-0.678600	-0.729803
259.000000	-0.593000	-0.730387
260.000000	-0.505100	-0.730899
261.000000	-0.418700	-0.731540
262.000000	-0.334600	-0.732195
263.000000	-0.248000	-0.732846
264.000000	-0.161300	-0.733582
265.000000	-0.074900	-0.734305
266.000000	0.008700	-0.735103
267.000000	0.094300	-0.735831
268.000000	0.182600	-0.736687
269.000000	0.269000	-0.737395
270.000000	0.354000	-0.738203
271.000000	0.442300	-0.739050
272.000000	0.530000	-0.740035
273.000000	0.614200	-0.741045
274.000000	0.700500	-0.742198
275.000000	0.786600	-0.743303
276.000000	0.874000	-0.744264
277.000000	0.960900	-0.744963
278.000000	1.045100	-0.745637
279.000000	1.131800	-0.746144
280.000000	1.217700	-0.746450
281.000000	1.301900	-0.746656
282.000000	1.387800	-0.747048
283.000000	1.474700	-0.747374
284.000000	1.561300	-0.747814
285.000000	1.645400	-0.748354
286.000000	1.734000	-0.749029
287.000000	1.818400	-0.749698
288.000000	1.904700	-0.750569
289.000000	1.990700	-0.751411
290.000000	2.077200	-0.752277
291.000000	2.163400	-0.753052
292.000000	2.249000	-0.753841
293.000000	2.334300	-0.754525
294.000000	2.419100	-0.755195
295.000000	2.504600	-0.755841
296.000000	2.591300	-0.756525
297.000000	2.678100	-0.757233
298.000000	2.766300	-0.757811
299.000000	2.850700	-0.758476
300.000000	2.935200	-0.759323
301.000000	3.021600	-0.760151
302.000000	3.107200	-0.760978
303.000000	3.195800	-0.761930
304.000000	3.282700	-0.762916
305.000000	3.368800	-0.763786
306.000000	3.454800	-0.764609
307.000000	3.540400	-0.765202
308.000000	3.625300	-0.765781
309.000000	3.710800	-0.766226
310.000000	3.795900	-0.766551
311.000000	3.881800	-0.766948
312.000000	3.968200	-0.767470
313.000000	4.054100	-0.767924
314.000000	4.139300	-0.768312
315.000000	4.224800	-0.768795
316.000000	4.310100	-0.769292
317.000000	4.394200	-0.769823
318.000000	4.480100	-0.770407
319.000000	4.566600	-0.771134
320.000000	4.652400	-0.771938
321.000000	4.737400	-0.772775
322.000000	4.823600	-0.773789
323.000000	4.909800	-0.774923
324.000000	4.997700	-0.776128
325.000000	5.084500	-0.777429
326.000000	5.169300	-0.778855
327.000000	5.254800	-0.780343
328.000000	5.340600	-0.781883
329.000000	5.428600	-0.783351
330.000000	5.514800	-0.784801
331.000000	5.603600	-0.786332
332.000000	5.687900	-0.787724
333.000000	5.774300	-0.789001
334.000000	5.862200	-0.790254
335.000000	5.947100	-0.791455
336.000000	6.033300	-0.792579
337.000000	6.119300	-0.793689
338.000000	6.203400	-0.794727
339.000000	6.289600	-0.795875
340.000000	6.375600	-0.796937
341.000000	6.461300	-0.797961
342.000000	6.546700	-0.798894
343.000000	6.632400	-0.799879
344.000000	6.719800	-0.800797
345.000000	6.805500	-0.801697
346.000000	6.892100	-0.802567
347.000000	6.974400	-0.803558
348.000000	7.060699	-0.804553
349.000000	7.147400	-0.805504
350.000000	7.233000	-0.806667
351.000000	7.319700	-0.807915
352.000000	7.403399	-0.809202
353.000000	7.488200	-0.810594
354.000000	7.575900	-0.812034
355.000000	7.659900	-0.813479
356.000000	7.744900	-0.815019
357.000000	7.831399	-0.816507
358.000000	7.918400	-0.817827
359.000000	8.004700	-0.819320
360.000000	8.089499	-0.820846
361.000000	8.172400	-0.822276
362.000000	8.259000	-0.823792
363.000000	8.344500	-0.825400
364.000000	8.431200	-0.826978
365.000000	8.516900	-0.828437
366.000000	8.603800	-0.830069
367.000000	8.688800	-0.831896
368.000000	8.772500	-0.833761
369.000000	8.859400	-0.835704
370.000000	8.946600	-0.837885
371.000000	9.031000	-0.840143
372.000000	9.118100	-0.842272
373.000000	9.202200	-0.844496
374.000000	9.286600	-0.846835
375.000000	9.372900	-0.849146
376.000000	9.460500	-0.851308
377.000000	9.545600	-0.853571
378.000000	9.632000	-0.855718
379.000000	9.715800	-0.857785
380.000000	9.801600	-0.859718
381.000000	9.884900	-0.861779
382.000000	9.972500	-0.863942
383.000000	10.058300	-0.866367
384.000000	10.142300	-0.868888
385.000000	10.229100	-0.871744
386.000000	10.314200	-0.874796
387.000000	10.401800	-0.878106
388.000000	10.485500	-0.881536
389.000000	10.571100	-0.885124
390.000000	10.657400	-0.888750
391.000000	10.742100	-0.892356
392.000000	10.827800	-0.896006
393.000000	10.914300	-0.899599
394.000000	10.998700	-0.903254
395.000000	11.083700	-0.906832
396.000000	11.170000	-0.910319
397.000000	11.253000	-0.913687
398.000000	11.339800	-0.917251
399.000000	11.424900	-0.920680
400.000000	11.509501	-0.924479
401.000000	11.593300	-0.928607
402.000000	11.678600	-0.932869
403.000000	11.762700	-0.937461
404.000000	11.849500	-0.942513
405.000000	11.934500	-0.947698
406.000000	12.020200	-0.953185
407.000000	12.108000	-0.959036
408.000000	12.191300	-0.965140
409.000000	12.278600	-0.971521
410.000000	12.363100	-0.977931
411.000000	12.447500	-0.984451
412.000000	12.533400	-0.991067
413.000000	12.618700	-0.997477
414.000000	12.704100	-1.003887
415.000000	12.789400	-1.010527
416.000000	12.873700	-1.017339
417.000000	12.960000	-1.024222
418.000000	13.044200	-1.031518
419.000000	13.128700	-1.039124
420.000000	13.214700	-1.046950
421.000000	13.300300	-1.055005
422.000000	13.385700	-1.063558
423.000000	13.468800	-1.072490
424.000000	13.555000	-1.081722
425.000000	13.638400	-1.091356
426.000000	13.722900	-1.101464
427.000000	13.808700	-1.111983
428.000000	13.891800	-1.122904
429.000000	13.979400	-1.134170
430.000000	14.064700	-1.145938
431.000000	14.148499	-1.158012
432.000000	14.232100	-1.170387
433.000000	14.316700	-1.183255
434.000000	14.400300	-1.196769
435.000000	14.483200	-1.210794
436.000000	14.566300	-1.225748
437.000000	14.651900	-1.241467
438.000000	14.735900	-1.258095
439.000000	14.821300	-1.275823
440.000000	14.904200	-1.294786
441.000000	14.986800	-1.315107
442.000000	15.071200	-1.336958
443.000000	15.154000	-1.360384
444.000000	15.238200	-1.385833
445.000000	15.321000	-1.413612
446.000000	15.403200	-1.444457
447.000000	15.482100	-1.480253
448.000000	15.564100	-1.522947
449.000000	15.642600	-1.574567
450.000000	15.717999	-1.637506
451.000000	15.791500	-1.712642
452.000000	15.866300	-1.799513
453.000000	15.941300	-1.896550
454.000000	16.012100	-2.000896
455.000000	16.090599	-2.109250
456.000000	16.165800	-2.218829
457.000000	16.239399	-2.327480
458.000000	16.313400	-2.433840
459.000000	16.387899	-2.537616
460.000000	16.462399	-2.638633
461.000000	16.541300	-2.737492
462.000000	16.617899	-2.835006
463.000000	16.692801	-2.931952
464.000000	16.768299	-3.029069
465.000000	16.843700	-3.127685
466.000000	16.920200	-3.228466
467.000000	16.993999	-3.331769
468.000000	17.068800	-3.437866
469.000000	17.143999	-3.546928
470.000000	17.219601	-3.658560
471.000000	17.293600	-3.772238
472.000000	17.368299	-3.887553
473.000000	17.440701	-4.003896
474.000000	17.514299	-4.120450
475.000000	17.588600	-4.235960
476.000000	17.664400	-4.349495
477.000000	17.740999	-4.459893
478.000000	17.817101	-4.566233
479.000000	17.893000	-4.667948
480.000000	17.970499	-4.765597
481.000000	18.044899	-4.860183
482.000000	18.120699	-4.953312
483.000000	18.197001	-5.047071
484.000000	18.272499	-5.143137
485.000000	18.345600	-5.243248
486.000000	18.420599	-5.348828
487.000000	18.490601	-5.460933
488.000000	18.563999	-5.580065
489.000000	18.636700	-5.706670
490.000000	18.707800	-5.840760
491.000000	18.777700	-5.982103
492.000000	18.845800	-6.130137
493.000000	18.913401	-6.284209
494.000000	18.979900	-6.443706
495.000000	19.050900	-6.607938
496.000000	19.118401	-6.775443
497.000000	19.188000	-6.944741
498.000000	19.258900	-7.113804
499.000000	19.328400	-7.279620
500.000000	19.402000	-7.438064
501.000000	19.477800	-7.584276
502.000000	19.559700	-7.712162
503.000000	19.642099	-7.814083
504.000000	19.729799	-7.881738
505.000000	19.828300	-7.905617
506.000000	19.932100	-7.875423
507.000000	20.045500	-7.778794
508.000000	20.174400	-7.601182
509.000000	20.318699	-7.323170
510.000000	20.473299	-6.928768
511.000000	20.634600	-6.419840
512.000000	20.787899	-5.821620
513.000000	20.929501	-5.174355
514.000000	21.064301	-4.528423
515.000000	21.191799	-3.931189
516.000000	21.309599	-3.411431
517.000000	21.421801	-2.975158
518.000000	21.530300	-2.615791
519.000000	21.632401	-2.321218
520.000000	21.732500	-2.080027
521.000000	21.830200	-1.882309
522.000000	21.925499	-1.720277
523.000000	22.019899	-1.587244
524.000000	22.113699	-1.478377
525.000000	22.204700	-1.388981
526.000000	22.294100	-1.315642
527.000000	22.383999	-1.255565
528.000000	22.474100	-1.206527
529.000000	22.560999	-1.166240
530.000000	22.648800	-1.133156
531.000000	22.735701	-1.106013
532.000000	22.825899	-1.083626
533.000000	22.911100	-1.065156
534.000000	22.996799	-1.049882
535.000000	23.086000	-1.037282
536.000000	23.171801	-1.026930
537.000000	23.256899	-1.018540
538.000000	23.343901	-1.011575
539.000000	23.429899	-1.005710
540.000000	23.515499	-1.000878
541.000000	23.601500	-0.996793
542.000000	23.686100	-0.993277
543.000000	23.770800	-0.990158
544.000000	23.856400	-0.987412
545.000000	23.940599	-0.985145
546.000000	24.025200	-0.983203
547.000000	24.112000	-0.981323
548.000000	24.198099	-0.979969
549.000000	24.286699	-0.978960
550.000000	24.371700	-0.978118
551.000000	24.456900	-0.977534
552.000000	24.541901	-0.977319
553.000000	24.627501	-0.977075
554.000000	24.715300	-0.977003
555.000000	24.801701	-0.976984
556.000000	24.887899	-0.976879
557.000000	24.972700	-0.976644
558.000000	25.058001	-0.976443
559.000000	25.140400	-0.976142
560.000000	25.223999	-0.975807
561.000000	25.310101	-0.975468
562.000000	25.398100	-0.975219
563.000000	25.484699	-0.975004
564.000000	25.569399	-0.974913
565.000000	25.654499	-0.974999
566.000000	25.737600	-0.975195
567.000000	25.823799	-0.975534
568.000000	25.910799	-0.975951
569.000000	25.996799	-0.976295
570.000000	26.082199	-0.976506
571.000000	26.166599	-0.976687
572.000000	26.252100	-0.976912
573.000000	26.337400	-0.977118
574.000000	26.425499	-0.977400
575.000000	26.511099	-0.977836
576.000000	26.595299	-0.978204
577.000000	26.680500	-0.978438
578.000000	26.766500	-0.978692
579.000000	26.851299	-0.978917
580.000000	26.936699	-0.979007
581.000000	27.022900	-0.979294
582.000000	27.109100	-0.979500
583.000000	27.193600	-0.979687
584.000000	27.276800	-0.979744
585.000000	27.363300	-0.979854
586.000000	27.447399	-0.979854
587.000000	27.532999	-0.979806
588.000000	27.619900	-0.979763
589.000000	27.705000	-0.979644
590.000000	27.788900	-0.979428
591.000000	27.874500	-0.979323
592.000000	27.961399	-0.979362
593.000000	28.047600	-0.979567
594.000000	28.132500	-0.980074
595.000000	28.219099	-0.980639
596.000000	28.302200	-0.981170
597.000000	28.389000	-0.981672
598.000000	28.473999	-0.981849
599.000000	28.560699	-0.981887
600.000000	28.645599	-0.981839
601.000000	28.733200	-0.981748
602.000000	28.818899	-0.981591
603.000000	28.902199	-0.981591
604.000000	28.986399	-0.981595
605.000000	29.071301	-0.981629
606.000000	29.158300	-0.981725
607.000000	29.243599	-0.981954
608.000000	29.330000	-0.982193
609.000000	29.414099	-0.982452
610.000000	29.499100	-0.982863
611.000000	29.585499	-0.983255
612.000000	29.670500	-0.983777
613.000000	29.756199	-0.984461
614.000000	29.844099	-0.985169
615.000000	29.928699	-0.985743
616.000000	30.013300	-0.986336
617.000000	30.100500	-0.986752
618.000000	30.185200	-0.986948
619.000000	30.271000	-0.987140
620.000000	30.355700	-0.987336
621.000000	30.442699	-0.987470
622.000000	30.527800	-0.987675
623.000000	30.613100	-0.987962
624.000000	30.699100	-0.988259
625.000000	30.785599	-0.988599
626.000000	30.869600	-0.988938
627.000000	30.955799	-0.989345
628.000000	31.041500	-0.989761
629.000000	31.125799	-0.990268
630.000000	31.212200	-0.990866
631.000000	31.297100	-0.991545
632.000000	31.381800	-0.992124
633.000000	31.467800	-0.992770
634.000000	31.552700	-0.993425
635.000000	31.638800	-0.993971
636.000000	31.721899	-0.994660
637.000000	31.809299	-0.995377
638.000000	31.895899	-0.996152
639.000000	31.981199	-0.996898
640.000000	32.067799	-0.997697
641.000000	32.154999	-0.998309
642.000000	32.240299	-0.998884
643.000000	32.324497	-0.999290
644.000000	32.410400	-0.999529
645.000000	32.495697	-0.999558
646.000000	32.581997	-0.999496
647.000000	32.666599	-0.999271
648.000000	32.751301	-0.998855
649.000000	32.837299	-0.998501
650.000000	32.923298	-0.998180
651.000000	33.006298	-0.997855
652.000000	33.091599	-0.997731
653.000000	33.176998	-0.997975
654.000000	33.263599	-0.998219
655.000000	33.348400	-0.998644
656.000000	33.435101	-0.999233
657.000000	33.519699	-0.999855
658.000000	33.605698	-1.000314
659.000000	33.690899	-1.000749
660.000000	33.775898	-1.001127
661.000000	33.859898	-1.001428
662.000000	33.945099	-1.001567
663.000000	34.032299	-1.001754
664.000000	34.117298	-1.001940
665.000000	34.200901	-1.002084
666.000000	34.285999	-1.002242
667.000000	34.370998	-1.002510
668.000000	34.456600	-1.002969
669.000000	34.543098	-1.003500
670.000000	34.627201	-1.004265
671.000000	34.713200	-1.005212
672.000000	34.798698	-1.006174
673.000000	34.884499	-1.007006
674.000000	34.969398	-1.007834
675.000000	35.052998	-1.008561
676.000000	35.138199	-1.009020
677.000000	35.225201	-1.009297
678.000000	35.308998	-1.009570
679.000000	35.394100	-1.009881
680.000000	35.481098	-1.010182
681.000000	35.568600	-1.010599
682.000000	35.655598	-1.011168
683.000000	35.738400	-1.011737
684.000000	35.823200	-1.012359
685.000000	35.909000	-1.013014
686.000000	35.992901	-1.013679
687.000000	36.077599	-1.014287
688.000000	36.163700	-1.014904
689.000000	36.248699	-1.015473
690.000000	36.332699	-1.016081
691.000000	36.417400	-1.016564
692.000000	36.502399	-1.017028
693.000000	36.590900	-1.017545
694.000000	36.674301	-1.018076
695.000000	36.759899	-1.018525
696.000000	36.843399	-1.019190
697.000000	36.928299	-1.019965
698.000000	37.013901	-1.020692
699.000000	37.097500	-1.021367
700.000000	37.184399	-1.021965
701.000000	37.268799	-1.022567
702.000000	37.353500	-1.023122
703.000000	37.439301	-1.023768
704.000000	37.522800	-1.024342
705.000000	37.608398	-1.025160
706.000000	37.693798	-1.025897
707.000000	37.777000	-1.026648
708.000000	37.862598	-1.027485
709.000000	37.948898	-1.028451
710.000000	38.033501	-1.029379
711.000000	38.119499	-1.030312
712.000000	38.202900	-1.031355
713.000000	38.287998	-1.032235
714.000000	38.373699	-1.033039
715.000000	38.457100	-1.033747
716.000000	38.541698	-1.034469
717.000000	38.627300	-1.035062
718.000000	38.711098	-1.035646
719.000000	38.795200	-1.036349
720.000000	38.881298	-1.037272
721.000000	38.966801	-1.038392
722.000000	39.052399	-1.039631
723.000000	39.136700	-1.040956
724.000000	39.221798	-1.042415
725.000000	39.306801	-1.043792
726.000000	39.390598	-1.045041
727.000000	39.477600	-1.046399
728.000000	39.562798	-1.047892
729.000000	39.645500	-1.049394
730.000000	39.732800	-1.050982
731.000000	39.817799	-1.052834
732.000000	39.900799	-1.054618
733.000000	39.987099	-1.056550
734.000000	40.073601	-1.058540
735.000000	40.159100	-1.060497
736.000000	40.243999	-1.062415
737.000000	40.327999	-1.064601
738.000000	40.412998	-1.066816
739.000000	40.497498	-1.069237
740.000000	40.581398	-1.071758
741.000000	40.666199	-1.074504
742.000000	40.750698	-1.077441
743.000000	40.836201	-1.080588
744.000000	40.920799	-1.084071
745.000000	41.005898	-1.088323
746.000000	41.089298	-1.093538
747.000000	41.174301	-1.099862
748.000000	41.258999	-1.107779
749.000000	41.341801	-1.117446
750.000000	41.424999	-1.128707
751.000000	41.509800	-1.141379
752.000000	41.591301	-1.155567
753.000000	41.677399	-1.170985
754.000000	41.761299	-1.187398
755.000000	41.843498	-1.205001
756.000000	41.926098	-1.223787
757.000000	42.008598	-1.243677
758.000000	42.092400	-1.264859
759.000000	42.174999	-1.287333
760.000000	42.260098	-1.309950
761.000000	42.343098	-1.330654
762.000000	42.429798	-1.346483
763.000000	42.516800	-1.355136
764.000000	42.602398	-1.354931
765.000000	42.689198	-1.346244
766.000000	42.777401	-1.330730
767.000000	42.867001	-1.310912
768.000000	42.953300	-1.288519
769.000000	43.039299	-1.264917
770.000000	43.126598	-1.240893
771.000000	43.212898	-1.216894
772.000000	43.299099	-1.193540
773.000000	43.390198	-1.171530
774.000000	43.476601	-1.151080
775.000000	43.563099	-1.132510
776.000000	43.648499	-1.115719
777.000000	43.736000	-1.100641
778.000000	43.822098	-1.087190
779.000000	43.909901	-1.075494
780.000000	43.995598	-1.065037
781.000000	44.081699	-1.055933
782.000000	44.165798	-1.048021
783.000000	44.250198	-1.040918
784.000000	44.335098	-1.034770
785.000000	44.421600	-1.029566
786.000000	44.507298	-1.024921
787.000000	44.592899	-1.020970
788.000000	44.679100	-1.017750
789.000000	44.762398	-1.015038
790.000000	44.848301	-1.012813
791.000000	44.933998	-1.011111
792.000000	45.019001	-1.009800
793.000000	45.103798	-1.008767
794.000000	45.190098	-1.007886
795.000000	45.273399	-1.007188
796.000000	45.360298	-1.006647
797.000000	45.443501	-1.006121
798.000000	45.528500	-1.005672
799.000000	45.615700	-1.005284
800.000000	45.701599	-1.004944
801.000000	45.787201	-1.004882
802.000000	45.869099	-1.004920
803.000000	45.955799	-1.004954
804.000000	46.041798	-1.005002
805.000000	46.125198	-1.004983
806.000000	46.210800	-1.004777
807.000000	46.297798	-1.004576
808.000000	46.381397	-1.004399
809.000000	46.467098	-1.004385
810.000000	46.551399	-1.004471
811.000000	46.636398	-1.004657
812.000000	46.723198	-1.004835
813.000000	46.808498	-1.005193
814.000000	46.891800	-1.005485
815.000000	46.978500	-1.005710
816.000000	47.064301	-1.005863
817.000000	47.147499	-1.005935
818.000000	47.232800	-1.005906
819.000000	47.318501	-1.005676
820.000000	47.405701	-1.005495
821.000000	47.489998	-1.005193
822.000000	47.574398	-1.004835
823.000000	47.658699	-1.004337
824.000000	47.742397	-1.003940
825.000000	47.828300	-1.003524
826.000000	47.914497	-1.003155
827.000000	47.998501	-1.002907
828.000000	48.084698	-1.002672
829.000000	48.168697	-1.002443
830.000000	48.251598	-1.002117
831.000000	48.337898	-1.001868
832.000000	48.422897	-1.001610
833.000000	48.509399	-1.001400
834.000000	48.594898	-1.001424
835.000000	48.680099	-1.001471
836.000000	48.764500	-1.001538
837.000000	48.849899	-1.001582
838.000000	48.932800	-1.001744
839.000000	49.017998	-1.001672
840.000000	49.103500	-1.001749
841.000000	49.188499	-1.001859
842.000000	49.274300	-1.002113
843.000000	49.358898	-1.002256
844.000000	49.442699	-1.002476
845.000000	49.528698	-1.002696
846.000000	49.616501	-1.002907
847.000000	49.699699	-1.002940
848.000000	49.783501	-1.002998
849.000000	49.870899	-1.003108
850.000000	49.955399	-1.003150
851.000000	50.038601	-1.003160
852.000000	50.125401	-1.003213
853.000000	50.210598	-1.003246
854.000000	50.294998	-1.003165
855.000000	50.380398	-1.003122
856.000000	50.465099	-1.002969
857.000000	50.547897	-1.002763
858.000000	50.633801	-1.002610
859.000000	50.719200	-1.002380
860.000000	50.804001	-1.002127
861.000000	50.888397	-1.001964
862.000000	50.973301	-1.001763
863.000000	51.056198	-1.001644
864.000000	51.142097	-1.001806
865.000000	51.226700	-1.002113
866.000000	51.311001	-1.002510
867.000000	51.396000	-1.003036
868.000000	51.480900	-1.003615
869.000000	51.565098	-1.004112
870.000000	51.648899	-1.004490
871.000000	51.734600	-1.004835
872.000000	51.822899	-1.005246
873.000000	51.906898	-1.005461
874.000000	51.990498	-1.005619
875.000000	52.073097	-1.005753
876.000000	52.160198	-1.005700
877.000000	52.243900	-1.005523
878.000000	52.331299	-1.005404
879.000000	52.417099	-1.005275
880.000000	52.500698	-1.005188
881.000000	52.585499	-1.005322
882.000000	52.669098	-1.005509
883.000000	52.755100	-1.005605
884.000000	52.839600	-1.005595
885.000000	52.925800	-1.005590
886.000000	53.008198	-1.005590
887.000000	53.095200	-1.005705
888.000000	53.178799	-1.005810
889.000000	53.265198	-1.005968
890.000000	53.349598	-1.006250
891.000000	53.435101	-1.006600
892.000000	53.520699	-1.006882
893.000000	53.605198	-1.007169
894.000000	53.689198	-1.007422
895.000000	53.774498	-1.007580
896.000000	53.860397	-1.007676
897.000000	53.945297	-1.007728
898.000000	54.030598	-1.007920
899.000000	54.115997	-1.008216
900.000000	54.202198	-1.008609
901.000000	54.285797	-1.008934
902.000000	54.371300	-1.009345
903.000000	54.454700	-1.009838
904.000000	54.539497	-1.010321
905.000000	54.625000	-1.010484
906.000000	54.711201	-1.010599
907.000000	54.796700	-1.010637
908.000000	54.879997	-1.010312
909.000000	54.966599	-1.009876
910.000000	55.050697	-1.009570
911.000000	55.135399	-1.009278
912.000000	55.221897	-1.009039
913.000000	55.306000	-1.009030
914.000000	55.390301	-1.009049
915.000000	55.476997	-1.009054
916.000000	55.561501	-1.009159
917.000000	55.643299	-1.009073
918.000000	55.728897	-1.008977
919.000000	55.814697	-1.008891
920.000000	55.898998	-1.008752
921.000000	55.985001	-1.008456
922.000000	56.069000	-1.008173
923.000000	56.153099	-1.007819
924.000000	56.240299	-1.007413
925.000000	56.326199	-1.007102
926.000000	56.411598	-1.006968
927.000000	56.494900	-1.006867
928.000000	56.578300	-1.006652
929.000000	56.665298	-1.006523
930.000000	56.747898	-1.006399
931.000000	56.833099	-1.006150
932.000000	56.919300	-1.005868
933.000000	57.004601	-1.005609
934.000000	57.088699	-1.005346
935.000000	57.172501	-1.005007
936.000000	57.257500	-1.004686
937.000000	57.341297	-1.004418
938.000000	57.426098	-1.004361
939.000000	57.512100	-1.004232
940.000000	57.596897	-1.004150
941.000000	57.680599	-1.004155
942.000000	57.763699	-1.004112
943.000000	57.850498	-1.003988
944.000000	57.933598	-1.003945
945.000000	58.019299	-1.003873
946.000000	58.104099	-1.003706
947.000000	58.187000	-1.003567
948.000000	58.270901	-1.003342
949.000000	58.356499	-1.003064
950.000000	58.439899	-1.002811
951.000000	58.525101	-1.002624
952.000000	58.609798	-1.002605
953.000000	58.692997	-1.002720
954.000000	58.779499	-1.003108
955.000000	58.864597	-1.003677
956.000000	58.949299	-1.004327
957.000000	59.033897	-1.004954
958.000000	59.120399	-1.005595
959.000000	59.203697	-1.006174
960.000000	59.288799	-1.006576
961.000000	59.373699	-1.006896
962.000000	59.456398	-1.007178
963.000000	59.542900	-1.007604
964.000000	59.628700	-1.008073
965.000000	59.715698	-1.008570
966.000000	59.798100	-1.009283
967.000000	59.884300	-1.010015
968.000000	59.968399	-1.010565
969.000000	60.052898	-1.011053
970.000000	60.137497	-1.011436
971.000000	60.223999	-1.011512
972.000000	60.309097	-1.011340
973.000000	60.391998	-1.011101
974.000000	60.476299	-1.010551
975.000000	60.560398	-1.010025
976.000000	60.645397	-1.009527
977.000000	60.730999	-1.009240
978.000000	60.815399	-1.009159
979.000000	60.898598	-1.009345
980.000000	60.983700	-1.009642
981.000000	61.067299	-1.010001
982.000000	61.150700	-1.010407
983.000000	61.235600	-1.010742
984.000000	61.318600	-1.011024
985.000000	61.402699	-1.011335
986.000000	61.487297	-1.011756
987.000000	61.571198	-1.012220
988.000000	61.655800	-1.012790
989.000000	61.739700	-1.013593
990.000000	61.826900	-1.014564
991.000000	61.910999	-1.015569
992.000000	61.996597	-1.016621
993.000000	62.080997	-1.017655
994.000000	62.163597	-1.018602
995.000000	62.250797	-1.019248
996.000000	62.334698	-1.019697
997.000000	62.419197	-1.020066
998.000000	62.504898	-1.020267
999.000000	62.587597	-1.020185
1000.000000	62.672798	-1.020109
1001.000000	62.759300	-1.020209
1002.000000	62.841297	-1.020286
1003.000000	62.927498	-1.020525
1004.000000	63.012600	-1.020879
1005.000000	63.097198	-1.021362
1006.000000	63.181198	-1.021740
1007.000000	63.264297	-1.022017
1008.000000	63.350597	-1.022247
1009.000000	63.434399	-1.022496
1010.000000	63.520100	-1.022606
1011.000000	63.603897	-1.022802
1012.000000	63.689098	-1.023237
1013.000000	63.774399	-1.023634
1014.000000	63.859798	-1.024127
1015.000000	63.943699	-1.024610
1016.000000	64.027893	-1.025069
1017.000000	64.113800	-1.025337
1018.000000	64.198799	-1.025581
1019.000000	64.283600	-1.025639
1020.000000	64.367195	-1.025567
1021.000000	64.453995	-1.025371
1022.000000	64.536697	-1.025055
1023.000000	64.622894	-1.024792
1024.000000	64.705902	-1.024572
1025.000000	64.792099	-1.024481
1026.000000	64.875595	-1.024304
1027.000000	64.959297	-1.024227
1028.000000	65.042595	-1.024184
1029.000000	65.128395	-1.024208
1030.000000	65.214996	-1.024232
1031.000000	65.296600	-1.024285
1032.000000	65.382896	-1.024285
1033.000000	65.467796	-1.024256
1034.000000	65.550697	-1.024103
1035.000000	65.634300	-1.024036
1036.000000	65.721901	-1.024313
1037.000000	65.807495	-1.024696
1038.000000	65.893600	-1.025098
1039.000000	65.977600	-1.025634
1040.000000	66.061501	-1.026064
1041.000000	66.147301	-1.026189
1042.000000	66.230400	-1.026007
1043.000000	66.315498	-1.025806
1044.000000	66.401497	-1.025390
1045.000000	66.485695	-1.025017
1046.000000	66.569901	-1.024849
1047.000000	66.653702	-1.024916
1048.000000	66.738297	-1.024816
1049.000000	66.823997	-1.025074
1050.000000	66.908600	-1.025285
1051.000000	66.993301	-1.025285
1052.000000	67.077499	-1.025275
1053.000000	67.163696	-1.025423
1054.000000	67.247597	-1.025347
1055.000000	67.332596	-1.025294
1056.000000	67.417900	-1.025318
1057.000000	67.503502	-1.025352
1058.000000	67.588097	-1.025265
1059.000000	67.670097	-1.025184
1060.000000	67.753601	-1.025084
1061.000000	67.839096	-1.025050
1062.000000	67.922096	-1.025026
1063.000000	68.009201	-1.025084
1064.000000	68.094299	-1.025179
1065.000000	68.178299	-1.025294
1066.000000	68.260796	-1.025347
1067.000000	68.345100	-1.025619
1068.000000	68.430702	-1.025902
1069.000000	68.513397	-1.026251
1070.000000	68.599495	-1.026634
1071.000000	68.684799	-1.026964
1072.000000	68.768700	-1.027112
1073.000000	68.854401	-1.027279
1074.000000	68.938400	-1.027452
1075.000000	69.022598	-1.027825
1076.000000	69.108299	-1.028159
1077.000000	69.192596	-1.028667
1078.000000	69.276802	-1.029102
1079.000000	69.361702	-1.029561
1080.000000	69.448296	-1.029877
1081.000000	69.531502	-1.030188
1082.000000	69.616600	-1.030489
1083.000000	69.703400	-1.030795
1084.000000	69.787300	-1.030958
1085.000000	69.870201	-1.030183
1086.000000	69.945396	-1.026834
1087.000000	70.011597	-1.018013
1088.000000	70.061699	-0.999764
1089.000000	70.097702	-0.967005
1090.000000	70.113998	-0.915801
1091.000000	70.111397	-0.843515
1092.000000	70.096001	-0.749852
1093.000000	70.064102	-0.637125
1094.000000	70.020195	-0.510114
1095.000000	69.968201	-0.374038
1096.000000	69.906998	-0.234518
1097.000000	69.838600	-0.096328
1098.000000	69.763695	0.036279
1099.000000	69.684097	0.160539
1100.000000	69.602402	0.274194
1101.000000	69.516800	0.375880
1102.000000	69.432396	0.465205
1103.000000	69.346596	0.542318
1104.000000	69.258797	0.607648
1105.000000	69.171501	0.662182
1106.000000	69.085098	0.707210
1107.000000	68.995895	0.743547
1108.000000	68.909897	0.772464
1109.000000	68.825798	0.795201
1110.000000	68.738297	0.812838
1111.000000	68.653000	0.826117
1112.000000	68.567101	0.836010
1113.000000	68.480095	0.843295
1114.000000	68.393997	0.848524
1115.000000	68.310600	0.852083
1116.000000	68.223602	0.854341
1117.000000	68.140099	0.855819
1118.000000	68.054398	0.856594
1119.000000	67.968102	0.856957
1120.000000	67.883499	0.857087
1121.000000	67.798302	0.857307
1122.000000	67.713997	0.857464
1123.000000	67.629799	0.857665
1124.000000	67.545395	0.857790
1125.000000	67.458298	0.857905
1126.000000	67.374596	0.857928
1127.000000	67.289101	0.857943
1128.000000	67.204201	0.858000
1129.000000	67.119995	0.858158
1130.000000	67.035301	0.858345
1131.000000	66.949295	0.858536
1132.000000	66.864601	0.858842
1133.000000	66.780502	0.859210
1134.000000	66.693802	0.859531
1135.000000	66.611198	0.859861
1136.000000	66.527596	0.860115
1137.000000	66.442596	0.860210
1138.000000	66.360497	0.860038
1139.000000	66.276398	0.859823
1140.000000	66.190796	0.859679
1141.000000	66.106102	0.859622
1142.000000	66.022697	0.859646
1143.000000	65.937500	0.859885
1144.000000	65.850800	0.860296
1145.000000	65.766098	0.860746
1146.000000	65.681297	0.861253
1147.000000	65.596901	0.861837
1148.000000	65.514000	0.862387
1149.000000	65.427101	0.862726
1150.000000	65.345398	0.863076
1151.000000	65.260796	0.863406
1152.000000	65.175301	0.863741
1153.000000	65.092499	0.864142
1154.000000	65.007797	0.864602
1155.000000	64.925400	0.864922
1156.000000	64.841698	0.865314
1157.000000	64.756500	0.865592
1158.000000	64.669800	0.865692
1159.000000	64.585999	0.865960
1160.000000	64.501801	0.866290
1161.000000	64.417900	0.866558
1162.000000	64.333694	0.866864
1163.000000	64.249199	0.867266
1164.000000	64.163399	0.867596
1165.000000	64.080093	0.867855
1166.000000	63.995598	0.868060
1167.000000	63.912098	0.868189
1168.000000	63.829899	0.868266
1169.000000	63.744400	0.868400
1170.000000	63.660900	0.868644
1171.000000	63.575798	0.868936
1172.000000	63.488800	0.869395
1173.000000	63.406200	0.869964
1174.000000	63.321899	0.870423
1175.000000	63.237598	0.870873
1176.000000	63.152699	0.871251
1177.000000	63.070698	0.871495
1178.000000	62.986797	0.871629
1179.000000	62.901398	0.871629
1180.000000	62.817398	0.871461
1181.000000	62.734200	0.871232
1182.000000	62.650200	0.870926
1183.000000	62.566700	0.870557
1184.000000	62.480698	0.870380
1185.000000	62.395699	0.870213
1186.000000	62.311798	0.870074
1187.000000	62.228199	0.870117
1188.000000	62.143997	0.870251
1189.000000	62.060497	0.870290
1190.000000	61.976700	0.870366
1191.000000	61.894600	0.870581
1192.000000	61.808399	0.870725
1193.000000	61.723400	0.871017
1194.000000	61.639599	0.871571
1195.000000	61.552898	0.872346
1196.000000	61.469799	0.873207
1197.000000	61.385098	0.874255
1198.000000	61.300800	0.875188
1199.000000	61.216797	0.875786
1200.000000	61.130497	0.876312
1201.000000	61.047699	0.876671
1202.000000	60.963699	0.876513
1203.000000	60.880699	0.876274
1204.000000	60.794598	0.876044
1205.000000	60.711197	0.875446
1206.000000	60.627197	0.874815
1207.000000	60.541298	0.874269
1208.000000	60.459000	0.873523
1209.000000	60.375599	0.872662
1210.000000	60.291000	0.871969
1211.000000	60.205299	0.871117
1212.000000	60.121899	0.870514
1213.000000	60.036400	0.870170
1214.000000	59.952797	0.870026
1215.000000	59.868099	0.870156
1216.000000	59.784298	0.870557
1217.000000	59.698799	0.870868
1218.000000	59.614998	0.871146
1219.000000	59.529301	0.871414
1220.000000	59.444298	0.871442
1221.000000	59.361599	0.871270
1222.000000	59.278900	0.871017
1223.000000	59.193798	0.870773
1224.000000	59.108997	0.870481
1225.000000	59.023499	0.870179
1226.000000	58.940800	0.869888
1227.000000	58.858200	0.869749
1228.000000	58.773399	0.869663
1229.000000	58.689098	0.869677
1230.000000	58.604198	0.869907
1231.000000	58.519100	0.870423
1232.000000	58.434299	0.871012
1233.000000	58.350300	0.871744
1234.000000	58.265301	0.872399
1235.000000	58.181499	0.873097
1236.000000	58.096397	0.873691
1237.000000	58.012100	0.874356
1238.000000	57.926197	0.874944
1239.000000	57.840599	0.875508
1240.000000	57.756599	0.875901
1241.000000	57.672298	0.876393
1242.000000	57.586998	0.876733
1243.000000	57.502300	0.876910
1244.000000	57.419098	0.877192
1245.000000	57.333797	0.877556
1246.000000	57.249298	0.877599
1247.000000	57.165398	0.877695
1248.000000	57.081100	0.877895
1249.000000	56.995300	0.877948
1250.000000	56.911697	0.877958
1251.000000	56.827599	0.878039
1252.000000	56.741898	0.878049
1253.000000	56.658298	0.878058
1254.000000	56.574100	0.878154
1255.000000	56.488098	0.878221
1256.000000	56.404400	0.878278
1257.000000	56.319000	0.878340
1258.000000	56.233398	0.878355
1259.000000	56.148998	0.878336
1260.000000	56.066498	0.878431
1261.000000	55.983498	0.878522
1262.000000	55.896400	0.878680
1263.000000	55.813900	0.878943
1264.000000	55.727600	0.879297
1265.000000	55.641800	0.879579
1266.000000	55.557598	0.879962
1267.000000	55.475998	0.880326
1268.000000	55.390999	0.880689
1269.000000	55.306400	0.881101
1270.000000	55.222000	0.881550
1271.000000	55.138199	0.881928
1272.000000	55.053699	0.882296
1273.000000	54.969700	0.882521
1274.000000	54.887398	0.882593
1275.000000	54.800999	0.882713
1276.000000	54.716297	0.883028
1277.000000	54.632698	0.883397
1278.000000	54.546997	0.883813
1279.000000	54.464001	0.884487
1280.000000	54.379200	0.885090
1281.000000	54.293800	0.885559
1282.000000	54.209801	0.885918
1283.000000	54.126198	0.886415
1284.000000	54.041698	0.886702
1285.000000	53.956200	0.886898
1286.000000	53.871399	0.887114
1287.000000	53.787899	0.887487
1288.000000	53.704098	0.887860
1289.000000	53.618698	0.888271
1290.000000	53.532997	0.888683
1291.000000	53.448299	0.889170
1292.000000	53.361900	0.889553
1293.000000	53.278297	0.889864
1294.000000	53.193600	0.890276
1295.000000	53.109100	0.890720
1296.000000	53.024498	0.891094
1297.000000	52.939598	0.891447
1298.000000	52.855698	0.891754
1299.000000	52.769501	0.891912
1300.000000	52.687500	0.891859
1301.000000	52.603798	0.891897
1302.000000	52.517200	0.891754
1303.000000	52.434498	0.891515
1304.000000	52.349300	0.891314
1305.000000	52.266598	0.891366
1306.000000	52.182301	0.891189
1307.000000	52.099098	0.891156
1308.000000	52.014797	0.891299
1309.000000	51.928898	0.891447
1310.000000	51.844200	0.891548
1311.000000	51.760098	0.891979
1312.000000	51.675800	0.892562
1313.000000	51.589397	0.893093
1314.000000	51.505699	0.893610
1315.000000	51.419300	0.894208
1316.000000	51.335300	0.894657
1317.000000	51.249397	0.895016
1318.000000	51.166500	0.895432
1319.000000	51.083900	0.895891
1320.000000	50.998199	0.896289
1321.000000	50.912800	0.896604
1322.000000	50.827698	0.896843
1323.000000	50.744400	0.897035
1324.000000	50.659199	0.897121
1325.000000	50.575600	0.897188
1326.000000	50.489399	0.897073
1327.000000	50.404697	0.896906
1328.000000	50.318398	0.896686
1329.000000	50.233398	0.896418
1330.000000	50.149799	0.896083
1331.000000	50.064400	0.895925
1332.000000	49.981197	0.895772
1333.000000	49.897099	0.895595
1334.000000	49.813297	0.895590
1335.000000	49.728397	0.895700
1336.000000	49.642399	0.895671
1337.000000	49.557301	0.895715
1338.000000	49.474300	0.895724
1339.000000	49.388599	0.895595
1340.000000	49.306999	0.895365
1341.000000	49.223099	0.895341
1342.000000	49.136101	0.895317
1343.000000	49.052898	0.895432
1344.000000	48.967899	0.895614
1345.000000	48.885098	0.895963
1346.000000	48.798199	0.896341
1347.000000	48.715500	0.896681
1348.000000	48.629898	0.896910
1349.000000	48.545300	0.897159
1350.000000	48.460999	0.897245
1351.000000	48.376900	0.897298
1352.000000	48.292198	0.897322
1353.000000	48.208401	0.897446
1354.000000	48.123699	0.897532
1355.000000	48.037899	0.897748
1356.000000	47.954399	0.897972
1357.000000	47.869099	0.898360
1358.000000	47.784500	0.898896
1359.000000	47.702297	0.899479
1360.000000	47.614998	0.900111
1361.000000	47.533100	0.900838
1362.000000	47.446098	0.901536
1363.000000	47.360901	0.902120
1364.000000	47.275299	0.902799
1365.000000	47.191299	0.903411
1366.000000	47.106197	0.903976
1367.000000	47.021198	0.904536
1368.000000	46.934998	0.905024
1369.000000	46.850800	0.905545
1370.000000	46.764999	0.906004
1371.000000	46.682697	0.906239
1372.000000	46.598499	0.906502
1373.000000	46.513401	0.906722
1374.000000	46.427799	0.906760
1375.000000	46.343998	0.906889
1376.000000	46.257801	0.907186
1377.000000	46.174698	0.907449
1378.000000	46.088398	0.907745
1379.000000	46.003098	0.908095
1380.000000	45.919498	0.908554
1381.000000	45.833599	0.909152
1382.000000	45.747200	0.909778
1383.000000	45.663399	0.910343
1384.000000	45.579300	0.911027
1385.000000	45.494698	0.911639
1386.000000	45.409100	0.912046
1387.000000	45.325100	0.912343
1388.000000	45.240200	0.912687
1389.000000	45.155201	0.912792
1390.000000	45.069401	0.912763
1391.000000	44.984600	0.912787
1392.000000	44.902401	0.912759
1393.000000	44.816299	0.912720
1394.000000	44.730598	0.912644
1395.000000	44.647999	0.912591
1396.000000	44.560898	0.912529
1397.000000	44.475399	0.912644
1398.000000	44.390301	0.912802
1399.000000	44.306297	0.913108
1400.000000	44.221397	0.913615
1401.000000	44.135300	0.914232
1402.000000	44.050598	0.914864
1403.000000	43.965500	0.915471
1404.000000	43.881798	0.916107
1405.000000	43.797298	0.916624
1406.000000	43.712799	0.917141
1407.000000	43.627800	0.917652
1408.000000	43.543598	0.918207
1409.000000	43.458900	0.918954
1410.000000	43.375198	0.919815
1411.000000	43.289898	0.920714
1412.000000	43.205399	0.921752
1413.000000	43.120399	0.922905
1414.000000	43.034798	0.923938
1415.000000	42.952400	0.925043
1416.000000	42.867298	0.926057
1417.000000	42.781700	0.927067
1418.000000	42.700100	0.928229
1419.000000	42.615101	0.929784
1420.000000	42.530701	0.931946
1421.000000	42.445900	0.935993
1422.000000	42.366100	0.944522
1423.000000	42.285698	0.962423
1424.000000	42.209599	0.995741
1425.000000	42.132298	1.045715
1426.000000	42.054001	1.109017
1427.000000	41.975800	1.179605
1428.000000	41.889400	1.246576
1429.000000	41.806400	1.298149
1430.000000	41.721001	1.329903
1431.000000	41.633301	1.342833
1432.000000	41.547398	1.339704
1433.000000	41.461700	1.326276
1434.000000	41.374401	1.307974
1435.000000	41.286999	1.287242
1436.000000	41.201401	1.265266
1437.000000	41.113800	1.242697
1438.000000	41.028099	1.219845
1439.000000	40.939701	1.197132
1440.000000	40.854198	1.175328
1441.000000	40.766598	1.155036
1442.000000	40.680401	1.136346
1443.000000	40.596199	1.119321
1444.000000	40.509598	1.104100
1445.000000	40.423298	1.090443
1446.000000	40.337299	1.078063
1447.000000	40.251301	1.066845
1448.000000	40.165100	1.056909
1449.000000	40.080399	1.047830
1450.000000	39.994900	1.039822
1451.000000	39.910301	1.032651
1452.000000	39.824600	1.026241
1453.000000	39.739399	1.020381
1454.000000	39.654499	1.015181
1455.000000	39.567799	1.010470
1456.000000	39.485100	1.006246
1457.000000	39.400299	1.002467
1458.000000	39.314800	0.999204
1459.000000	39.226898	0.996305
1460.000000	39.142498	0.993598
1461.000000	39.056599	0.991153
1462.000000	38.970501	0.988948
1463.000000	38.887299	0.986637
1464.000000	38.802200	0.984446
1465.000000	38.719101	0.982327
1466.000000	38.632801	0.980184
1467.000000	38.548599	0.977969
1468.000000	38.462700	0.976061
1469.000000	38.377598	0.973989
1470.000000	38.294701	0.972205
1471.000000	38.211700	0.970574
1472.000000	38.124199	0.969225
1473.000000	38.039501	0.968015
1474.000000	37.952801	0.967254
1475.000000	37.868698	0.966498
1476.000000	37.784500	0.965996
1477.000000	37.699898	0.965556
1478.000000	37.614399	0.965106
1479.000000	37.530499	0.964618
1480.000000	37.443901	0.964173
1481.000000	37.357098	0.963542
1482.000000	37.274101	0.962997
1483.000000	37.188000	0.962466
1484.000000	37.104298	0.962021
1485.000000	37.017799	0.961628
1486.000000	36.931000	0.961313
1487.000000	36.845600	0.960964
1488.000000	36.762100	0.960614
1489.000000	36.679298	0.960189
1490.000000	36.593601	0.959543
1491.000000	36.508400	0.958950
1492.000000	36.420498	0.958333
1493.000000	36.335899	0.957687
1494.000000	36.252701	0.957146
1495.000000	36.166599	0.956816
1496.000000	36.083599	0.956433
1497.000000	35.998001	0.956218
1498.000000	35.912498	0.956075
1499.000000	35.826298	0.955835
1500.000000	35.742500	0.955615
1501.000000	35.653900	0.955462
1502.000000	35.569599	0.955108
1503.000000	35.483601	0.954577
1504.000000	35.398499	0.953912
1505.000000	35.312901	0.953243
1506.000000	35.227699	0.952439
1507.000000	35.141800	0.951564
1508.000000	35.056900	0.950808
1509.000000	34.972000	0.949947
1510.000000	34.888401	0.949019
1511.000000	34.802898	0.948115
1512.000000	34.719799	0.947335
1513.000000	34.633301	0.946646
1514.000000	34.547501	0.946019
1515.000000	34.462799	0.945469
1516.000000	34.376701	0.945020
1517.000000	34.292801	0.944546
1518.000000	34.206299	0.944206
1519.000000	34.121399	0.944005
1520.000000	34.036198	0.943862
1521.000000	33.951900	0.943671
1522.000000	33.866199	0.943604
1523.000000	33.779598	0.943527
1524.000000	33.693699	0.943518
1525.000000	33.609100	0.943532
1526.000000	33.521698	0.943651
1527.000000	33.438301	0.943513
1528.000000	33.354198	0.943288
1529.000000	33.266998	0.942987
1530.000000	33.185101	0.942566
1531.000000	33.096699	0.942078
1532.000000	33.013000	0.941633
1533.000000	32.930199	0.941097
1534.000000	32.844498	0.940781
1535.000000	32.757999	0.940475
1536.000000	32.673298	0.940145
1537.000000	32.589500	0.939968
1538.000000	32.502598	0.939729
1539.000000	32.416897	0.939413
1540.000000	32.333397	0.939222
1541.000000	32.247799	0.939064
1542.000000	32.165798	0.938868
1543.000000	32.079800	0.938868
1544.000000	31.994799	0.938763
1545.000000	31.909800	0.938696
1546.000000	31.824200	0.938653
1547.000000	31.738499	0.938533
1548.000000	31.653000	0.938461
1549.000000	31.569300	0.938404
1550.000000	31.481800	0.938256
1551.000000	31.396900	0.938016
1552.000000	31.311600	0.937954
1553.000000	31.226299	0.937720
1554.000000	31.142399	0.937442
1555.000000	31.056799	0.937270
1556.000000	30.973000	0.937155
1557.000000	30.887199	0.936940
1558.000000	30.801800	0.936854
1559.000000	30.716700	0.936844
1560.000000	30.631500	0.936907
1561.000000	30.545300	0.936950
1562.000000	30.460300	0.936964
1563.000000	30.372799	0.936844
1564.000000	30.289499	0.936811
1565.000000	30.201700	0.936510
1566.000000	30.115000	0.936132
1567.000000	30.032000	0.935821
1568.000000	29.948200	0.935361
1569.000000	29.862799	0.934768
1570.000000	29.948200	0.935361
1571.000000	29.777899	0.934242
1572.000000	29.694799	0.933740
1573.000000	29.608999	0.933276
1574.000000	29.521799	0.932888
1575.000000	29.436899	0.932496
1576.000000	29.353800	0.932166
1577.000000	29.266899	0.931879
1578.000000	29.183199	0.931688
1579.000000	29.097500	0.931668
1580.000000	29.013000	0.931735
1581.000000	28.929699	0.931922
1582.000000	28.843199	0.932037
1583.000000	28.758299	0.932190
1584.000000	28.671400	0.932242
1585.000000	28.586899	0.932195
1586.000000	28.501299	0.932257
1587.000000	28.415400	0.932486
1588.000000	28.329500	0.932558
1589.000000	28.245300	0.932711
1590.000000	28.161100	0.932984
1591.000000	28.074400	0.933056
1592.000000	27.988499	0.932955
1593.000000	27.901899	0.932931
1594.000000	27.818800	0.932836
1595.000000	27.733400	0.932745
1596.000000	27.648500	0.932692
1597.000000	27.563601	0.932625
1598.000000	27.476999	0.932558
1599.000000	27.392599	0.932597
1600.000000	27.306299	0.932506
1601.000000	27.224400	0.932429
1602.000000	27.137400	0.932424
1603.000000	27.051199	0.932333
1604.000000	26.965000	0.932152
1605.000000	26.880100	0.932075
1606.000000	26.793800	0.931912
1607.000000	26.710199	0.931697
1608.000000	26.623699	0.931458
1609.000000	26.538799	0.931243
1610.000000	26.455500	0.930965
1611.000000	26.370100	0.930717
1612.000000	26.284100	0.930477
1613.000000	26.198799	0.930358
1614.000000	26.114201	0.930315
1615.000000	26.030300	0.930171
1616.000000	25.942400	0.930061
1617.000000	25.860300	0.930166
1618.000000	25.773399	0.930219
1619.000000	25.687599	0.930296
1620.000000	25.603600	0.930544
1621.000000	25.518799	0.930745
1622.000000	25.432800	0.930889
1623.000000	25.346199	0.931142
1624.000000	25.260700	0.931238
1625.000000	25.175100	0.931314
1626.000000	25.088100	0.931401
1627.000000	25.003901	0.931439
1628.000000	24.918301	0.931391
1629.000000	24.833099	0.931405
1630.000000	24.746700	0.931391
1631.000000	24.661800	0.931324
1632.000000	24.574100	0.931300
1633.000000	24.491499	0.931195
1634.000000	24.405100	0.931042
1635.000000	24.319300	0.930769
1636.000000	24.234400	0.930573
1637.000000	24.149300	0.930152
1638.000000	24.065001	0.929808
1639.000000	23.980900	0.929501
1640.000000	23.894300	0.929267
1641.000000	23.809000	0.928985
1642.000000	23.724300	0.928932
1643.000000	23.638399	0.928951
1644.000000	23.551399	0.929014
1645.000000	23.465799	0.929076
1646.000000	23.383400	0.929214
1647.000000	23.298399	0.929315
1648.000000	23.212599	0.929157
1649.000000	23.124500	0.928932
1650.000000	23.040501	0.928918
1651.000000	22.953199	0.928880
1652.000000	22.868900	0.928717
1653.000000	22.782600	0.928750
1654.000000	22.699100	0.928779
1655.000000	22.615099	0.928530
1656.000000	22.527201	0.928334
1657.000000	22.442699	0.928253
1658.000000	22.357000	0.928133
1659.000000	22.272999	0.928028
1660.000000	22.188601	0.928038
1661.000000	22.102900	0.927832
1662.000000	22.017200	0.927679
1663.000000	21.933701	0.927540
1664.000000	21.847200	0.927473
1665.000000	21.760799	0.927368
1666.000000	21.677799	0.927545
1667.000000	21.593201	0.927684
1668.000000	21.504799	0.927880
1669.000000	21.419399	0.927995
1670.000000	21.334999	0.928129
1671.000000	21.249199	0.928267
1672.000000	21.164000	0.928325
1673.000000	21.078699	0.928358
1674.000000	20.992800	0.928516
1675.000000	20.909000	0.928750
1676.000000	20.823999	0.928779
1677.000000	20.738501	0.928803
1678.000000	20.652500	0.928693
1679.000000	20.567200	0.928497
1680.000000	20.482500	0.928152
1681.000000	20.398199	0.928062
1682.000000	20.310801	0.928019
1683.000000	20.223801	0.928047
1684.000000	20.140400	0.927995
1685.000000	20.054600	0.928057
1686.000000	19.969500	0.927937
1687.000000	19.884699	0.927894
1688.000000	19.800699	0.927880
1689.000000	19.712900	0.927908
1690.000000	19.628901	0.927956
1691.000000	19.541500	0.927961
1692.000000	19.455700	0.927866
1693.000000	19.370800	0.927688
1694.000000	19.285799	0.927569
1695.000000	19.198299	0.927349
1696.000000	19.112900	0.927167
1697.000000	19.027901	0.926913
1698.000000	18.941700	0.926804
1699.000000	18.858299	0.926627
1700.000000	18.773001	0.926382
1701.000000	18.686399	0.926229
1702.000000	18.600399	0.926124
1703.000000	18.516500	0.925895
1704.000000	18.431299	0.925742
1705.000000	18.348101	0.925493
1706.000000	18.264799	0.925158
1707.000000	18.178600	0.924866
1708.000000	18.090099	0.924703
1709.000000	18.004200	0.924589
1710.000000	17.919100	0.924622
1711.000000	17.834299	0.924770
1712.000000	17.748100	0.924909
1713.000000	17.663900	0.925048
1714.000000	17.580099	0.925278
1715.000000	17.491199	0.925679
1716.000000	17.407101	0.926014
1717.000000	17.321100	0.926430
1718.000000	17.236099	0.926789
1719.000000	17.152800	0.927052
1720.000000	17.066999	0.927186
1721.000000	16.981600	0.927344
1722.000000	16.895700	0.927378
1723.000000	16.810301	0.927416
1724.000000	16.723600	0.927425
1725.000000	16.638199	0.927535
1726.000000	16.551300	0.927578
1727.000000	16.467999	0.927621
1728.000000	16.383699	0.927775
1729.000000	16.295900	0.927908
1730.000000	16.209299	0.928071
1731.000000	16.126699	0.928219
1732.000000	16.041800	0.928416
1733.000000	15.954800	0.928626
1734.000000	15.869400	0.928789
1735.000000	15.784900	0.928779
1736.000000	15.698100	0.928865
1737.000000	15.613700	0.928889
1738.000000	15.529400	0.928698
1739.000000	15.442900	0.928521
1740.000000	15.358000	0.928449
1741.000000	15.269500	0.928425
1742.000000	15.185400	0.928363
1743.000000	15.099000	0.928478
1744.000000	15.013900	0.928645
1745.000000	14.927999	0.928693
1746.000000	14.842300	0.928502
1747.000000	14.755900	0.928483
1748.000000	14.670100	0.928358
1749.000000	14.583200	0.928114
1750.000000	14.498400	0.927803
1751.000000	14.414300	0.927736
1752.000000	14.326800	0.927526
1753.000000	14.242300	0.927301
1754.000000	14.157100	0.927043
1755.000000	14.069800	0.926971
1756.000000	13.985500	0.926737
1757.000000	13.899600	0.926483
1758.000000	13.815800	0.926325
1759.000000	13.729300	0.926229
1760.000000	13.645200	0.925904
1761.000000	13.559500	0.925655
1762.000000	13.474700	0.925478
1763.000000	13.389000	0.925273
1764.000000	13.303200	0.925034
1765.000000	13.217900	0.925072
1766.000000	13.131200	0.925254
1767.000000	13.046100	0.925541
1768.000000	12.961400	0.925861
1769.000000	12.874300	0.926273
1770.000000	12.790300	0.926646
1771.000000	12.703700	0.926827
1772.000000	12.619700	0.926923
1773.000000	12.533200	0.926890
1774.000000	12.446400	0.926918
1775.000000	12.361500	0.926842
1776.000000	12.275400	0.926794
1777.000000	12.192600	0.926698
1778.000000	12.106800	0.926674
1779.000000	12.021700	0.926646
1780.000000	11.936200	0.926598
1781.000000	11.848900	0.926540
1782.000000	11.764800	0.926526
1783.000000	11.680100	0.926583
1784.000000	11.595000	0.926650
1785.000000	11.510100	0.926847
1786.000000	11.425100	0.927129
1787.000000	11.337500	0.927440
1788.000000	11.250700	0.927856
1789.000000	11.165800	0.928148
1790.000000	11.081400	0.928439
1791.000000	10.995700	0.928770
1792.000000	10.909800	0.929138
1793.000000	10.824400	0.929401
1794.000000	10.737800	0.929846
1795.000000	10.652300	0.930286
1796.000000	10.567500	0.930606
1797.000000	10.479700	0.930960
1798.000000	10.395700	0.931300
1799.000000	10.307400	0.931530
1800.000000	10.220400	0.931769
1801.000000	10.134900	0.932061
1802.000000	10.046700	0.932199
1803.000000	9.961000	0.932242
1804.000000	9.876801	0.932286
1805.000000	9.790300	0.932242
1806.000000	9.703800	0.932099
1807.000000	9.617000	0.932018
1808.000000	9.529600	0.931855
1809.000000	9.446200	0.931645
1810.000000	9.360000	0.931214
1811.000000	9.275500	0.930826
1812.000000	9.190001	0.930358
1813.000000	9.102400	0.929999
1814.000000	9.016700	0.929688
1815.000000	8.931100	0.929415
1816.000000	8.846300	0.929191
1817.000000	8.759300	0.929119
1818.000000	8.675300	0.929100
1819.000000	8.588799	0.929090
1820.000000	8.502000	0.929372
1821.000000	8.415400	0.929774
1822.000000	8.330500	0.930162
1823.000000	8.245100	0.930497
1824.000000	8.160399	0.930898
1825.000000	8.073200	0.931358
1826.000000	7.986300	0.931888
1827.000000	7.898400	0.932424
1828.000000	7.810300	0.933108
1829.000000	7.724400	0.934008
1830.000000	7.639200	0.934720
1831.000000	7.555200	0.935127
1832.000000	7.468300	0.935342
1833.000000	7.380500	0.935601
1834.000000	7.292300	0.935811
1835.000000	7.204800	0.936519
1836.000000	7.117300	0.937897
1837.000000	7.028800	0.939715
1838.000000	6.942100	0.941422
1839.000000	6.854500	0.942633
1840.000000	6.772000	0.943077
1841.000000	6.685300	0.942561
1842.000000	6.599400	0.941374
1843.000000	6.513299	0.939930
1844.000000	6.427400	0.938528
1845.000000	6.342999	0.937505
1846.000000	6.255700	0.936782
1847.000000	6.169500	0.936323
1848.000000	6.084000	0.935907
1849.000000	5.999100	0.935663
1850.000000	5.913599	0.935247
1851.000000	5.827200	0.934682
1852.000000	5.743500	0.934118
1853.000000	5.655400	0.933749
1854.000000	5.569400	0.933682
1855.000000	5.480299	0.934017
1856.000000	5.392100	0.934902
1857.000000	5.306900	0.935974
1858.000000	5.220900	0.937088
1859.000000	5.132699	0.937911
1860.000000	5.043500	0.938303
1861.000000	4.958800	0.938552
1862.000000	4.874000	0.938839
1863.000000	4.787600	0.938882
1864.000000	4.700300	0.938715
1865.000000	4.615400	0.938189
1866.000000	4.529300	0.937189
1867.000000	4.444000	0.935892
1868.000000	4.360400	0.934687
1869.000000	4.271600	0.933721
1870.000000	4.183300	0.933194
1871.000000	4.097700	0.933070
1872.000000	4.012700	0.933209
1873.000000	3.924900	0.933386
1874.000000	3.840300	0.933606
1875.000000	3.756800	0.934161
1876.000000	3.666600	0.934730
1877.000000	3.581700	0.935098
1878.000000	3.494100	0.935486
1879.000000	3.408700	0.935921
1880.000000	3.321100	0.936146
1881.000000	3.234600	0.936065
1882.000000	3.150800	0.936031
1883.000000	3.062100	0.935974
1884.000000	2.977400	0.935902
1885.000000	2.890600	0.935524
1886.000000	2.803600	0.935103
1887.000000	2.718300	0.934682
1888.000000	2.634100	0.934409
1889.000000	2.546100	0.934242
1890.000000	2.460100	0.934328
1891.000000	2.371100	0.934845
1892.000000	2.285400	0.935648
1893.000000	2.199400	0.936462
1894.000000	2.115800	0.936969
1895.000000	2.028800	0.937304
1896.000000	1.945100	0.937428
1897.000000	1.857500	0.937332
1898.000000	1.771700	0.936806
1899.000000	1.685400	0.936117
1900.000000	1.601200	0.935692
1901.000000	1.514100	0.935333
1902.000000	1.425900	0.934902
1903.000000	1.340400	0.934936
1904.000000	1.252900	0.935629
1905.000000	1.166300	0.936189
1906.000000	1.077700	0.936624
1907.000000	0.992000	0.937337
1908.000000	0.906200	0.938160
1909.000000	0.819900	0.938456
1910.000000	0.735400	0.938677
1911.000000	0.648200	0.939002
1912.000000	0.560400	0.939332
1913.000000	0.474200	0.939337
1914.000000	0.385700	0.939614
1915.000000	0.299300	0.940121
1916.000000	0.213300	0.940805
1917.000000	0.126500	0.941092
1918.000000	0.040400	0.941269
1919.000000	-0.046000	0.941145
1920.000000	-0.133900	0.940858
1921.000000	-0.218400	0.940255
1922.000000	-0.306800	0.939700
1923.000000	-0.393200	0.939313
1924.000000	-0.478800	0.939284
1925.000000	-0.565900	0.939035
1926.000000	-0.650900	0.938696
1927.000000	-0.737200	0.938428
1928.000000	-0.823000	0.938322
1929.000000	-0.909200	0.937978
1930.000000	-0.997700	0.937696
1931.000000	-1.083600	0.937600
1932.000000	-1.169900	0.937763
1933.000000	-1.254900	0.937710
1934.000000	-1.342400	0.937562
1935.000000	-1.430000	0.937629
1936.000000	-1.513500	0.937768
1937.000000	-1.602100	0.937571
1938.000000	-1.688300	0.937318
1939.000000	-1.772600	0.937313
1940.000000	-1.860100	0.937131
1941.000000	-1.944300	0.936663
1942.000000	-2.029900	0.936304
1943.000000	-2.115500	0.936246
1944.000000	-2.202600	0.936113
1945.000000	-2.289100	0.935864
1946.000000	-2.376800	0.936093
1947.000000	-2.460000	0.936505
1948.000000	-2.549400	0.936567
1949.000000	-2.635700	0.936505
1950.000000	-2.720000	0.936873
1951.000000	-2.807400	0.937064
1952.000000	-2.893600	0.936878
1953.000000	-2.979000	0.936816
1954.000000	-3.065500	0.937069
1955.000000	-3.151600	0.936997
1956.000000	-3.238000	0.936854
1957.000000	-3.324400	0.937021
1958.000000	-3.412100	0.937356
1959.000000	-3.498600	0.937414
1960.000000	-3.582600	0.937691
1961.000000	-3.669100	0.938174
1962.000000	-3.756600	0.938480
1963.000000	-3.842000	0.938562
1964.000000	-3.926400	0.938944
1965.000000	-4.015700	0.939270
1966.000000	-4.099300	0.939294
1967.000000	-4.186600	0.939585
1968.000000	-4.273100	0.940207
1969.000000	-4.359900	0.940566
1970.000000	-4.448600	0.940733
1971.000000	-4.532700	0.941198
1972.000000	-4.621900	0.941561
1973.000000	-4.708000	0.941317
1974.000000	-4.795700	0.941059
1975.000000	-4.881600	0.941035
1976.000000	-4.970800	0.940834
1977.000000	-5.057300	0.940480
1978.000000	-5.143400	0.940681
1979.000000	-5.231600	0.941083
1980.000000	-5.318600	0.941264
1981.000000	-5.406300	0.941528
1982.000000	-5.492900	0.941862
1983.000000	-5.578800	0.941633
1984.000000	-5.666100	0.941279
1985.000000	-5.750600	0.940901
1986.000000	-5.840600	0.940116
1987.000000	-5.924200	0.939083
1988.000000	-6.011900	0.938404
1989.000000	-6.098000	0.937658
1990.000000	-6.185800	0.936825
1991.000000	-6.270800	0.936796
1992.000000	-6.353400	0.938624
1993.000000	-6.440300	0.943565
1994.000000	-6.525100	0.952721
1995.000000	-6.607700	0.968483
1996.000000	-6.687900	0.993052
1997.000000	-6.770100	1.027968
1998.000000	-6.845700	1.075259
1999.000000	-6.919600	1.138054
2000.000000	-6.996000	1.217305
2001.000000	-7.067900	1.313088
2002.000000	-7.138400	1.425327
2003.000000	-7.207200	1.552940
2004.000000	-7.276100	1.692871
2005.000000	-7.346500	1.842762
2006.000000	-7.413599	2.000197
2007.000000	-7.484800	2.161622
2008.000000	-7.555600	2.322314
2009.000000	-7.626200	2.479462
2010.000000	-7.701300	2.630491
2011.000000	-7.775000	2.772656
2012.000000	-7.848500	2.905704
2013.000000	-7.923900	3.030806
2014.000000	-7.997400	3.149316
2015.000000	-8.072399	3.263253
2016.000000	-8.146399	3.376023
2017.000000	-8.217600	3.490280
2018.000000	-8.288899	3.608508
2019.000000	-8.360800	3.733189
2020.000000	-8.429799	3.867227
2021.000000	-8.497299	4.012157
2022.000000	-8.566099	4.168707
2023.000000	-8.633300	4.336761
2024.000000	-8.696899	4.515417
2025.000000	-8.762500	4.702457
2026.000000	-8.828799	4.894741
2027.000000	-8.894600	5.087383
2028.000000	-8.965899	5.273615
2029.000000	-9.042500	5.443803
2030.000000	-9.122800	5.587806
2031.000000	-9.207000	5.697437
2032.000000	-9.294899	5.766891
2033.000000	-9.390399	5.791928
2034.000000	-9.494499	5.769632
2035.000000	-9.600499	5.698935
2036.000000	-9.707899	5.580697
2037.000000	-9.816400	5.419425
2038.000000	-9.928200	5.226190
2039.000000	-10.036200	5.017652
2040.000000	-10.136700	4.811534
2041.000000	-10.238299	4.622824
2042.000000	-10.334899	4.462299
2043.000000	-10.424000	4.335135
2044.000000	-10.513399	4.241313
2045.000000	-10.600300	4.177184
2046.000000	-10.686399	4.138656
2047.000000	-10.773099	4.120861
2048.000000	-10.857499	4.117321
2049.000000	-10.944799	4.120933
2050.000000	-11.029900	4.126027
2051.000000	-11.118899	4.126774
2052.000000	-11.209999	4.118010
2053.000000	-11.301899	4.096560
2054.000000	-11.395599	4.060735
2055.000000	-11.495899	4.008297
2056.000000	-11.592500	3.938025
2057.000000	-11.691500	3.850594
2058.000000	-11.791599	3.746626
2059.000000	-11.893700	3.626968
2060.000000	-11.996699	3.494987
2061.000000	-12.097599	3.357080
2062.000000	-12.193999	3.219947
2063.000000	-12.290400	3.089324
2064.000000	-12.387899	2.969164
2065.000000	-12.485199	2.860503
2066.000000	-12.580699	2.761190
2067.000000	-12.675900	2.668463
2068.000000	-12.770100	2.581683
2069.000000	-12.862499	2.501768
2070.000000	-12.951900	2.430807
2071.000000	-13.040400	2.369744
2072.000000	-13.132999	2.318243
2073.000000	-13.223599	2.275228
2074.000000	-13.315000	2.239796
2075.000000	-13.401400	2.210539
2076.000000	-13.487999	2.186205
2077.000000	-13.579000	2.163937
2078.000000	-13.671599	2.137995
2079.000000	-13.767599	2.100304
2080.000000	-13.864499	2.043121
2081.000000	-13.964899	1.962798
2082.000000	-14.065899	1.860725
2083.000000	-14.166299	1.743306
2084.000000	-14.262499	1.620638
2085.000000	-14.360499	1.502898
2086.000000	-14.456300	1.396424
2087.000000	-14.551199	1.304339
2088.000000	-14.640599	1.226954
2089.000000	-14.732999	1.162436
2090.000000	-14.822999	1.108874
2091.000000	-14.914199	1.064400
2092.000000	-15.003300	1.027700
2093.000000	-15.091700	0.997209
2094.000000	-15.181899	0.972028
2095.000000	-15.270100	0.950894
2096.000000	-15.357698	0.933529
2097.000000	-15.447100	0.919178
2098.000000	-15.532299	0.907210
2099.000000	-15.623299	0.897221
2100.000000	-15.712799	0.888979
2101.000000	-15.799700	0.882182
2102.000000	-15.887199	0.876173
2103.000000	-15.977299	0.870859
2104.000000	-16.063799	0.866128
2105.000000	-16.148800	0.861851
2106.000000	-16.238800	0.858038
2107.000000	-16.326300	0.854719
2108.000000	-16.412399	0.851848
2109.000000	-16.498400	0.849060
2110.000000	-16.584599	0.846601
2111.000000	-16.672499	0.844022
2112.000000	-16.759199	0.841540
2113.000000	-16.844500	0.839100
2114.000000	-16.932299	0.836766
2115.000000	-17.017700	0.834584
2116.000000	-17.101000	0.832752
2117.000000	-17.187899	0.830810
2118.000000	-17.273699	0.828748
2119.000000	-17.360600	0.826916
2120.000000	-17.449299	0.825299
2121.000000	-17.535799	0.824142
2122.000000	-17.623499	0.823668
2123.000000	-17.711399	0.823725
2124.000000	-17.798698	0.824012
2125.000000	-17.885199	0.824352
2126.000000	-17.970400	0.824161
2127.000000	-18.057299	0.823477
2128.000000	-18.145199	0.822649
2129.000000	-18.231100	0.821688
2130.000000	-18.317400	0.820726
2131.000000	-18.403299	0.820047
2132.000000	-18.492498	0.819525
2133.000000	-18.580299	0.818889
2134.000000	-18.665800	0.818138
2135.000000	-18.750099	0.817296
2136.000000	-18.837198	0.816129
2137.000000	-18.921400	0.814790
2138.000000	-19.007299	0.813417
2139.000000	-19.096300	0.812259
2140.000000	-19.184198	0.811097
2141.000000	-19.268499	0.810302
2142.000000	-19.354300	0.809800
2143.000000	-19.442200	0.809379
2144.000000	-19.527199	0.809030
2145.000000	-19.617800	0.808733
2146.000000	-19.707199	0.808456
2147.000000	-19.794600	0.808207
2148.000000	-19.882999	0.808155
2149.000000	-19.968498	0.808308
2150.000000	-20.056799	0.808561
2151.000000	-20.145498	0.808652
2152.000000	-20.233500	0.808690
2153.000000	-20.321999	0.808370
2154.000000	-20.408499	0.807528
2155.000000	-20.493799	0.806385
2156.000000	-20.580299	0.804811
2157.000000	-20.665699	0.802328
2158.000000	-20.751400	0.799401
2159.000000	-20.835499	0.796296
2160.000000	-20.921499	0.793263
2161.000000	-21.006498	0.790556
2162.000000	-21.094700	0.788838
2163.000000	-21.181999	0.788058
2164.000000	-21.268799	0.787987
2165.000000	-21.356899	0.788322
2166.000000	-21.441999	0.788250
2167.000000	-21.522499	0.786332
2168.000000	-21.596399	0.780252
2169.000000	-21.649599	0.767230
2170.000000	-21.685799	0.744001
2171.000000	-21.706099	0.707746
2172.000000	-21.706999	0.656389
2173.000000	-21.690300	0.589829
2174.000000	-21.660898	0.509162
2175.000000	-21.618599	0.417125
2176.000000	-21.563599	0.317673
2177.000000	-21.504099	0.214963
2178.000000	-21.436199	0.112789
2179.000000	-21.362999	0.014404
2180.000000	-21.285599	-0.077868
2181.000000	-21.204300	-0.162577
2182.000000	-21.123299	-0.238809
2183.000000	-21.042700	-0.306484
2184.000000	-20.955599	-0.365562
2185.000000	-20.867899	-0.416598
2186.000000	-20.778099	-0.460326
2187.000000	-20.692699	-0.497303
2188.000000	-20.604198	-0.528421
2189.000000	-20.516298	-0.554640
2190.000000	-20.428598	-0.576468
2191.000000	-20.340399	-0.594378
2192.000000	-20.253300	-0.609274
2193.000000	-20.161999	-0.621454
2194.000000	-20.073399	-0.631384
2195.000000	-19.986099	-0.639416
2196.000000	-19.898699	-0.646041
2197.000000	-19.809700	-0.651428
2198.000000	-19.724100	-0.655848
2199.000000	-19.633099	-0.659263
2200.000000	-19.545099	-0.662191
2201.000000	-19.458899	-0.664492
2202.000000	-19.369299	-0.666353
2203.000000	-19.281500	-0.667931
2204.000000	-19.194899	-0.669395
2205.000000	-19.106100	-0.670448
2206.000000	-19.019299	-0.671490
2207.000000	-18.931700	-0.672414
2208.000000	-18.844200	-0.673146
2209.000000	-18.757500	-0.673753
2210.000000	-18.670599	-0.674337
2211.000000	-18.583099	-0.674806
2212.000000	-18.497499	-0.675150
2213.000000	-18.411400	-0.675461
2214.000000	-18.325298	-0.675686
2215.000000	-18.240900	-0.675801
2216.000000	-18.153299	-0.675781
2217.000000	-18.065899	-0.675805
2218.000000	-17.979500	-0.675848
2219.000000	-17.893200	-0.675896
2220.000000	-17.806799	-0.676097
2221.000000	-17.722799	-0.676437
2222.000000	-17.635500	-0.676600
2223.000000	-17.549000	-0.676776
2224.000000	-17.462700	-0.677035
2225.000000	-17.377100	-0.677312
2226.000000	-17.289700	-0.677709
2227.000000	-17.202200	-0.678345
2228.000000	-17.118198	-0.678958
2229.000000	-17.030199	-0.679537
2230.000000	-16.944799	-0.680101
2231.000000	-16.857899	-0.680589
2232.000000	-16.771000	-0.681086
2233.000000	-16.683699	-0.681608
2234.000000	-16.598200	-0.682225
2235.000000	-16.511398	-0.682780
2236.000000	-16.425699	-0.683292
2237.000000	-16.339800	-0.683737
2238.000000	-16.251400	-0.684129
2239.000000	-16.161699	-0.684492
2240.000000	-16.076899	-0.684837
2241.000000	-15.989899	-0.685200
2242.000000	-15.904299	-0.685535
2243.000000	-15.819099	-0.685928
2244.000000	-15.730799	-0.686286
2245.000000	-15.643400	-0.686750
2246.000000	-15.557699	-0.687147
2247.000000	-15.470600	-0.687669
2248.000000	-15.382599	-0.688190
2249.000000	-15.298100	-0.688817
2250.000000	-15.210699	-0.689444
2251.000000	-15.122000	-0.690104
2252.000000	-15.035099	-0.690692
2253.000000	-14.949999	-0.691333
2254.000000	-14.862000	-0.691912
2255.000000	-14.774400	-0.692510
2256.000000	-14.688000	-0.693079
2257.000000	-14.600399	-0.693644
2258.000000	-14.512300	-0.694136
2259.000000	-14.425799	-0.694519
2260.000000	-14.337199	-0.694830
2261.000000	-14.250199	-0.695098
2262.000000	-14.164800	-0.695251
2263.000000	-14.076900	-0.695457
2264.000000	-13.993199	-0.695533
2265.000000	-13.904399	-0.695715
2266.000000	-13.819599	-0.695849
2267.000000	-13.734300	-0.696026
2268.000000	-13.648600	-0.696122
2269.000000	-13.563399	-0.696337
2270.000000	-13.475699	-0.696399
2271.000000	-13.389600	-0.696586
2272.000000	-13.304299	-0.696710
2273.000000	-13.219299	-0.696844
2274.000000	-13.133100	-0.696834
2275.000000	-13.048399	-0.696777
2276.000000	-12.960299	-0.696562
2277.000000	-12.873799	-0.696423
2278.000000	-12.787299	-0.696236
2279.000000	-12.701900	-0.696078
2280.000000	-12.616400	-0.696011
2281.000000	-12.529599	-0.695935
2282.000000	-12.443299	-0.695820
2283.000000	-12.357800	-0.695648
2284.000000	-12.272399	-0.695562
2285.000000	-12.185200	-0.695457
2286.000000	-12.099899	-0.695356
2287.000000	-12.012599	-0.695394
2288.000000	-11.926499	-0.695586
2289.000000	-11.841499	-0.695796
2290.000000	-11.754700	-0.696011
2291.000000	-11.668099	-0.696342
2292.000000	-11.582999	-0.696681
2293.000000	-11.497999	-0.696920
2294.000000	-11.408899	-0.697074
2295.000000	-11.321799	-0.697294
2296.000000	-11.234499	-0.697475
2297.000000	-11.149400	-0.697494
2298.000000	-11.064500	-0.697428
2299.000000	-10.978100	-0.697399
2300.000000	-10.892400	-0.697227
2301.000000	-10.806199	-0.696839
2302.000000	-10.720099	-0.696547
2303.000000	-10.631599	-0.696275
2304.000000	-10.546299	-0.696174
2305.000000	-10.460999	-0.696112
2306.000000	-10.373799	-0.696165
2307.000000	-10.288099	-0.696160
2308.000000	-10.202399	-0.696308
2309.000000	-10.113099	-0.696361
2310.000000	-10.028700	-0.696389
2311.000000	-9.941199	-0.696523
2312.000000	-9.855800	-0.696667
2313.000000	-9.769699	-0.696791
2314.000000	-9.684299	-0.696810
2315.000000	-9.595400	-0.696930
2316.000000	-9.509899	-0.696935
2317.000000	-9.422099	-0.696940
2318.000000	-9.336499	-0.696753
2319.000000	-9.249499	-0.696681
2320.000000	-9.165699	-0.696471
2321.000000	-9.078899	-0.696251
2322.000000	-8.992299	-0.695983
2323.000000	-8.903799	-0.695777
2324.000000	-8.822100	-0.695385
2325.000000	-8.735800	-0.695155
2326.000000	-8.650000	-0.694940
2327.000000	-8.562599	-0.694639
2328.000000	-8.476500	-0.694457
2329.000000	-8.388800	-0.694414
2330.000000	-8.304399	-0.694117
2331.000000	-8.219000	-0.693835
2332.000000	-8.132299	-0.693553
2333.000000	-8.044800	-0.693361
2334.000000	-7.958700	-0.692993
2335.000000	-7.872900	-0.692663
2336.000000	-7.786800	-0.692338
2337.000000	-7.700000	-0.691965
2338.000000	-7.614400	-0.691280
2339.000000	-7.529000	-0.690596
2340.000000	-7.446100	-0.689998
2341.000000	-7.359300	-0.689310
2342.000000	-7.273900	-0.688788
2343.000000	-7.187400	-0.688315
2344.000000	-7.101200	-0.687937
2345.000000	-7.016800	-0.687458
2346.000000	-6.930200	-0.687234
2347.000000	-6.842600	-0.687014
2348.000000	-6.755700	-0.686985
2349.000000	-6.673000	-0.686961
2350.000000	-6.585100	-0.687157
2351.000000	-6.499600	-0.687339
2352.000000	-6.412900	-0.687415
2353.000000	-6.327400	-0.687367
2354.000000	-6.240900	-0.687444
2355.000000	-6.153100	-0.687377
2356.000000	-6.066700	-0.687167
2357.000000	-5.980800	-0.686990
2358.000000	-5.895000	-0.686846
2359.000000	-5.810000	-0.686573
2360.000000	-5.724200	-0.686258
2361.000000	-5.637400	-0.686014
2362.000000	-5.548900	-0.685832
2363.000000	-5.463400	-0.685784
2364.000000	-5.375600	-0.685832
2365.000000	-5.289700	-0.686085
2366.000000	-5.205000	-0.686148
2367.000000	-5.117600	-0.686310
2368.000000	-5.029100	-0.686482
2369.000000	-4.942100	-0.686554
2370.000000	-4.854800	-0.686640
2371.000000	-4.768700	-0.686813
2372.000000	-4.681600	-0.686903
2373.000000	-4.595200	-0.686894
2374.000000	-4.505900	-0.686975
2375.000000	-4.420600	-0.686808
2376.000000	-4.331600	-0.686612
2377.000000	-4.245900	-0.686282
2378.000000	-4.161000	-0.685712
2379.000000	-4.076100	-0.685038
2380.000000	-3.989700	-0.684282
2381.000000	-3.902700	-0.683440
2382.000000	-3.817500	-0.682502
2383.000000	-3.732000	-0.681661
2384.000000	-3.647400	-0.680690
2385.000000	-3.557500	-0.679790
2386.000000	-3.471300	-0.679034
2387.000000	-3.386900	-0.678302
2388.000000	-3.297800	-0.677527
2389.000000	-3.212500	-0.676901
2390.000000	-3.126500	-0.676150
2391.000000	-3.041700	-0.675188
2392.000000	-2.958100	-0.674160
2393.000000	-2.868200	-0.673050
2394.000000	-2.781500	-0.671610
2395.000000	-2.696700	-0.670185
2396.000000	-2.610400	-0.668711
2397.000000	-2.525100	-0.667075
2398.000000	-2.439200	-0.665301
2399.000000	-2.353300	-0.663583
2400.000000	-2.267200	-0.661674
2401.000000	-2.181300	-0.659771
2402.000000	-2.093400	-0.657809
2403.000000	-2.008900	-0.655838
2404.000000	-1.923000	-0.653585
2405.000000	-1.836400	-0.651337
2406.000000	-1.749600	-0.648888
2407.000000	-1.662500	-0.646223
2408.000000	-1.577100	-0.643430
2409.000000	-1.491300	-0.640583
2410.000000	-1.405600	-0.637421
2411.000000	-1.318300	-0.633953
2412.000000	-1.232600	-0.630423
2413.000000	-1.145700	-0.626610
2414.000000	-1.060000	-0.622683
2415.000000	-0.974900	-0.618502
2416.000000	-0.888000	-0.614369
2417.000000	-0.801300	-0.609973
2418.000000	-0.717000	-0.605443
2419.000000	-0.629500	-0.600664
2420.000000	-0.540700	-0.595770
2421.000000	-0.455800	-0.590484
2422.000000	-0.369600	-0.585002
2423.000000	-0.284100	-0.579061
2424.000000	-0.196800	-0.572876
2425.000000	-0.110200	-0.566485
2426.000000	-0.021300	-0.559840
2427.000000	0.065500	-0.552875
2428.000000	0.151500	-0.545810
2429.000000	0.240600	-0.538400
2430.000000	0.325500	-0.530693
2431.000000	0.411600	-0.522638
2432.000000	0.501200	-0.514147
2433.000000	0.588200	-0.505546
2434.000000	0.674400	-0.496715
2435.000000	0.761100	-0.487880
2436.000000	0.848300	-0.479092
2437.000000	0.931100	-0.470405
2438.000000	1.020500	-0.461771
2439.000000	1.106400	-0.453490
2440.000000	1.192600	-0.445487
2441.000000	1.278800	-0.437671
2442.000000	1.365200	-0.430375
2443.000000	1.453400	-0.423444
2444.000000	1.538900	-0.416838
2445.000000	1.626200	-0.410518
2446.000000	1.714900	-0.404874
2447.000000	1.799000	-0.399760
2448.000000	1.884900	-0.395192
2449.000000	1.969600	-0.391331
2450.000000	2.056700	-0.388198
2451.000000	2.141600	-0.385792
2452.000000	2.229600	-0.384304
2453.000000	2.314200	-0.383797
2454.000000	2.398100	-0.384223
2455.000000	2.486400	-0.385591
2456.000000	2.569500	-0.388117
2457.000000	2.654900	-0.391484
2458.000000	2.743000	-0.395761
2459.000000	2.827400	-0.400846
2460.000000	2.912500	-0.406629
2461.000000	2.997900	-0.412757
2462.000000	3.082300	-0.419440
2463.000000	3.167300	-0.426501
2464.000000	3.252900	-0.433844
2465.000000	3.338900	-0.441450
2466.000000	3.423300	-0.449433
2467.000000	3.509000	-0.457671
2468.000000	3.590700	-0.466033
2469.000000	3.676000	-0.474509
2470.000000	3.761100	-0.483125
2471.000000	3.847700	-0.491912
2472.000000	3.935100	-0.500609
2473.000000	4.018900	-0.509296
2474.000000	4.104000	-0.517935
2475.000000	4.187200	-0.526489
2476.000000	4.274400	-0.534693
2477.000000	4.360300	-0.542729
2478.000000	4.446500	-0.550493
2479.000000	4.532800	-0.558137
2480.000000	4.616500	-0.565542
2481.000000	4.701500	-0.572770
2482.000000	4.788100	-0.579903
2483.000000	4.870700	-0.586968
2484.000000	4.959900	-0.593814
2485.000000	5.044300	-0.600702
2486.000000	5.130700	-0.607519
2487.000000	5.216900	-0.614063
2488.000000	5.302100	-0.620621
2489.000000	5.386199	-0.627098
2490.000000	5.472300	-0.633207
2491.000000	5.558500	-0.639340
2492.000000	5.646600	-0.645334
2493.000000	5.730500	-0.651127
2494.000000	5.816300	-0.656781
2495.000000	5.901700	-0.662416
2496.000000	5.986600	-0.667673
2497.000000	6.071100	-0.673026
2498.000000	6.156000	-0.678149
2499.000000	6.241100	-0.683100
2500.000000	6.326700	-0.687736
2501.000000	6.412100	-0.692419
2502.000000	6.497300	-0.696844
2503.000000	6.581800	-0.701106
2504.000000	6.666700	-0.705378
2505.000000	6.752600	-0.709573
2506.000000	6.837500	-0.713520
2507.000000	6.922300	-0.717490
2508.000000	7.006600	-0.721312
2509.000000	7.092200	-0.724986
2510.000000	7.178699	-0.728794
2511.000000	7.264100	-0.732396
2512.000000	7.349100	-0.735768
2513.000000	7.433300	-0.739098
2514.000000	7.518500	-0.742260
2515.000000	7.603199	-0.745221
2516.000000	7.691100	-0.748153
2517.000000	7.777100	-0.750966
2518.000000	7.862900	-0.753669
2519.000000	7.949000	-0.756242
2520.000000	8.033299	-0.758629
2521.000000	8.119900	-0.760983
2522.000000	8.204000	-0.763317
2523.000000	8.287900	-0.765685
2524.000000	8.375400	-0.768015
2525.000000	8.460000	-0.770258
2526.000000	8.546200	-0.772631
2527.000000	8.631700	-0.775157
2528.000000	8.715900	-0.777616
2529.000000	8.803600	-0.780089
2530.000000	8.891000	-0.782553
2531.000000	8.975700	-0.784863
2532.000000	9.061600	-0.787035
2533.000000	9.147900	-0.789154
2534.000000	9.234000	-0.791220
2535.000000	9.318501	-0.793253
2536.000000	9.405500	-0.795057
2537.000000	9.490900	-0.796679
2538.000000	9.572701	-0.798190
2539.000000	9.657800	-0.799539
2540.000000	9.743100	-0.800917
2541.000000	9.828000	-0.802529
2542.000000	9.914701	-0.804342
2543.000000	10.002300	-0.806409
2544.000000	10.088100	-0.808686
2545.000000	10.172800	-0.811317
2546.000000	10.257500	-0.813857
2547.000000	10.344700	-0.816454
2548.000000	10.429600	-0.818851
2549.000000	10.517600	-0.821357
2550.000000	10.602201	-0.823639
2551.000000	10.689200	-0.826017
2552.000000	10.773200	-0.828433
2553.000000	10.858400	-0.830953
2554.000000	10.942000	-0.833527
2555.000000	11.029000	-0.836091
2556.000000	11.115700	-0.838780
2557.000000	11.202700	-0.841478
2558.000000	11.285400	-0.844271
2559.000000	11.372200	-0.847228
2560.000000	11.457700	-0.850270
2561.000000	11.543700	-0.853293
2562.000000	11.628500	-0.856135
2563.000000	11.715600	-0.859033
2564.000000	11.799900	-0.861669
2565.000000	11.886500	-0.864133
2566.000000	11.970000	-0.866649
2567.000000	12.052700	-0.869361
2568.000000	12.139200	-0.872055
2569.000000	12.225900	-0.874781
2570.000000	12.311100	-0.877752
2571.000000	12.398000	-0.880737
2572.000000	12.484500	-0.883669
2573.000000	12.569600	-0.886755
2574.000000	12.654000	-0.889883
2575.000000	12.740800	-0.893055
2576.000000	12.827400	-0.896164
2577.000000	12.912900	-0.899360
2578.000000	12.997300	-0.902498
2579.000000	13.083500	-0.905865
2580.000000	13.167800	-0.909267
2581.000000	13.252800	-0.912811
2582.000000	13.338600	-0.916337
2583.000000	13.423700	-0.919810
2584.000000	13.507000	-0.923292
2585.000000	13.591400	-0.926765
2586.000000	13.676400	-0.930429
2587.000000	13.762100	-0.934285
2588.000000	13.847700	-0.938351
2589.000000	13.933200	-0.942700
2590.000000	14.017700	-0.947340
2591.000000	14.102800	-0.952047
2592.000000	14.188900	-0.956893
2593.000000	14.271300	-0.961935
2594.000000	14.356800	-0.967000
2595.000000	14.440500	-0.972138
2596.000000	14.525300	-0.977587
2597.000000	14.609300	-0.983322
2598.000000	14.695400	-0.989307
2599.000000	14.780500	-0.995640
2600.000000	14.865100	-1.002452
2601.000000	14.950600	-1.009532
2602.000000	15.035600	-1.016860
2603.000000	15.121799	-1.024567
2604.000000	15.205200	-1.032685
2605.000000	15.292100	-1.041104
2606.000000	15.376100	-1.049882
2607.000000	15.463900	-1.059263
2608.000000	15.547900	-1.068916
2609.000000	15.632300	-1.078986
2610.000000	15.715199	-1.089424
2611.000000	15.800300	-1.100407
2612.000000	15.884200	-1.111648
2613.000000	15.968900	-1.123660
2614.000000	16.053900	-1.136093
2615.000000	16.137699	-1.149114
2616.000000	16.222000	-1.162795
2617.000000	16.306599	-1.177228
2618.000000	16.390499	-1.192621
2619.000000	16.472198	-1.209311
2620.000000	16.558100	-1.227662
2621.000000	16.642099	-1.248246
2622.000000	16.724300	-1.271853
2623.000000	16.806000	-1.298957
2624.000000	16.885799	-1.330606
2625.000000	16.965599	-1.367851
2626.000000	17.046299	-1.411062
2627.000000	17.126301	-1.460664
2628.000000	17.204399	-1.516694
2629.000000	17.284500	-1.578595
2630.000000	17.361099	-1.645346
2631.000000	17.438999	-1.716082
2632.000000	17.518200	-1.789736
2633.000000	17.595400	-1.865633
2634.000000	17.673700	-1.943085
2635.000000	17.751400	-2.021886
2636.000000	17.830099	-2.101773
2637.000000	17.906300	-2.182870
2638.000000	17.982300	-2.265101
2639.000000	18.059799	-2.349016
2640.000000	18.136000	-2.434500
2641.000000	18.214600	-2.522247
2642.000000	18.289999	-2.612657
2643.000000	18.364799	-2.706379
2644.000000	18.440500	-2.803678
2645.000000	18.513700	-2.905728
2646.000000	18.588200	-3.012857
2647.000000	18.661699	-3.125747
2648.000000	18.734200	-3.244822
2649.000000	18.805901	-3.370607
2650.000000	18.876101	-3.503349
2651.000000	18.944700	-3.643725
2652.000000	19.012899	-3.791961
2653.000000	19.083200	-3.948511
2654.000000	19.149200	-4.113882
2655.000000	19.214199	-4.288375
2656.000000	19.277800	-4.472206
2657.000000	19.342100	-4.665843
2658.000000	19.403999	-4.869727
2659.000000	19.465200	-5.084024
2660.000000	19.528299	-5.308909
2661.000000	19.586399	-5.544265
2662.000000	19.647301	-5.790307
2663.000000	19.705601	-6.046591
2664.000000	19.762600	-6.312624
2665.000000	19.818600	-6.588105
2666.000000	19.872999	-6.872646
2667.000000	19.931400	-7.165065
2668.000000	19.981300	-7.464570
2669.000000	20.036200	-7.770030
2670.000000	20.087999	-8.079915
2671.000000	20.143700	-8.391594
2672.000000	20.201099	-8.702239
2673.000000	20.259699	-9.006403
2674.000000	20.323200	-9.296808
2675.000000	20.389999	-9.562254
2676.000000	20.468000	-9.787821
2677.000000	20.555000	-9.954632
2678.000000	20.658300	-10.042939
2679.000000	20.772200	-10.032194
2680.000000	20.904800	-9.902606
2681.000000	21.056499	-9.630832
2682.000000	21.234699	-9.187856
2683.000000	21.427000	-8.558830
2684.000000	21.609400	-7.772107
2685.000000	21.780001	-6.887360
2686.000000	21.934401	-5.975607
2687.000000	22.078100	-5.113234
2688.000000	22.207899	-4.361172
2689.000000	22.331299	-3.736504
2690.000000	22.446899	-3.225041
2691.000000	22.558500	-2.807199
2692.000000	22.665300	-2.466067
2693.000000	22.767300	-2.187621
2694.000000	22.868000	-1.960110
2695.000000	22.964600	-1.774481
2696.000000	23.059200	-1.622949
2697.000000	23.150700	-1.499373
2698.000000	23.244999	-1.398515
2699.000000	23.335400	-1.316470
2700.000000	23.426800	-1.249461
2701.000000	23.517500	-1.194564
2702.000000	23.603800	-1.149569
2703.000000	23.691500	-1.112754
2704.000000	23.777500	-1.082535
2705.000000	23.866800	-1.057742
2706.000000	23.952900	-1.037468
2707.000000	24.039700	-1.020683
2708.000000	24.125299	-1.006724
2709.000000	24.209499	-0.995195
2710.000000	24.296499	-0.985446
2711.000000	24.382500	-0.977496
2712.000000	24.469299	-0.970928
2713.000000	24.556000	-0.965704
2714.000000	24.639099	-0.961562
2715.000000	24.727100	-0.958352
2716.000000	24.812599	-0.955778
2717.000000	24.897200	-0.953922
2718.000000	24.981199	-0.952453
2719.000000	25.070700	-0.951200
2720.000000	25.153099	-0.950306
2721.000000	25.238800	-0.949674
2722.000000	25.324200	-0.949234
2723.000000	25.411400	-0.949057
2724.000000	25.496901	-0.948990
2725.000000	25.584400	-0.949138
2726.000000	25.669600	-0.949411
2727.000000	25.754700	-0.949789
2728.000000	25.840000	-0.950105
2729.000000	25.924601	-0.950545
2730.000000	26.010599	-0.950736
2731.000000	26.096500	-0.950927
2732.000000	26.181200	-0.951047
2733.000000	26.266899	-0.951320
2734.000000	26.352699	-0.951516
2735.000000	26.438000	-0.951803
2736.000000	26.521999	-0.952071
2737.000000	26.609400	-0.952229
2738.000000	26.693100	-0.952348
2739.000000	26.780300	-0.952549
2740.000000	26.864100	-0.952836
2741.000000	26.949999	-0.953180
2742.000000	27.035900	-0.953668
2743.000000	27.122700	-0.954142
2744.000000	27.209000	-0.954587
2745.000000	27.294699	-0.955084
2746.000000	27.380100	-0.955491
2747.000000	27.464199	-0.955769
2748.000000	27.551100	-0.955974
2749.000000	27.635799	-0.956189
2750.000000	27.721199	-0.956189
2751.000000	27.806900	-0.956098
2752.000000	27.890299	-0.956070
2753.000000	27.975300	-0.956051
2754.000000	28.060801	-0.955931
2755.000000	28.146900	-0.955936
2756.000000	28.231499	-0.956027
2757.000000	28.319000	-0.956209
2758.000000	28.403900	-0.956409
2759.000000	28.488800	-0.956697
2760.000000	28.575399	-0.957141
2761.000000	28.660000	-0.957577
2762.000000	28.745800	-0.958127
2763.000000	28.829700	-0.958643
2764.000000	28.917400	-0.959289
2765.000000	29.003399	-0.959863
2766.000000	29.088800	-0.960437
2767.000000	29.174700	-0.960849
2768.000000	29.257200	-0.961260
2769.000000	29.343700	-0.961423
2770.000000	29.429199	-0.961337
2771.000000	29.515100	-0.961203
2772.000000	29.601700	-0.960925
2773.000000	29.686800	-0.960648
2774.000000	29.772600	-0.960480
2775.000000	29.856100	-0.960566
2776.000000	29.942699	-0.960820
2777.000000	30.028200	-0.961418
2778.000000	30.113600	-0.961978
2779.000000	30.199699	-0.962729
2780.000000	30.285200	-0.963451
2781.000000	30.369099	-0.964082
2782.000000	30.457500	-0.964704
2783.000000	30.543299	-0.965441
2784.000000	30.629099	-0.966120
2785.000000	30.715200	-0.966618
2786.000000	30.800100	-0.967029
2787.000000	30.884600	-0.967225
2788.000000	30.969799	-0.967493
2789.000000	31.056599	-0.967665
2790.000000	31.142500	-0.967909
2791.000000	31.226999	-0.968259
2792.000000	31.312500	-0.968766
2793.000000	31.396799	-0.969244
2794.000000	31.481800	-0.969813
2795.000000	31.569700	-0.970435
2796.000000	31.656099	-0.970980
2797.000000	31.740099	-0.971296
2798.000000	31.825100	-0.971598
2799.000000	31.911600	-0.971736
2800.000000	31.994799	-0.971803
2801.000000	32.080997	-0.971971
2802.000000	32.167000	-0.972234
2803.000000	32.253597	-0.972329
2804.000000	32.337299	-0.972430
2805.000000	32.421097	-0.972703
2806.000000	32.505199	-0.972803
2807.000000	32.590397	-0.972870
2808.000000	32.677898	-0.973052
2809.000000	32.762199	-0.973234
2810.000000	32.849400	-0.973387
2811.000000	32.933701	-0.973640
2812.000000	33.017700	-0.973999
2813.000000	33.102398	-0.974319
2814.000000	33.189499	-0.974607
2815.000000	33.272900	-0.974898
2816.000000	33.358601	-0.975204
2817.000000	33.443199	-0.975544
2818.000000	33.528400	-0.975850
2819.000000	33.613201	-0.976214
2820.000000	33.697998	-0.976663
2821.000000	33.784100	-0.977223
2822.000000	33.871498	-0.977654
2823.000000	33.955601	-0.978213
2824.000000	34.040901	-0.978917
2825.000000	34.126598	-0.979677
2826.000000	34.212200	-0.980342
2827.000000	34.297798	-0.981213
2828.000000	34.382999	-0.981992
2829.000000	34.470299	-0.982696
2830.000000	34.555000	-0.983265
2831.000000	34.641399	-0.983810
2832.000000	34.727699	-0.984092
2833.000000	34.812698	-0.984327
2834.000000	34.897999	-0.984566
2835.000000	34.981800	-0.984829
2836.000000	35.065998	-0.984977
2837.000000	35.151100	-0.985111
2838.000000	35.237301	-0.985379
2839.000000	35.322399	-0.985528
2840.000000	35.408199	-0.985657
2841.000000	35.494900	-0.986030
2842.000000	35.579601	-0.986647
2843.000000	35.662998	-0.987259
2844.000000	35.748001	-0.987991
2845.000000	35.835800	-0.988666
2846.000000	35.920498	-0.989340
2847.000000	36.004101	-0.990082
2848.000000	36.090199	-0.990804
2849.000000	36.175800	-0.991593
2850.000000	36.260700	-0.992502
2851.000000	36.347099	-0.993401
2852.000000	36.431599	-0.994129
2853.000000	36.516098	-0.994894
2854.000000	36.601498	-0.995525
2855.000000	36.687500	-0.996138
2856.000000	36.771400	-0.996578
2857.000000	36.857098	-0.997027
2858.000000	36.941700	-0.997520
2859.000000	37.026299	-0.998070
2860.000000	37.110699	-0.998668
2861.000000	37.197998	-0.999477
2862.000000	37.280998	-1.000199
2863.000000	37.368298	-1.000902
2864.000000	37.450600	-1.001682
2865.000000	37.537598	-1.002390
2866.000000	37.622799	-1.003026
2867.000000	37.706299	-1.003787
2868.000000	37.793999	-1.004600
2869.000000	37.879200	-1.005322
2870.000000	37.965099	-1.006002
2871.000000	38.049500	-1.006576
2872.000000	38.132900	-1.007121
2873.000000	38.219200	-1.007623
2874.000000	38.304001	-1.007934
2875.000000	38.388100	-1.008130
2876.000000	38.472698	-1.008360
2877.000000	38.557899	-1.008723
2878.000000	38.643799	-1.009073
2879.000000	38.730999	-1.009752
2880.000000	38.815300	-1.010675
2881.000000	38.899799	-1.011732
2882.000000	38.983898	-1.012861
2883.000000	39.068699	-1.014014
2884.000000	39.153801	-1.015100
2885.000000	39.237900	-1.016143
2886.000000	39.325298	-1.017215
2887.000000	39.409599	-1.018061
2888.000000	39.495399	-1.018879
2889.000000	39.579399	-1.019783
2890.000000	39.663898	-1.020730
2891.000000	39.749901	-1.021592
2892.000000	39.834999	-1.022539
2893.000000	39.921700	-1.023562
2894.000000	40.005199	-1.024428
2895.000000	40.090500	-1.025194
2896.000000	40.174900	-1.026141
2897.000000	40.259598	-1.027188
2898.000000	40.345798	-1.028255
2899.000000	40.430298	-1.029652
2900.000000	40.515800	-1.031255
2901.000000	40.601799	-1.032814
2902.000000	40.687298	-1.034536
2903.000000	40.769897	-1.036392
2904.000000	40.854298	-1.038220
2905.000000	40.939800	-1.040095
2906.000000	41.026897	-1.041884
2907.000000	41.111401	-1.043501
2908.000000	41.195400	-1.045007
2909.000000	41.281200	-1.046663
2910.000000	41.366001	-1.048437
2911.000000	41.450199	-1.050346
2912.000000	41.536499	-1.052594
2913.000000	41.622898	-1.055072
2914.000000	41.705399	-1.057522
2915.000000	41.791401	-1.060066
2916.000000	41.875900	-1.062841
2917.000000	41.960197	-1.065558
2918.000000	42.046700	-1.068390
2919.000000	42.130699	-1.071518
2920.000000	42.213501	-1.074857
2921.000000	42.298798	-1.078350
2922.000000	42.381500	-1.082459
2923.000000	42.466400	-1.087266
2924.000000	42.549301	-1.092911
2925.000000	42.633698	-1.099661
2926.000000	42.719799	-1.107984
2927.000000	42.802299	-1.118212
2928.000000	42.885300	-1.131520
2929.000000	42.966000	-1.149726
2930.000000	43.045998	-1.175611
2931.000000	43.126198	-1.211517
2932.000000	43.206100	-1.256904
2933.000000	43.286198	-1.306534
2934.000000	43.372898	-1.353515
2935.000000	43.457600	-1.390698
2936.000000	43.544899	-1.412306
2937.000000	43.631298	-1.417185
2938.000000	43.718998	-1.408775
2939.000000	43.807301	-1.390727
2940.000000	43.894897	-1.365962
2941.000000	43.982998	-1.337222
2942.000000	44.070900	-1.305817
2943.000000	44.159500	-1.272681
2944.000000	44.249699	-1.239358
2945.000000	44.336597	-1.207680
2946.000000	44.422199	-1.178558
2947.000000	44.510601	-1.152228
2948.000000	44.597099	-1.128697
2949.000000	44.681801	-1.107970
2950.000000	44.769001	-1.090036
2951.000000	44.856098	-1.074456
2952.000000	44.941998	-1.061033
2953.000000	45.025799	-1.049609
2954.000000	45.111797	-1.039879
2955.000000	45.197598	-1.031594
2956.000000	45.282101	-1.024730
2957.000000	45.368099	-1.019027
2958.000000	45.454899	-1.014139
2959.000000	45.539600	-1.010106
2960.000000	45.624500	-1.006700
2961.000000	45.708900	-1.003739
2962.000000	45.793598	-1.001318
2963.000000	45.877300	-0.999424
2964.000000	45.965298	-0.997865
2965.000000	46.048199	-0.996683
2966.000000	46.132900	-0.995870
2967.000000	46.216999	-0.995272
2968.000000	46.303200	-0.994880
2969.000000	46.387699	-0.994750
2970.000000	46.473999	-0.994808
2971.000000	46.557301	-0.994789
2972.000000	46.643898	-0.994913
2973.000000	46.728298	-0.995061
2974.000000	46.812698	-0.994966
2975.000000	46.896599	-0.994770
2976.000000	46.985100	-0.994583
2977.000000	47.068600	-0.994181
2978.000000	47.153698	-0.993703
2979.000000	47.236698	-0.993325
2980.000000	47.321400	-0.992904
2981.000000	47.404400	-0.992454
2982.000000	47.489300	-0.991919
2983.000000	47.574497	-0.991454
2984.000000	47.660297	-0.991244
2985.000000	47.745598	-0.991249
2986.000000	47.832199	-0.991531
2987.000000	47.915699	-0.992119
2988.000000	48.001099	-0.992756
2989.000000	48.086300	-0.993344
2990.000000	48.171898	-0.993798
2991.000000	48.256001	-0.994100
2992.000000	48.341599	-0.994234
2993.000000	48.426998	-0.994100
2994.000000	48.510399	-0.993899
2995.000000	48.594898	-0.993555
2996.000000	48.681198	-0.993162
2997.000000	48.765499	-0.992765
2998.000000	48.850098	-0.992607
2999.000000	48.936398	-0.992473
3000.000000	49.021400	-0.992450
3001.000000	49.106998	-0.992679
3002.000000	49.192497	-0.992957
3003.000000	49.278000	-0.993454
3004.000000	49.363197	-0.993966
3005.000000	49.448200	-0.994483
3006.000000	49.531799	-0.994880
3007.000000	49.617100	-0.995248
3008.000000	49.703598	-0.995286
3009.000000	49.789200	-0.995219
3010.000000	49.873600	-0.995205
3011.000000	49.959499	-0.994971
3012.000000	50.043800	-0.994808
3013.000000	50.129299	-0.994736
3014.000000	50.214199	-0.994779
3015.000000	50.300301	-0.994712
3016.000000	50.384998	-0.994794
3017.000000	50.472599	-0.994770
3018.000000	50.554798	-0.994779
3019.000000	50.641300	-0.994688
3020.000000	50.724899	-0.994655
3021.000000	50.809898	-0.994583
3022.000000	50.894798	-0.994454
3023.000000	50.979698	-0.994200
3024.000000	51.063400	-0.994085
3025.000000	51.146500	-0.993770
3026.000000	51.232399	-0.993641
3027.000000	51.315300	-0.993669
3028.000000	51.399998	-0.993851
3029.000000	51.486000	-0.993909
3030.000000	51.572098	-0.994334
3031.000000	51.656597	-0.994660
3032.000000	51.741898	-0.994980
3033.000000	51.826401	-0.995181
3034.000000	51.908600	-0.995435
3035.000000	51.993999	-0.995506
3036.000000	52.079800	-0.995449
3037.000000	52.165600	-0.995396
3038.000000	52.249798	-0.995521
3039.000000	52.335400	-0.995631
3040.000000	52.419399	-0.995827
3041.000000	52.505501	-0.996138
3042.000000	52.590000	-0.996635
3043.000000	52.674698	-0.997027
3044.000000	52.759598	-0.997539
3045.000000	52.843899	-0.998113
3046.000000	52.927998	-0.998788
3047.000000	53.015198	-0.999568
3048.000000	53.101398	-1.000190
3049.000000	53.186699	-1.000768
3050.000000	53.272800	-1.001251
3051.000000	53.356899	-1.001624
3052.000000	53.442101	-1.001768
3053.000000	53.525101	-1.002017
3054.000000	53.610798	-1.002151
3055.000000	53.695297	-1.002160
3056.000000	53.780197	-1.002089
3057.000000	53.864700	-1.001816
3058.000000	53.949497	-1.001534
3059.000000	54.035797	-1.001275
3060.000000	54.120197	-1.001122
3061.000000	54.207397	-1.001189
3062.000000	54.290699	-1.001347
3063.000000	54.376400	-1.001486
3064.000000	54.460800	-1.001696
3065.000000	54.545300	-1.001964
3066.000000	54.630699	-1.002055
3067.000000	54.717098	-1.002132
3068.000000	54.800499	-1.002146
3069.000000	54.884800	-1.001974
3070.000000	54.969398	-1.001500
3071.000000	55.056400	-1.001012
3072.000000	55.139500	-1.000481
3073.000000	55.225098	-0.999912
3074.000000	55.308899	-0.999477
3075.000000	55.393200	-0.999171
3076.000000	55.477497	-0.998927
3077.000000	55.560398	-0.998735
3078.000000	55.645000	-0.998640
3079.000000	55.730999	-0.998563
3080.000000	55.815399	-0.998673
3081.000000	55.902100	-0.998687
3082.000000	55.986198	-0.998759
3083.000000	56.072300	-0.999003
3084.000000	56.158199	-0.999343
3085.000000	56.242100	-0.999520
3086.000000	56.326599	-0.999754
3087.000000	56.410698	-1.000008
3088.000000	56.496498	-1.000108
3089.000000	56.580898	-1.000080
3090.000000	56.664700	-1.000094
3091.000000	56.750500	-1.000099
3092.000000	56.835499	-0.999941
3093.000000	56.920799	-0.999740
3094.000000	57.005299	-0.999649
3095.000000	57.090199	-0.999568
3096.000000	57.174099	-0.999501
3097.000000	57.259197	-0.999587
3098.000000	57.342697	-0.999668
3099.000000	57.428299	-0.999568
3100.000000	57.514000	-0.999477
3101.000000	57.598499	-0.999448
3102.000000	57.682598	-0.999319
3103.000000	57.768700	-0.999233
3104.000000	57.851700	-0.999381
3105.000000	57.936298	-0.999515
3106.000000	58.022800	-0.999635
3107.000000	58.109299	-0.999864
3108.000000	58.190598	-1.000032
3109.000000	58.277798	-1.000156
3110.000000	58.361099	-1.000395
3111.000000	58.445900	-1.000563
3112.000000	58.531097	-1.000639
3113.000000	58.618401	-1.000768
3114.000000	58.699898	-1.000773
3115.000000	58.784397	-1.000697
3116.000000	58.867599	-1.000677
3117.000000	58.954197	-1.000668
3118.000000	59.036098	-1.000687
3119.000000	59.122997	-1.000831
3120.000000	59.207298	-1.000893
3121.000000	59.292599	-1.000869
3122.000000	59.377499	-1.000854
3123.000000	59.460899	-1.000964
3124.000000	59.547199	-1.000979
3125.000000	59.630898	-1.001146
3126.000000	59.716000	-1.001333
3127.000000	59.803299	-1.001644
3128.000000	59.885098	-1.001792
3129.000000	59.971397	-1.001935
3130.000000	60.054298	-1.001811
3131.000000	60.138599	-1.001768
3132.000000	60.222500	-1.001553
3133.000000	60.308300	-1.001352
3134.000000	60.391300	-1.001194
3135.000000	60.476700	-1.001146
3136.000000	60.559998	-1.001050
3137.000000	60.643898	-1.001127
3138.000000	60.730499	-1.001338
3139.000000	60.814198	-1.001648
3140.000000	60.898399	-1.002194
3141.000000	60.982399	-1.002892
3142.000000	61.067200	-1.003682
3143.000000	61.151398	-1.004629
3144.000000	61.236401	-1.005686
3145.000000	61.320499	-1.006757
3146.000000	61.404900	-1.007829
3147.000000	61.489399	-1.008872
3148.000000	61.573997	-1.009661
3149.000000	61.656898	-1.010374
3150.000000	61.740498	-1.011010
3151.000000	61.825600	-1.011828
3152.000000	61.911198	-1.012723
3153.000000	61.996597	-1.013636
3154.000000	62.080898	-1.014507
3155.000000	62.166199	-1.015358
3156.000000	62.250999	-1.015870
3157.000000	62.336800	-1.016162
3158.000000	62.421398	-1.016406
3159.000000	62.506897	-1.016798
3160.000000	62.590298	-1.016985
3161.000000	62.674297	-1.017243
3162.000000	62.758099	-1.017478
3163.000000	62.842300	-1.017669
3164.000000	62.926998	-1.017674
3165.000000	63.013397	-1.017664
3166.000000	63.096500	-1.017712
3167.000000	63.181499	-1.017760
3168.000000	63.266499	-1.017884
3169.000000	63.351200	-1.018013
3170.000000	63.436501	-1.018276
3171.000000	63.521099	-1.018468
3172.000000	63.605900	-1.018812
3173.000000	63.691299	-1.019185
3174.000000	63.775997	-1.019654
3175.000000	63.859600	-1.020137
3176.000000	63.942997	-1.020683
3177.000000	64.028397	-1.021013
3178.000000	64.113197	-1.021214
3179.000000	64.197395	-1.021367
3180.000000	64.281898	-1.021572
3181.000000	64.366600	-1.021601
3182.000000	64.449799	-1.021764
3183.000000	64.536095	-1.021955
3184.000000	64.621300	-1.022012
3185.000000	64.706497	-1.021878
3186.000000	64.789696	-1.021778
3187.000000	64.875801	-1.021505
3188.000000	64.958496	-1.021343
3189.000000	65.043900	-1.021309
3190.000000	65.126999	-1.021391
3191.000000	65.213600	-1.021505
3192.000000	65.297699	-1.021773
3193.000000	65.380196	-1.021965
3194.000000	65.465401	-1.022185
3195.000000	65.548599	-1.022500
3196.000000	65.636101	-1.022835
3197.000000	65.721802	-1.023261
3198.000000	65.805801	-1.023778
3199.000000	65.891701	-1.024318
3200.000000	65.974800	-1.024711
3201.000000	66.060501	-1.024930
3202.000000	66.143799	-1.024859
3203.000000	66.228600	-1.024567
3204.000000	66.312401	-1.023888
3205.000000	66.396797	-1.023017
3206.000000	66.481499	-1.022175
3207.000000	66.565895	-1.021596
3208.000000	66.649902	-1.021156
3209.000000	66.733101	-1.020917
3210.000000	66.819801	-1.020860
3211.000000	66.904999	-1.020936
3212.000000	66.989601	-1.020989
3213.000000	67.075096	-1.021108
3214.000000	67.157501	-1.021381
3215.000000	67.243996	-1.021721
3216.000000	67.327599	-1.022108
3217.000000	67.411896	-1.022352
3218.000000	67.495499	-1.022596
3219.000000	67.579102	-1.022759
3220.000000	67.665100	-1.022955
3221.000000	67.749695	-1.023285
3222.000000	67.833496	-1.023763
3223.000000	67.917900	-1.024289
3224.000000	68.003197	-1.024844
3225.000000	68.086601	-1.025285
3226.000000	68.171295	-1.025490
3227.000000	68.256699	-1.025624
3228.000000	68.341202	-1.025658
3229.000000	68.426697	-1.025619
3230.000000	68.512199	-1.025557
3231.000000	68.595497	-1.025442
3232.000000	68.678299	-1.025285
3233.000000	68.761902	-1.024935
3234.000000	68.845695	-1.024548
3235.000000	68.929802	-1.024246
3236.000000	69.015396	-1.024079
3237.000000	69.099998	-1.024132
3238.000000	69.183800	-1.024581
3239.000000	69.268799	-1.025256
3240.000000	69.352898	-1.026103
3241.000000	69.438797	-1.027074
3242.000000	69.524399	-1.027906
3243.000000	69.607796	-1.028499
3244.000000	69.693802	-1.028858
3245.000000	69.772896	-1.028963
3246.000000	69.857201	-1.028126
3247.000000	69.934502	-1.024887
3248.000000	70.003899	-1.016574
3249.000000	70.053200	-0.999161
3250.000000	70.089096	-0.967732
3251.000000	70.105095	-0.917978
3252.000000	70.105896	-0.847094
3253.000000	70.087296	-0.754736
3254.000000	70.058899	-0.643104
3255.000000	70.015495	-0.516319
3256.000000	69.964798	-0.380094
3257.000000	69.901497	-0.240058
3258.000000	69.832497	-0.101212
3259.000000	69.758202	0.032132
3260.000000	69.680199	0.156703
3261.000000	69.600296	0.270582
3262.000000	69.514397	0.372527
3263.000000	69.430496	0.461928
3264.000000	69.344200	0.539041
3265.000000	69.255898	0.604395
3266.000000	69.168999	0.658876
3267.000000	69.083099	0.703441
3268.000000	68.998001	0.739648
3269.000000	68.909401	0.768345
3270.000000	68.822296	0.790704
3271.000000	68.734695	0.807987
3272.000000	68.650101	0.821181
3273.000000	68.563599	0.830930
3274.000000	68.479698	0.838282
3275.000000	68.393997	0.843683
3276.000000	68.308998	0.847567
3277.000000	68.221695	0.850284
3278.000000	68.135796	0.852222
3279.000000	68.051598	0.853528
3280.000000	67.967201	0.854408
3281.000000	67.883797	0.854977
3282.000000	67.798996	0.855632
3283.000000	67.714302	0.856020
3284.000000	67.627701	0.856407
3285.000000	67.542595	0.856881
3286.000000	67.455795	0.857268
3287.000000	67.371201	0.857412
3288.000000	67.285202	0.857536
3289.000000	67.199799	0.857393
3290.000000	67.115898	0.857158
3291.000000	67.031799	0.856685
3292.000000	66.947098	0.856211
3293.000000	66.861702	0.855723
3294.000000	66.781197	0.855312
3295.000000	66.695198	0.854939
3296.000000	66.610901	0.854800
3297.000000	66.525795	0.854738
3298.000000	66.442398	0.854872
3299.000000	66.356697	0.855054
3300.000000	66.271896	0.855278
3301.000000	66.189201	0.855608
3302.000000	66.103600	0.855958
3303.000000	66.018097	0.856307
3304.000000	65.932800	0.856819
3305.000000	65.848602	0.857517
3306.000000	65.764099	0.858225
3307.000000	65.681496	0.858957
3308.000000	65.596100	0.859718
3309.000000	65.510002	0.860478
3310.000000	65.427002	0.861134
3311.000000	65.341095	0.861760
3312.000000	65.255302	0.862420
3313.000000	65.171600	0.863023
3314.000000	65.087700	0.863530
3315.000000	65.003700	0.863989
3316.000000	64.917198	0.864473
3317.000000	64.831001	0.864817
3318.000000	64.747101	0.865161
3319.000000	64.664200	0.865415
3320.000000	64.579895	0.865568
3321.000000	64.496994	0.865573
3322.000000	64.412193	0.865381
3323.000000	64.327896	0.865042
3324.000000	64.243294	0.864717
3325.000000	64.159096	0.864257
3326.000000	64.075294	0.863760
3327.000000	63.993000	0.863353
3328.000000	63.909000	0.863042
3329.000000	63.823597	0.862837
3330.000000	63.739498	0.862865
3331.000000	63.653500	0.863081
3332.000000	63.569798	0.863568
3333.000000	63.485798	0.864052
3334.000000	63.399899	0.864669
3335.000000	63.315998	0.865334
3336.000000	63.232800	0.866022
3337.000000	63.146297	0.866654
3338.000000	63.062901	0.867252
3339.000000	62.979599	0.867673
3340.000000	62.894600	0.867883
3341.000000	62.809799	0.868075
3342.000000	62.726997	0.868137
3343.000000	62.642300	0.868261
3344.000000	62.557899	0.868223
3345.000000	62.473900	0.868323
3346.000000	62.390297	0.868309
3347.000000	62.305901	0.868319
3348.000000	62.221600	0.868247
3349.000000	62.136497	0.868342
3350.000000	62.052998	0.868261
3351.000000	61.969097	0.868295
3352.000000	61.882698	0.868199
3353.000000	61.799900	0.868079
3354.000000	61.714897	0.868070
3355.000000	61.631897	0.868180
3356.000000	61.548000	0.868204
3357.000000	61.462597	0.868443
3358.000000	61.377300	0.868711
3359.000000	61.295898	0.868797
3360.000000	61.211899	0.868917
3361.000000	61.126499	0.868974
3362.000000	61.043800	0.868912
3363.000000	60.959099	0.868821
3364.000000	60.876801	0.868567
3365.000000	60.792900	0.868252
3366.000000	60.710899	0.867792
3367.000000	60.623699	0.867257
3368.000000	60.539898	0.866692
3369.000000	60.456100	0.866266
3370.000000	60.371399	0.865826
3371.000000	60.286400	0.865496
3372.000000	60.203400	0.865338
3373.000000	60.119698	0.865281
3374.000000	60.035000	0.865281
3375.000000	59.950600	0.865291
3376.000000	59.864998	0.865472
3377.000000	59.781399	0.865678
3378.000000	59.696301	0.865903
3379.000000	59.611797	0.866195
3380.000000	59.527100	0.866640
3381.000000	59.442997	0.867013
3382.000000	59.357998	0.867175
3383.000000	59.273899	0.867257
3384.000000	59.192101	0.867362
3385.000000	59.106998	0.867472
3386.000000	59.022099	0.867515
3387.000000	58.937397	0.867606
3388.000000	58.853600	0.867802
3389.000000	58.767200	0.867979
3390.000000	58.682999	0.867993
3391.000000	58.600399	0.868075
3392.000000	58.514500	0.868261
3393.000000	58.431499	0.868371
3394.000000	58.346397	0.868165
3395.000000	58.261799	0.867965
3396.000000	58.176998	0.867797
3397.000000	58.094799	0.867611
3398.000000	58.011398	0.867438
3399.000000	57.925697	0.867701
3400.000000	57.840401	0.868122
3401.000000	57.755398	0.868577
3402.000000	57.669800	0.869146
3403.000000	57.585800	0.869840
3404.000000	57.501698	0.870577
3405.000000	57.417400	0.871313
3406.000000	57.334297	0.872031
3407.000000	57.246799	0.872700
3408.000000	57.163300	0.873418
3409.000000	57.077499	0.873968
3410.000000	56.994198	0.874442
3411.000000	56.908699	0.874954
3412.000000	56.822701	0.875346
3413.000000	56.738598	0.875594
3414.000000	56.655098	0.875776
3415.000000	56.569298	0.875772
3416.000000	56.487801	0.875580
3417.000000	56.401699	0.875236
3418.000000	56.317200	0.874805
3419.000000	56.234299	0.874351
3420.000000	56.150398	0.874021
3421.000000	56.064800	0.873786
3422.000000	55.981098	0.873896
3423.000000	55.897301	0.874083
3424.000000	55.812298	0.874375
3425.000000	55.727497	0.874824
3426.000000	55.642200	0.875260
3427.000000	55.558498	0.875585
3428.000000	55.474098	0.876106
3429.000000	55.391499	0.876637
3430.000000	55.305199	0.877116
3431.000000	55.221001	0.877747
3432.000000	55.138298	0.878326
3433.000000	55.052799	0.878895
3434.000000	54.967800	0.879565
3435.000000	54.882298	0.880292
3436.000000	54.800697	0.881033
3437.000000	54.714798	0.881737
3438.000000	54.629498	0.882392
3439.000000	54.545498	0.882937
3440.000000	54.460499	0.883464
3441.000000	54.375698	0.883856
3442.000000	54.291901	0.884277
3443.000000	54.208298	0.884741
3444.000000	54.124500	0.885157
3445.000000	54.036800	0.885439
3446.000000	53.952297	0.885817
3447.000000	53.867199	0.886085
3448.000000	53.783897	0.886238
3449.000000	53.698601	0.886367
3450.000000	53.617199	0.886573
3451.000000	53.529697	0.886626
3452.000000	53.446899	0.886721
3453.000000	53.361099	0.886788
3454.000000	53.273899	0.886941
3455.000000	53.191498	0.887128
3456.000000	53.107597	0.887353
3457.000000	53.020699	0.887769
3458.000000	52.935200	0.888247
3459.000000	52.850998	0.888673
3460.000000	52.764400	0.888850
3461.000000	52.682400	0.889003
3462.000000	52.599098	0.889123
3463.000000	52.516499	0.889104
3464.000000	52.430099	0.888912
3465.000000	52.348000	0.888788
3466.000000	52.262897	0.888711
3467.000000	52.177200	0.888553
3468.000000	52.094299	0.888487
3469.000000	52.008400	0.888611
3470.000000	51.923100	0.888860
3471.000000	51.836597	0.889257
3472.000000	51.754498	0.889697
3473.000000	51.668697	0.890328
3474.000000	51.586098	0.890960
3475.000000	51.501698	0.891500
3476.000000	51.416698	0.891739
3477.000000	51.330997	0.891935
3478.000000	51.247498	0.891926
3479.000000	51.160599	0.891797
3480.000000	51.075798	0.891768
3481.000000	50.993999	0.891797
3482.000000	50.908398	0.891835
3483.000000	50.825600	0.891864
3484.000000	50.740200	0.891940
3485.000000	50.656597	0.891969
3486.000000	50.570801	0.891926
3487.000000	50.487000	0.891720
3488.000000	50.401897	0.891529
3489.000000	50.317497	0.891352
3490.000000	50.233498	0.891194
3491.000000	50.148399	0.891194
3492.000000	50.063599	0.891251
3493.000000	49.978798	0.891318
3494.000000	49.895100	0.891357
3495.000000	49.810299	0.891395
3496.000000	49.725399	0.891577
3497.000000	49.642399	0.891792
3498.000000	49.557098	0.892012
3499.000000	49.470699	0.892356
3500.000000	49.385998	0.892816
3501.000000	49.304100	0.893117
3502.000000	49.219200	0.893428
3503.000000	49.134197	0.893643
3504.000000	49.051201	0.893811
3505.000000	48.964699	0.893725
3506.000000	48.878799	0.893662
3507.000000	48.796101	0.893662
3508.000000	48.711201	0.893787
3509.000000	48.625797	0.893878
3510.000000	48.542400	0.894126
3511.000000	48.456699	0.894409
3512.000000	48.372997	0.894672
3513.000000	48.288898	0.894944
3514.000000	48.205299	0.895327
3515.000000	48.119698	0.895719
3516.000000	48.034698	0.896054
3517.000000	47.950298	0.896446
3518.000000	47.865601	0.896944
3519.000000	47.781097	0.897446
3520.000000	47.697399	0.898087
3521.000000	47.611900	0.898857
3522.000000	47.525799	0.899580
3523.000000	47.440598	0.900187
3524.000000	47.356197	0.900690
3525.000000	47.271198	0.901115
3526.000000	47.187199	0.901364
3527.000000	47.101799	0.901694
3528.000000	47.018299	0.902053
3529.000000	46.931801	0.902393
3530.000000	46.848099	0.902646
3531.000000	46.762398	0.903024
3532.000000	46.675999	0.903359
3533.000000	46.593998	0.903670
3534.000000	46.507500	0.904067
3535.000000	46.422897	0.904622
3536.000000	46.339100	0.904937
3537.000000	46.254398	0.905325
3538.000000	46.168598	0.905856
3539.000000	46.083797	0.906305
3540.000000	46.002197	0.906597
3541.000000	45.916298	0.907124
3542.000000	45.828899	0.907721
3543.000000	45.744598	0.908219
3544.000000	45.659401	0.908870
3545.000000	45.575100	0.909563
3546.000000	45.490700	0.910300
3547.000000	45.403599	0.910817
3548.000000	45.318199	0.911328
3549.000000	45.233799	0.911644
3550.000000	45.147999	0.911902
3551.000000	45.063900	0.912036
3552.000000	44.980301	0.912256
3553.000000	44.896801	0.912309
3554.000000	44.811398	0.912448
3555.000000	44.726601	0.912606
3556.000000	44.640697	0.912811
3557.000000	44.556400	0.913084
3558.000000	44.472298	0.913558
3559.000000	44.387100	0.914079
3560.000000	44.302299	0.914878
3561.000000	44.217197	0.915830
3562.000000	44.132698	0.916844
3563.000000	44.045498	0.918006
3564.000000	43.959999	0.919236
3565.000000	43.878201	0.920532
3566.000000	43.793800	0.921843
3567.000000	43.709900	0.923197
3568.000000	43.625698	0.924747
3569.000000	43.540100	0.926416
3570.000000	43.454201	0.928086
3571.000000	43.370800	0.929913
3572.000000	43.286697	0.932410
3573.000000	43.201900	0.937218
3574.000000	43.123501	0.950463
3575.000000	43.048698	0.981375
3576.000000	42.973499	1.035110
3577.000000	42.899998	1.108247
3578.000000	42.818798	1.190440
3579.000000	42.736698	1.267509
3580.000000	42.649300	1.325420
3581.000000	42.562298	1.356461
3582.000000	42.477501	1.363158
3583.000000	42.390499	1.353869
3584.000000	42.305798	1.336380
3585.000000	42.217899	1.314892
3586.000000	42.128601	1.291600
3587.000000	42.042297	1.267232
3588.000000	41.952400	1.241936
3589.000000	41.866398	1.216530
3590.000000	41.780899	1.192119
3591.000000	41.694698	1.169320
3592.000000	41.607399	1.148263
3593.000000	41.521297	1.129205
3594.000000	41.434498	1.112036
3595.000000	41.349701	1.096513
3596.000000	41.263901	1.082540
3597.000000	41.177399	1.070007
3598.000000	41.092598	1.058847
3599.000000	41.007198	1.048849
3600.000000	40.920300	1.039879
3601.000000	40.834999	1.031967
3602.000000	40.749100	1.024816
3603.000000	40.664398	1.018358
3604.000000	40.578598	1.012637
3605.000000	40.494099	1.007604
3606.000000	40.408001	1.002988
3607.000000	40.323997	0.998812
3608.000000	40.236198	0.995090
3609.000000	40.152798	0.991655
3610.000000	40.069599	0.988532
3611.000000	39.984798	0.985719
3612.000000	39.899601	0.983207
3613.000000	39.813400	0.980806
3614.000000	39.729000	0.978744
3615.000000	39.642998	0.976750
3616.000000	39.558498	0.975032
3617.000000	39.472900	0.973334
3618.000000	39.387100	0.971775
3619.000000	39.303299	0.970234
3620.000000	39.215401	0.968904
3621.000000	39.132099	0.967498
3622.000000	39.049198	0.966288
3623.000000	38.964100	0.965025
3624.000000	38.879200	0.963681
3625.000000	38.794701	0.962403
3626.000000	38.710098	0.961370
3627.000000	38.623898	0.960327
3628.000000	38.538998	0.959591
3629.000000	38.453499	0.959141
3630.000000	38.367798	0.958706
3631.000000	38.282501	0.958184
3632.000000	38.197598	0.957892
3633.000000	38.110699	0.957491
3634.000000	38.026299	0.956821
3635.000000	37.943398	0.956075
3636.000000	37.859299	0.955386
3637.000000	37.775700	0.954558
3638.000000	37.689301	0.953606
3639.000000	37.601700	0.952860
3640.000000	37.517998	0.952229
3641.000000	37.432198	0.951621
3642.000000	37.347599	0.951147
3643.000000	37.264599	0.950894
3644.000000	37.178101	0.950650
3645.000000	37.091999	0.950483
3646.000000	37.006401	0.950310
3647.000000	36.920498	0.950038
3648.000000	36.837898	0.949822
3649.000000	36.750999	0.949612
3650.000000	36.668098	0.949339
3651.000000	36.580601	0.949076
3652.000000	36.495998	0.948756
3653.000000	36.410500	0.948435
3654.000000	36.325001	0.948024
3655.000000	36.241398	0.947627
3656.000000	36.155800	0.947177
3657.000000	36.071999	0.946756
3658.000000	35.985798	0.946168
3659.000000	35.899498	0.945608
3660.000000	35.816399	0.945010
3661.000000	35.731598	0.944479
3662.000000	35.646198	0.943891
3663.000000	35.560699	0.943379
3664.000000	35.475201	0.942886
3665.000000	35.390198	0.942561
3666.000000	35.302601	0.942121
3667.000000	35.218498	0.941685
3668.000000	35.134201	0.941207
3669.000000	35.048199	0.940686
3670.000000	34.962700	0.939915
3671.000000	34.878300	0.939102
3672.000000	34.795998	0.938356
3673.000000	34.710400	0.937744
3674.000000	34.625000	0.936974
3675.000000	34.540100	0.936404
3676.000000	34.454601	0.935955
3677.000000	34.370598	0.935648
3678.000000	34.284798	0.935261
3679.000000	34.199898	0.935060
3680.000000	34.114899	0.934921
3681.000000	34.030998	0.934744
3682.000000	33.947800	0.934563
3683.000000	33.861900	0.934481
3684.000000	33.776398	0.934390
3685.000000	33.690998	0.934266
3686.000000	33.603901	0.934266
3687.000000	33.518799	0.934276
3688.000000	33.433701	0.934261
3689.000000	33.346901	0.934328
3690.000000	33.262001	0.934319
3691.000000	33.179398	0.934189
3692.000000	33.090801	0.933878
3693.000000	33.008701	0.933582
3694.000000	32.923298	0.933319
3695.000000	32.838200	0.933127
3696.000000	32.753998	0.932874
3697.000000	32.667698	0.932745
3698.000000	32.583599	0.932659
3699.000000	32.497700	0.932472
3700.000000	32.413597	0.932199
3701.000000	32.328297	0.932109
3702.000000	32.244198	0.932061
3703.000000	32.158600	0.932022
3704.000000	32.073700	0.931994
3705.000000	31.987700	0.932137
3706.000000	31.903700	0.932238
3707.000000	31.818800	0.932329
3708.000000	31.731800	0.932362
3709.000000	31.648399	0.932486
3710.000000	31.563299	0.932458
3711.000000	31.475500	0.932472
3712.000000	31.389799	0.932420
3713.000000	31.307499	0.932362
3714.000000	31.221800	0.932352
3715.000000	31.136499	0.932233
3716.000000	31.049700	0.931932
3717.000000	30.964800	0.931683
3718.000000	30.879400	0.931444
3719.000000	30.796200	0.931118
3720.000000	30.711000	0.930932
3721.000000	30.624100	0.930884
3722.000000	30.540400	0.930903
3723.000000	30.454100	0.930975
3724.000000	30.367800	0.931190
3725.000000	30.280899	0.931276
3726.000000	30.197800	0.931334
3727.000000	30.111399	0.931200
3728.000000	30.024399	0.930927
3729.000000	29.940500	0.930410
3730.000000	29.857599	0.929798
3731.000000	29.770300	0.928980
3732.000000	29.688000	0.928267
3733.000000	29.601799	0.927593
3734.000000	29.518200	0.926842
3735.000000	29.431200	0.926392
3736.000000	29.344500	0.926119
3737.000000	29.258499	0.925957
3738.000000	29.173100	0.925818
3739.000000	29.091400	0.925919
3740.000000	29.004799	0.925871
3741.000000	28.920900	0.925832
3742.000000	28.836399	0.925622
3743.000000	28.749500	0.925411
3744.000000	28.664900	0.925158
3745.000000	28.580400	0.925010
3746.000000	28.495800	0.924699
3747.000000	28.411800	0.924397
3748.000000	28.327299	0.924211
3749.000000	28.243299	0.924101
3750.000000	28.158800	0.923928
3751.000000	28.072001	0.923972
3752.000000	27.984299	0.924168
3753.000000	27.899200	0.924239
3754.000000	27.812700	0.924436
3755.000000	27.727600	0.924593
3756.000000	27.642700	0.924785
3757.000000	27.559200	0.924885
3758.000000	27.475199	0.925067
3759.000000	27.388000	0.925086
3760.000000	27.305201	0.925196
3761.000000	27.218899	0.925301
3762.000000	27.132700	0.925364
3763.000000	27.046099	0.925411
3764.000000	26.961000	0.925512
3765.000000	26.877699	0.925703
3766.000000	26.791700	0.925947
3767.000000	26.708099	0.926158
3768.000000	26.622700	0.926330
3769.000000	26.535500	0.926483
3770.000000	26.450899	0.926516
3771.000000	26.365799	0.926583
3772.000000	26.279600	0.926622
3773.000000	26.195000	0.926727
3774.000000	26.107899	0.926837
3775.000000	26.022900	0.926875
3776.000000	25.937201	0.926808
3777.000000	25.852400	0.926885
3778.000000	25.765900	0.926799
3779.000000	25.682499	0.926698
3780.000000	25.597799	0.926612
3781.000000	25.509199	0.926545
3782.000000	25.422199	0.926536
3783.000000	25.337999	0.926488
3784.000000	25.254900	0.926440
3785.000000	25.167099	0.926378
3786.000000	25.082399	0.926186
3787.000000	24.997000	0.925966
3788.000000	24.911400	0.925703
3789.000000	24.826399	0.925268
3790.000000	24.740900	0.924727
3791.000000	24.653700	0.924397
3792.000000	24.570999	0.924043
3793.000000	24.485701	0.923933
3794.000000	24.397600	0.923881
3795.000000	24.312901	0.924029
3796.000000	24.227699	0.924058
3797.000000	24.143600	0.924053
3798.000000	24.058800	0.923976
3799.000000	23.972000	0.923952
3800.000000	23.885799	0.923852
3801.000000	23.799601	0.923761
3802.000000	23.713499	0.923642
3803.000000	23.630199	0.923436
3804.000000	23.547600	0.923292
3805.000000	23.460699	0.923068
3806.000000	23.375000	0.922795
3807.000000	23.290199	0.922469
3808.000000	23.203499	0.922111
3809.000000	23.120100	0.921718
3810.000000	23.036600	0.921455
3811.000000	22.952299	0.921221
3812.000000	22.866301	0.921006
3813.000000	22.781099	0.921044
3814.000000	22.695601	0.921006
3815.000000	22.611599	0.921077
3816.000000	22.524700	0.921116
3817.000000	22.441000	0.921388
3818.000000	22.355999	0.921695
3819.000000	22.267599	0.922082
3820.000000	22.182400	0.922536
3821.000000	22.096701	0.923058
3822.000000	22.012499	0.923474
3823.000000	21.927401	0.923814
3824.000000	21.841400	0.924158
3825.000000	21.756800	0.924440
3826.000000	21.669399	0.924617
3827.000000	21.584801	0.924861
3828.000000	21.498800	0.925120
3829.000000	21.413799	0.925502
3830.000000	21.329000	0.925608
3831.000000	21.241301	0.925875
3832.000000	21.155399	0.926043
3833.000000	21.071400	0.926062
3834.000000	20.984900	0.925971
3835.000000	20.898899	0.925938
3836.000000	20.815001	0.925765
3837.000000	20.728399	0.925507
3838.000000	20.642900	0.925139
3839.000000	20.559401	0.924833
3840.000000	20.474100	0.924574
3841.000000	20.387600	0.924416
3842.000000	20.301701	0.924326
3843.000000	20.216101	0.924340
3844.000000	20.131300	0.924235
3845.000000	20.044701	0.924215
3846.000000	19.959000	0.923981
3847.000000	19.872099	0.923656
3848.000000	19.788599	0.923331
3849.000000	19.702999	0.923029
3850.000000	19.619400	0.922541
3851.000000	19.532999	0.922197
3852.000000	19.448000	0.922025
3853.000000	19.360899	0.921857
3854.000000	19.276501	0.921742
3855.000000	19.192499	0.921771
3856.000000	19.106199	0.921900
3857.000000	19.020201	0.921876
3858.000000	18.933599	0.921809
3859.000000	18.847700	0.921752
3860.000000	18.762800	0.921738
3861.000000	18.677700	0.921594
3862.000000	18.592400	0.921513
3863.000000	18.506201	0.921565
3864.000000	18.419600	0.921589
3865.000000	18.336800	0.921546
3866.000000	18.249701	0.921623
3867.000000	18.165800	0.921800
3868.000000	18.080000	0.922020
3869.000000	17.994999	0.922197
3870.000000	17.908600	0.922441
3871.000000	17.822701	0.922513
3872.000000	17.738699	0.922503
3873.000000	17.652100	0.922455
3874.000000	17.566700	0.922403
3875.000000	17.480999	0.922388
3876.000000	17.396299	0.922503
3877.000000	17.311001	0.922713
3878.000000	17.226200	0.922814
3879.000000	17.137800	0.923044
3880.000000	17.052299	0.923063
3881.000000	16.967600	0.923015
3882.000000	16.881001	0.922962
3883.000000	16.794899	0.922957
3884.000000	16.711100	0.922881
3885.000000	16.625500	0.922867
3886.000000	16.540100	0.922800
3887.000000	16.456999	0.922623
3888.000000	16.373499	0.922369
3889.000000	16.285700	0.922072
3890.000000	16.201000	0.921723
3891.000000	16.114500	0.921541
3892.000000	16.030899	0.921417
3893.000000	15.947200	0.921321
3894.000000	15.860900	0.921293
3895.000000	15.775300	0.921508
3896.000000	15.689600	0.921666
3897.000000	15.604600	0.921685
3898.000000	15.519100	0.921795
3899.000000	15.435100	0.921852
3900.000000	15.348200	0.921776
3901.000000	15.261000	0.921790
3902.000000	15.174300	0.921958
3903.000000	15.090899	0.922116
3904.000000	15.005000	0.922331
3905.000000	14.920600	0.922546
3906.000000	14.833700	0.922694
3907.000000	14.750700	0.922790
3908.000000	14.662300	0.922785
3909.000000	14.577800	0.922766
3910.000000	14.491899	0.922886
3911.000000	14.405800	0.922876
3912.000000	14.321900	0.922828
3913.000000	14.234600	0.922833
3914.000000	14.149900	0.922752
3915.000000	14.063500	0.922493
3916.000000	13.977900	0.922398
3917.000000	13.891800	0.922364
3918.000000	13.807200	0.922403
3919.000000	13.722000	0.922360
3920.000000	13.634800	0.922388
3921.000000	13.550500	0.922273
3922.000000	13.463200	0.922159
3923.000000	13.376100	0.921838
3924.000000	13.291900	0.921733
3925.000000	13.206900	0.921656
3926.000000	13.121800	0.921608
3927.000000	13.037300	0.921451
3928.000000	12.951400	0.921513
3929.000000	12.866300	0.921422
3930.000000	12.780300	0.921408
3931.000000	12.696900	0.921551
3932.000000	12.611400	0.921733
3933.000000	12.525200	0.922025
3934.000000	12.438800	0.922498
3935.000000	12.354300	0.922957
3936.000000	12.267100	0.923283
3937.000000	12.183300	0.923732
3938.000000	12.096600	0.923991
3939.000000	12.010500	0.924239
3940.000000	11.925300	0.924326
3941.000000	11.838500	0.924412
3942.000000	11.753700	0.924474
3943.000000	11.666800	0.924560
3944.000000	11.581400	0.924584
3945.000000	11.499700	0.924627
3946.000000	11.413700	0.924713
3947.000000	11.324500	0.924732
3948.000000	11.239000	0.924718
3949.000000	11.154800	0.924675
3950.000000	11.070100	0.924809
3951.000000	10.983600	0.924809
3952.000000	10.896400	0.924751
3953.000000	10.812400	0.924747
3954.000000	10.727500	0.924713
3955.000000	10.642600	0.924617
3956.000000	10.556500	0.924727
3957.000000	10.470100	0.924847
3958.000000	10.383801	0.925000
3959.000000	10.297900	0.925234
3960.000000	10.211300	0.925416
3961.000000	10.124700	0.925517
3962.000000	10.039600	0.925722
3963.000000	9.954100	0.925933
3964.000000	9.868800	0.926029
3965.000000	9.783100	0.926201
3966.000000	9.698700	0.926411
3967.000000	9.610700	0.926536
3968.000000	9.523400	0.926483
3969.000000	9.436700	0.926363
3970.000000	9.352700	0.926201
3971.000000	9.267600	0.925909
3972.000000	9.180400	0.925474
3973.000000	9.095600	0.925158
3974.000000	9.009300	0.924837
3975.000000	8.924600	0.924483
3976.000000	8.838600	0.924177
3977.000000	8.751500	0.924096
3978.000000	8.667900	0.924067
3979.000000	8.580900	0.924120
3980.000000	8.495300	0.924206
3981.000000	8.409600	0.924306
3982.000000	8.324300	0.924421
3983.000000	8.238500	0.924440
3984.000000	8.154600	0.924493
3985.000000	8.067800	0.924488
3986.000000	7.982500	0.924512
3987.000000	7.893500	0.924613
3988.000000	7.808599	0.924861
3989.000000	7.723900	0.925215
3990.000000	7.640800	0.925923
3991.000000	7.552000	0.926737
3992.000000	7.465800	0.927349
3993.000000	7.381000	0.927808
3994.000000	7.293700	0.928143
3995.000000	7.207200	0.928334
3996.000000	7.121200	0.928593
3997.000000	7.035500	0.929243
3998.000000	6.946700	0.930281
3999.000000	6.860000	0.931501
4000.000000	6.774100	0.932510
4001.000000	6.688000	0.933099
4002.000000	6.603899	0.933108
4003.000000	6.518400	0.932592
4004.000000	6.432000	0.931702
4005.000000	6.347100	0.930697
4006.000000	6.259600	0.929918
4007.000000	6.173700	0.929612
4008.000000	6.083600	0.929784
4009.000000	5.996700	0.930559
4010.000000	5.912100	0.931893
4011.000000	5.823800	0.933338
4012.000000	5.740100	0.934448
4013.000000	5.655000	0.935113
4014.000000	5.566400	0.935194
4015.000000	5.481400	0.934615
4016.000000	5.392600	0.933874
4017.000000	5.307800	0.933233
4018.000000	5.222300	0.932678
4019.000000	5.134600	0.932381
4020.000000	5.045700	0.932319
4021.000000	4.960200	0.932453
4022.000000	4.871300	0.932874
4023.000000	4.785400	0.933453
4024.000000	4.699500	0.933754
4025.000000	4.613700	0.933974
4026.000000	4.529100	0.933816
4027.000000	4.440700	0.933348
4028.000000	4.353500	0.932869
4029.000000	4.266900	0.932836
4030.000000	4.180700	0.932946
4031.000000	4.095000	0.933209
4032.000000	4.007600	0.933362
4033.000000	3.920600	0.933065
4034.000000	3.836700	0.932400
4035.000000	3.751600	0.931501
4036.000000	3.666300	0.930511
4037.000000	3.580200	0.929482
4038.000000	3.494800	0.928746
4039.000000	3.407600	0.928267
4040.000000	3.320600	0.928195
4041.000000	3.233800	0.928310
4042.000000	3.148300	0.928803
4043.000000	3.063600	0.929545
4044.000000	2.975700	0.930377
4045.000000	2.887000	0.931080
4046.000000	2.801900	0.931946
4047.000000	2.715200	0.932783
4048.000000	2.628700	0.933424
4049.000000	2.543900	0.933773
4050.000000	2.458900	0.933730
4051.000000	2.371000	0.933400
4052.000000	2.284400	0.932946
4053.000000	2.198300	0.932625
4054.000000	2.113700	0.932262
4055.000000	2.025900	0.932281
4056.000000	1.939600	0.932506
4057.000000	1.851900	0.932960
4058.000000	1.767300	0.933281
4059.000000	1.679100	0.933510
4060.000000	1.593900	0.933697
4061.000000	1.506400	0.933812
4062.000000	1.421400	0.933548
4063.000000	1.335800	0.933022
4064.000000	1.251700	0.932582
4065.000000	1.164200	0.932171
4066.000000	1.079300	0.931735
4067.000000	0.989300	0.931544
4068.000000	0.904400	0.931922
4069.000000	0.817800	0.932692
4070.000000	0.731400	0.933606
4071.000000	0.646100	0.934347
4072.000000	0.558200	0.934960
4073.000000	0.472500	0.935404
4074.000000	0.386900	0.935706
4075.000000	0.300000	0.935778
4076.000000	0.211400	0.935687
4077.000000	0.124900	0.935553
4078.000000	0.038800	0.935424
4079.000000	-0.046400	0.935175
4080.000000	-0.135200	0.934773
4081.000000	-0.219600	0.934673
4082.000000	-0.307800	0.934677
4083.000000	-0.394200	0.934481
4084.000000	-0.481700	0.934204
4085.000000	-0.569900	0.934199
4086.000000	-0.653800	0.934199
4087.000000	-0.739100	0.934089
4088.000000	-0.828400	0.933931
4089.000000	-0.912600	0.933864
4090.000000	-0.999300	0.933969
4091.000000	-1.088200	0.933907
4092.000000	-1.174600	0.933898
4093.000000	-1.260500	0.934132
4094.000000	-1.346000	0.934343
4095.000000	-1.430600	0.933979
4096.000000	-1.517500	0.933496
4097.000000	-1.603600	0.933080
4098.000000	-1.690800	0.932577
4099.000000	-1.774700	0.931970
4100.000000	-1.862500	0.931888
4101.000000	-1.950400	0.932238
4102.000000	-2.036800	0.932362
4103.000000	-2.122400	0.932099
4104.000000	-2.208100	0.932085
4105.000000	-2.293600	0.932046
4106.000000	-2.380100	0.931558
4107.000000	-2.467100	0.931219
4108.000000	-2.551800	0.931348
4109.000000	-2.637700	0.931530
4110.000000	-2.725800	0.931525
4111.000000	-2.813400	0.931970
4112.000000	-2.897400	0.932654
4113.000000	-2.983400	0.933453
4114.000000	-3.071500	0.933931
4115.000000	-3.156300	0.934319
4116.000000	-3.243400	0.934476
4117.000000	-3.329400	0.934610
4118.000000	-3.414800	0.934252
4119.000000	-3.501100	0.934056
4120.000000	-3.585900	0.934170
4121.000000	-3.673600	0.934261
4122.000000	-3.760700	0.934017
4123.000000	-3.847300	0.934405
4124.000000	-3.933300	0.934725
4125.000000	-4.018700	0.934763
4126.000000	-4.104600	0.935055
4127.000000	-4.192000	0.935624
4128.000000	-4.277500	0.935692
4129.000000	-4.364900	0.935830
4130.000000	-4.454200	0.936356
4131.000000	-4.540000	0.936524
4132.000000	-4.626800	0.936309
4133.000000	-4.713900	0.936175
4134.000000	-4.800600	0.936156
4135.000000	-4.888600	0.935735
4136.000000	-4.976900	0.935414
4137.000000	-5.064400	0.935596
4138.000000	-5.149600	0.935854
4139.000000	-5.238900	0.935892
4140.000000	-5.325600	0.935993
4141.000000	-5.408200	0.936309
4142.000000	-5.497900	0.936419
4143.000000	-5.585600	0.936266
4144.000000	-5.671500	0.936022
4145.000000	-5.758200	0.935845
4146.000000	-5.843500	0.935275
4147.000000	-5.931000	0.934242
4148.000000	-6.018100	0.933429
4149.000000	-6.102800	0.932860
4150.000000	-6.189200	0.931965
4151.000000	-6.276500	0.931185
4152.000000	-6.360900	0.930937
4153.000000	-6.446800	0.930798
4154.000000	-6.534400	0.930391
4155.000000	-6.621800	0.930061
4156.000000	-6.706800	0.929980
4157.000000	-6.792100	0.930028
4158.000000	-6.878300	0.929750
4159.000000	-6.965300	0.929707
4160.000000	-7.050700	0.930128
4161.000000	-7.139000	0.930774
4162.000000	-7.226200	0.931190
4163.000000	-7.313700	0.931735
4164.000000	-7.400500	0.932381
4165.000000	-7.486300	0.932888
4166.000000	-7.572500	0.932850
4167.000000	-7.659900	0.932558
4168.000000	-7.745000	0.932434
4169.000000	-7.829000	0.932266
4170.000000	-7.916399	0.931850
4171.000000	-8.002000	0.931530
4172.000000	-8.089199	0.931735
4173.000000	-8.177400	0.931970
4174.000000	-8.263900	0.932061
4175.000000	-8.349699	0.932295
4176.000000	-8.436199	0.933003
4177.000000	-8.522900	0.933199
4178.000000	-8.610700	0.933113
4179.000000	-8.695100	0.933070
4180.000000	-8.782399	0.932989
4181.000000	-8.868299	0.932510
4182.000000	-8.953400	0.932568
4183.000000	-9.038599	0.933663
4184.000000	-9.125400	0.936026
4185.000000	-9.209100	0.940188
4186.000000	-9.293699	0.947388
4187.000000	-9.377500	0.958395
4188.000000	-9.462199	0.973635
4189.000000	-9.544000	0.994057
4190.000000	-9.626100	1.020673
4191.000000	-9.708599	1.053666
4192.000000	-9.788699	1.093064
4193.000000	-9.870500	1.139810
4194.000000	-9.949399	1.194922
4195.000000	-10.025900	1.259090
4196.000000	-10.102099	1.333533
4197.000000	-10.175300	1.420869
4198.000000	-10.247199	1.523535
4199.000000	-10.317599	1.643777
4200.000000	-10.382899	1.785167
4201.000000	-10.441799	1.952179
4202.000000	-10.498599	2.149385
4203.000000	-10.549799	2.381569
4204.000000	-10.596800	2.654438
4205.000000	-10.638999	2.972733
4206.000000	-10.672600	3.339744
4207.000000	-10.705699	3.754505
4208.000000	-10.735800	4.212205
4209.000000	-10.766399	4.703218
4210.000000	-10.799999	5.212629
4211.000000	-10.835500	5.723886
4212.000000	-10.874499	6.223041
4213.000000	-10.917899	6.697516
4214.000000	-10.971899	7.135570
4215.000000	-11.028600	7.528002
4216.000000	-11.094500	7.865641
4217.000000	-11.171100	8.138132
4218.000000	-11.258499	8.333702
4219.000000	-11.358500	8.442525
4220.000000	-11.466199	8.459134
4221.000000	-11.580500	8.383681
4222.000000	-11.699699	8.221951
4223.000000	-11.827700	7.983366
4224.000000	-11.956599	7.682556
4225.000000	-12.083699	7.337751
4226.000000	-12.211800	6.967252
4227.000000	-12.334000	6.586670
4228.000000	-12.454599	6.212058
4229.000000	-12.571099	5.855393
4230.000000	-12.688600	5.521935
4231.000000	-12.805499	5.212566
4232.000000	-12.917700	4.926346
4233.000000	-13.024799	4.661270
4234.000000	-13.131999	4.414352
4235.000000	-13.240000	4.183665
4236.000000	-13.347199	3.967521
4237.000000	-13.453599	3.764642
4238.000000	-13.557400	3.573205
4239.000000	-13.661699	3.391809
4240.000000	-13.765499	3.219090
4241.000000	-13.867999	3.054375
4242.000000	-13.967799	2.896443
4243.000000	-14.070899	2.744624
4244.000000	-14.172199	2.598909
4245.000000	-14.275199	2.459107
4246.000000	-14.374299	2.324375
4247.000000	-14.472799	2.195121
4248.000000	-14.570099	2.071794
4249.000000	-14.668399	1.955025
4250.000000	-14.765200	1.846250
4251.000000	-14.862700	1.746559
4252.000000	-14.956699	1.656903
4253.000000	-15.049099	1.577327
4254.000000	-15.141699	1.507328
4255.000000	-15.235199	1.445528
4256.000000	-15.326799	1.391377
4257.000000	-15.416599	1.343431
4258.000000	-15.509100	1.301105
4259.000000	-15.599100	1.263481
4260.000000	-15.689499	1.230307
4261.000000	-15.780899	1.200811
4262.000000	-15.869299	1.174391
4263.000000	-15.956900	1.150525
4264.000000	-16.046299	1.128989
4265.000000	-16.133900	1.109223
4266.000000	-16.221800	1.090811
4267.000000	-16.309299	1.074016
4268.000000	-16.397200	1.058689
4269.000000	-16.485600	1.044692
4270.000000	-16.570799	1.031872
4271.000000	-16.660200	1.020486
4272.000000	-16.745699	1.010398
4273.000000	-16.832199	1.001419
4274.000000	-16.920399	0.993282
4275.000000	-17.009800	0.986240
4276.000000	-17.095499	0.980179
4277.000000	-17.185200	0.974602
4278.000000	-17.272499	0.969211
4279.000000	-17.357300	0.964016
4280.000000	-17.444698	0.958624
4281.000000	-17.530600	0.952760
4282.000000	-17.618799	0.946244
4283.000000	-17.706699	0.939313
4284.000000	-17.792099	0.931984
4285.000000	-17.879900	0.924302
4286.000000	-17.966299	0.916313
4287.000000	-18.052999	0.908190
4288.000000	-18.142399	0.900120
4289.000000	-18.231699	0.892294
4290.000000	-18.318998	0.885143
4291.000000	-18.407799	0.878857
4292.000000	-18.494499	0.873160
4293.000000	-18.579899	0.867869
4294.000000	-18.665899	0.863104
4295.000000	-18.752998	0.858306
4296.000000	-18.841400	0.853341
4297.000000	-18.928699	0.848902
4298.000000	-19.014198	0.844788
4299.000000	-19.100599	0.841348
4300.000000	-19.187599	0.838583
4301.000000	-19.273298	0.836153
4302.000000	-19.362299	0.833881
4303.000000	-19.449900	0.832250
4304.000000	-19.535000	0.830628
4305.000000	-19.623600	0.829212
4306.000000	-19.710600	0.828117
4307.000000	-19.797298	0.827064
4308.000000	-19.883299	0.825658
