0	26.094999	-0.35509	36.6013450	0.000000 	-0.000035	-0.72525	0.001024
0.016667	26.08	-0.397636	36.6012800	-0.000065 	-0.000042	-0.72275	0.001338
0.033333	26.073999	-0.411819	36.6011580	-0.000187 	-0.00005	-0.71975	0.001581
0.05	26.052999	-0.397637	36.6010320	-0.000313 	-0.000053	-0.71775	0.001851
0.066667	26.042999	-0.355092	36.6010320	-0.000313 	-0.000055	-0.7175	0.002077
0.083333	26.042999	-0.284184	36.6010930	-0.000252 	-0.000064	-0.716125	0.002127
0.1	26.042999	-0.184912	36.6009670	-0.000378 	-0.000069	-0.711875	0.001953
0.116667	26.042999	-0.106365	36.6008760	-0.000469 	-0.000073	-0.71075	0.001813
0.133333	26.042999	-0.027273	36.6008760	-0.000469 	-0.000075	-0.70725	0.001625
0.15	26.042999	0	36.6008110	-0.000534 	-0.000076	-0.704625	0.001393
0.166667	26.042999	0	36.6005630	-0.000782 	-0.000078	-0.704375	0.001144
0.183333	26.042999	0.013639	36.6004680	-0.000877 	-0.000068	-0.705125	0.000833
0.2	26.042999	0.024551	36.6004070	-0.000938 	-0.000071	-0.703375	0.000606
0.216667	26.042999	0.032734	36.6004370	-0.000908 	-0.00007	-0.704125	0.000415
0.233333	26.042999	0.03819	36.6004370	-0.000908 	-0.000068	-0.704375	0.000377
0.25	26.042999	0.040918	36.6003110	-0.001034 	-0.000064	-0.702375	0.000462
0.266667	26.048	0.040918	36.6003760	-0.000969 	-0.000072	-0.702375	0.000642
0.283333	26.048	0.024551	36.6000630	-0.001282 	-0.000077	-0.702875	0.000844
0.3	26.048	-0.008176	36.6000940	-0.001251 	-0.000081	-0.701625	0.00111
0.316667	26.048	-0.051271	36.5999680	-0.001377 	-0.000092	-0.700625	0.001351
0.333333	26.048	-0.088365	36.5999070	-0.001438 	-0.000093	-0.69975	0.001514
0.35	26.048	-0.10582	36.5997510	-0.001594 	-0.000097	-0.697	0.001785
0.366667	26.042999	-0.103637	36.5997810	-0.001564 	-0.000097	-0.694125	0.002075
0.383333	26.037001	-0.109092	36.5997200	-0.001625 	-0.00011	-0.692625	0.002293
0.4	26.032	-0.10582	36.5994070	-0.001938 	-0.00012	-0.690125	0.002445
0.416667	26.032	-0.093821	36.5994070	-0.001938 	-0.000128	-0.68875	0.002461
0.433333	26.037001	-0.073093	36.5993120	-0.002033 	-0.00014	-0.685625	0.002467
0.45	26.037001	-0.043638	36.5990940	-0.002251 	-0.000146	-0.681875	0.002443
0.466667	26.032	-0.035457	36.5989380	-0.002407 	-0.00014	-0.67875	0.002408
0.483333	26.032	-0.038181	36.5987510	-0.002594 	-0.000128	-0.676875	0.002299
0.5	26.032	-0.038183	36.5986560	-0.002689 	-0.000128	-0.676125	0.002131
0.516667	26.032	-0.024545	36.5984080	-0.002937 	-0.000125	-0.6725	0.001967
0.533333	26.032	0.002731	36.5984080	-0.002937 	-0.000116	-0.671	0.001877
0.55	26.027	0.030007	36.5983730	-0.002972 	-0.000103	-0.6695	0.001836
0.566667	26.027	0.040917	36.5982820	-0.003063 	-0.00009	-0.668	0.001815
0.583333	26.032	0.065458	36.5981250	-0.003220 	-0.000083	-0.667375	0.00182
0.6	26.037001	0.111273	36.5979390	-0.003406 	-0.000074	-0.664375	0.001669
0.616667	26.037001	0.175632	36.5978740	-0.003471 	-0.000084	-0.661625	0.001528
0.633333	26.037001	0.222538	36.5979390	-0.003406 	-0.000089	-0.66025	0.001352
0.65	26.037001	0.2929	36.5979080	-0.003437 	-0.000086	-0.65925	0.001157
0.666667	26.042999	0.388905	36.5977820	-0.003563 	-0.000076	-0.657	0.000968
0.683333	26.052999	0.559084	36.5977520	-0.003593 	-0.000077	-0.657375	0.000784
0.7	26.063999	0.742358	36.5974390	-0.003906 	-0.000075	-0.65775	0.000616
0.716667	26.063999	0.984545	36.5973740	-0.003971 	-0.000077	-0.657375	0.000511
0.733333	26.084999	1.202728	36.5973740	-0.003971 	-0.000074	-0.656875	0.000483
0.75	26.106001	1.369094	36.5974390	-0.003906 	-0.000066	-0.656	0.000527
0.766667	26.143	1.551823	36.5972180	-0.004127 	-0.000059	-0.65425	0.000751
0.783333	26.164	1.741097	36.5973130	-0.004032 	-0.000043	-0.654875	0.00103
0.8	26.211	1.906367	36.5971870	-0.004158 	-0.000042	-0.654875	0.00129
0.816667	26.237	2.030729	36.5970950	-0.004250 	-0.000044	-0.6535	0.001525
0.833333	26.257999	2.167636	36.5970610	-0.004284 	-0.000049	-0.65175	0.001763
0.85	26.301001	2.30291	36.5970310	-0.004314 	-0.000043	-0.649	0.002066
0.866667	26.343	2.485092	36.5970950	-0.004250 	-0.000051	-0.64575	0.002534
0.883333	26.379	2.634	36.5970310	-0.004314 	-0.000055	-0.643375	0.002939
0.9	26.427	2.84782	36.5969390	-0.004406 	-0.00006	-0.6415	0.003353
0.916667	26.479	3.021817	36.5968130	-0.004532 	-0.000065	-0.638875	0.003808
0.933333	26.532	3.122177	36.5968440	-0.004501 	-0.000073	-0.634875	0.004231
0.95	26.59	3.206727	36.5966870	-0.004658 	-0.000078	-0.629125	0.004597
0.966667	26.642	3.277638	36.5965610	-0.004784 	-0.000078	-0.62475	0.004968
0.983333	26.705	3.353454	36.5965310	-0.004814 	-0.00008	-0.6185	0.005327
1	26.757999	3.479997	36.5965000	-0.004845 	-0.000087	-0.612	0.005641
1.016667	26.809999	3.593455	36.5963750	-0.004970 	-0.000094	-0.6065	0.005916
1.033333	26.863001	3.731999	36.5963440	-0.005001 	-0.000096	-0.602	0.006145
1.05	26.92	3.901092	36.5962180	-0.005127 	-0.000092	-0.596375	0.006289
1.066667	26.993999	4.039637	36.5960920	-0.005253 	-0.000089	-0.589625	0.006416
1.083333	27.077999	4.232182	36.5959050	-0.005440 	-0.000086	-0.582125	0.006616
1.1	27.141001	4.459093	36.5958440	-0.005501 	-0.000083	-0.57425	0.00684
1.116667	27.219	4.637453	36.5957180	-0.005627 	-0.000083	-0.567125	0.007044
1.133333	27.298	4.739454	36.5958140	-0.005531 	-0.000089	-0.562375	0.007157
1.15	27.365999	4.81091	36.5957790	-0.005566 	-0.000094	-0.554625	0.007166
1.166667	27.455	4.846364	36.5956570	-0.005688 	-0.000091	-0.5465	0.007148
1.183333	27.554001	4.925453	36.5955010	-0.005844 	-0.000098	-0.539375	0.007215
1.2	27.632999	4.943453	36.5954060	-0.005939 	-0.000099	-0.531875	0.007337
1.216667	27.705999	4.984906	36.5951230	-0.006222 	-0.000096	-0.524375	0.007436
1.233333	27.795	5.028	36.5950320	-0.006313 	-0.000089	-0.517875	0.007435
1.25	27.868	5.020908	36.5951230	-0.006222 	-0.000086	-0.510875	0.007417
1.266667	27.958	5.00727	36.5949360	-0.006409 	-0.000081	-0.50225	0.007513
1.283333	28.035999	5.069458	36.5949670	-0.006378 	-0.000079	-0.4945	0.007607
1.3	28.129999	5.101093	36.5950010	-0.006344 	-0.000074	-0.487625	0.007684
1.316667	28.218	5.08309	36.5948450	-0.006500 	-0.000081	-0.479625	0.007728
1.333333	28.302	5.10873	36.5946240	-0.006721 	-0.000099	-0.47275	0.007553
1.35	28.379999	5.136548	36.5945630	-0.006782 	-0.00011	-0.463625	0.007459
1.366667	28.474001	5.15346	36.5944670	-0.006878 	-0.000112	-0.455625	0.007347
1.383333	28.552	5.178003	36.5944370	-0.006908 	-0.000116	-0.44825	0.00721
1.4	28.629999	5.254366	36.5943110	-0.007034 	-0.000115	-0.44125	0.007027
1.416667	28.724001	5.34655	36.5940320	-0.007313 	-0.000108	-0.43725	0.006851
1.433333	28.823	5.451822	36.5938760	-0.007469 	-0.000104	-0.42775	0.006585
1.45	28.902	5.512361	36.5940320	-0.007313 	-0.000105	-0.421875	0.006482
1.466667	29	5.602365	36.5937810	-0.007564 	-0.00011	-0.415625	0.006476
1.483333	29.099001	5.67	36.5936240	-0.007721 	-0.000111	-0.409125	0.006598
1.5	29.193001	5.673816	36.5936550	-0.007690 	-0.000108	-0.402875	0.006753
1.516667	29.292	5.677093	36.5936240	-0.007721 	-0.000103	-0.39775	0.006693
1.533333	29.379999	5.707092	36.5933760	-0.007969 	-0.000112	-0.390125	0.0067
1.55	29.478001	5.671636	36.5931890	-0.008156 	-0.000114	-0.382875	0.006752
1.566667	29.577	5.671634	36.5930330	-0.008312 	-0.000132	-0.374375	0.006708
1.583333	29.665001	5.704364	36.5929990	-0.008346 	-0.000153	-0.36725	0.006672
1.6	29.759001	5.740364	36.5931240	-0.008221 	-0.000161	-0.362	0.006633
1.616667	29.857	5.806907	36.5928120	-0.008533 	-0.000152	-0.356875	0.006462
1.633333	29.945	5.862541	36.5925640	-0.008781 	-0.000151	-0.34875	0.006197
1.65	30.049	5.934543	36.5922200	-0.009125 	-0.000166	-0.34375	0.00591
1.666667	30.152	6.033814	36.5920300	-0.009315 	-0.000185	-0.337	0.005707
1.683333	30.250999	6.119452	36.5919690	-0.009376 	-0.000195	-0.330125	0.005459
1.7	30.355	6.186547	36.5920300	-0.009315 	-0.000195	-0.324625	0.00525
1.716667	30.458	6.259638	36.5918430	-0.009502 	-0.000194	-0.32125	0.005103
1.733333	30.562	6.297273	36.5914080	-0.009937 	-0.00019	-0.316625	0.005102
1.75	30.67	6.357272	36.5911560	-0.010189 	-0.000188	-0.31175	0.005115
1.766667	30.778	6.400912	36.5910000	-0.010345 	-0.000189	-0.30875	0.00526
1.783333	30.881001	6.41509	36.5906870	-0.010658 	-0.000183	-0.3025	0.005618
1.8	30.99	6.427631	36.5905950	-0.010750 	-0.000163	-0.295375	0.006019
1.816667	31.098	6.433089	36.5905000	-0.010845 	-0.000146	-0.289625	0.006342
1.833333	31.212	6.418362	36.5904690	-0.010876 	-0.000143	-0.2835	0.006731
1.85	31.315001	6.424364	36.5902820	-0.011063 	-0.000146	-0.276625	0.006981
1.866667	31.417999	6.434728	36.5901570	-0.011188 	-0.00015	-0.268125	0.007059
1.883333	31.525999	6.446727	36.5900310	-0.011314 	-0.000167	-0.261375	0.007169
1.9	31.634001	6.474541	36.5897830	-0.011562 	-0.000175	-0.2545	0.007345
1.916667	31.737	6.54272	36.5895920	-0.011753 	-0.000181	-0.24525	0.007341
1.933333	31.85	6.659448	36.5894050	-0.011940 	-0.000181	-0.239875	0.007234
1.95	31.958	6.783818	36.5892180	-0.012127 	-0.000183	-0.232875	0.007117
1.966667	32.070999	6.847632	36.5889360	-0.012409 	-0.000183	-0.2245	0.007183
1.983333	32.183998	6.911445	36.5889050	-0.012440 	-0.000175	-0.216	0.00723
2	32.307999	6.928902	36.5887180	-0.012627 	-0.000191	-0.211	0.007262
2.016667	32.431	6.951818	36.5885310	-0.012814 	-0.000189	-0.204875	0.007422
2.033334	32.554001	6.988911	36.5883450	-0.013000 	-0.000198	-0.197625	0.007484
2.05	32.655998	6.977463	36.5881230	-0.013222 	-0.000203	-0.188	0.00748
2.066667	32.773998	6.931098	36.5880620	-0.013283 	-0.000207	-0.1805	0.007509
2.083333	32.876999	6.883093	36.5874370	-0.013908 	-0.000196	-0.172875	0.007682
2.1	33.004002	6.864	36.5875930	-0.013752 	-0.000192	-0.164875	0.007784
2.116667	33.126999	6.833458	36.5871540	-0.014191 	-0.000192	-0.157375	0.007792
2.133333	33.235001	6.843831	36.5870320	-0.014313 	-0.000187	-0.15075	0.00768
2.15	33.341999	6.886913	36.5869670	-0.014378 	-0.000187	-0.143625	0.007639
2.166667	33.459999	6.981822	36.5869370	-0.014408 	-0.000172	-0.1345	0.007553
2.183333	33.577	7.027632	36.5865940	-0.014751 	-0.000183	-0.12575	0.007518
2.2	33.679001	7.081642	36.5863110	-0.015034 	-0.000187	-0.118125	0.007518
2.216667	33.796001	7.166182	36.5862200	-0.015125 	-0.000206	-0.112125	0.007534
2.233333	33.933998	7.232733	36.5859380	-0.015407 	-0.000221	-0.105	0.007464
2.25	34.067001	7.270363	36.5859070	-0.015438 	-0.00023	-0.098375	0.007367
2.266667	34.183998	7.334175	36.5856550	-0.015690 	-0.000229	-0.09	0.007373
2.283334	34.296001	7.399633	36.5852510	-0.016094 	-0.000231	-0.08225	0.007397
2.3	34.417999	7.35491	36.5849990	-0.016346 	-0.00024	-0.074375	0.007314
2.316667	34.540001	7.331464	36.5847820	-0.016563 	-0.000242	-0.067625	0.007092
2.333333	34.661999	7.346183	36.5845640	-0.016781 	-0.00025	-0.060125	0.006835
2.35	34.793999	7.377823	36.5843120	-0.017033 	-0.000251	-0.052125	0.006442
2.366667	34.921001	7.420909	36.5841560	-0.017189 	-0.000253	-0.04575	0.00589
2.383333	35.027	7.440547	36.5838430	-0.017502 	-0.000267	-0.04125	0.004917
2.4	35.164001	7.47218	36.5836260	-0.017719 	-0.000282	-0.036125	0.003431
2.416667	35.285999	7.499998	36.5833130	-0.018032 	-0.000287	-0.03025	0.001457
2.433333	35.403	7.477628	36.5829700	-0.018375 	-0.000291	-0.02625	-0.000876
2.45	35.534	7.49835	36.5826570	-0.018688 	-0.000289	-0.025375	-0.003185
2.466667	35.660999	7.535441	36.5822830	-0.019062 	-0.000285	-0.031	-0.005322
2.483333	35.792	7.503809	36.5819700	-0.019375 	-0.000281	-0.0415	-0.007167
2.5	35.918999	7.521276	36.5818440	-0.019501 	-0.000271	-0.05375	-0.008517
2.516667	36.029999	7.490734	36.5815620	-0.019783 	-0.000262	-0.067875	-0.009207
2.533334	36.160999	7.374552	36.5813750	-0.019970 	-0.000266	-0.0785	-0.009139
2.55	36.287998	7.281832	36.5810010	-0.020344 	-0.000266	-0.087625	-0.008353
2.566667	36.409	7.204921	36.5807800	-0.020565 	-0.000276	-0.095	-0.00714
2.583333	36.539001	7.143835	36.5805320	-0.020813 	-0.000283	-0.101	-0.005918
2.6	36.650002	7.178743	36.5802800	-0.021065 	-0.000285	-0.1065	-0.004807
2.616667	36.750999	7.178737	36.5798110	-0.021534 	-0.00029	-0.109875	-0.003858
2.633333	36.872002	7.25564	36.5796240	-0.021721 	-0.00029	-0.111875	-0.00304
2.65	36.993	7.353264	36.5792500	-0.022095 	-0.000286	-0.113	-0.002386
2.666667	37.108002	7.477083	36.5790940	-0.022251 	-0.000281	-0.116625	-0.001883
2.683333	37.254002	7.6489	36.5787810	-0.022564 	-0.000269	-0.119375	-0.001478
2.7	37.375	7.762897	36.5784380	-0.022907 	-0.000265	-0.119125	-0.001243
2.716667	37.514999	7.781443	36.5781250	-0.023220 	-0.000275	-0.1195	-0.001066
2.733334	37.640999	7.775994	36.5780300	-0.023315 	-0.000278	-0.120375	-0.000892
2.75	37.776001	7.795632	36.5777210	-0.023624 	-0.000286	-0.121375	-0.000643
2.766667	37.910999	7.807641	36.5775640	-0.023781 	-0.000289	-0.121625	-0.000534
2.783334	38.030998	7.880739	36.5770950	-0.024250 	-0.000297	-0.122875	-0.00056
2.8	38.151001	7.91237	36.5767170	-0.024628 	-0.000312	-0.123375	-0.000539
2.816667	38.277	7.932554	36.5764690	-0.024876 	-0.000326	-0.12375	-0.000452
2.833333	38.422001	7.960914	36.5761870	-0.025158 	-0.000324	-0.123125	-0.00032
2.85	38.567001	7.989274	36.5758740	-0.025471 	-0.00033	-0.123875	-0.000133
2.866667	38.706001	8.048177	36.5754700	-0.025875 	-0.00033	-0.125	0.000098
2.883333	38.835999	8.089084	36.5750920	-0.026253 	-0.000338	-0.125375	0.000305
2.9	38.956001	8.084723	36.5748140	-0.026531 	-0.00035	-0.12475	0.000524
2.916667	39.096001	8.047084	36.5746230	-0.026722 	-0.000358	-0.12375	0.000903
2.933333	39.224998	8.047629	36.5741230	-0.027222 	-0.000358	-0.122	0.001426
2.95	39.363998	8.065088	36.5737190	-0.027626 	-0.000353	-0.120875	0.001897
2.966667	39.504002	8.068915	36.5733450	-0.028000 	-0.00035	-0.11975	0.002178
2.983334	39.638	8.095634	36.5729680	-0.028377 	-0.000346	-0.11825	0.002426
3	39.771999	8.064002	36.5725940	-0.028751 	-0.000339	-0.11325	0.002641
3.016667	39.910999	8.007277	36.5723420	-0.029003 	-0.000329	-0.10875	0.002876
3.033334	40.041	7.966367	36.5720630	-0.029282 	-0.000327	-0.106125	0.003095
3.05	40.164001	7.955456	36.5717200	-0.029625 	-0.000323	-0.105375	0.003169
3.066667	40.307999	7.934183	36.5714680	-0.029877 	-0.000321	-0.10175	0.0032
3.083333	40.437	7.922187	36.5711250	-0.030220 	-0.000327	-0.0985	0.003203
3.1	40.556	7.903092	36.5706860	-0.030659 	-0.000337	-0.094	0.003291
3.116667	40.699001	7.926542	36.5703430	-0.031002 	-0.000344	-0.0905	0.003489
3.133333	40.838001	7.96036	36.5700950	-0.031250 	-0.000351	-0.08875	0.003707
3.15	40.960999	7.963636	36.5697820	-0.031563 	-0.000358	-0.084625	0.003882
3.166667	41.095001	8.026907	36.5693440	-0.032001 	-0.000363	-0.08	0.004135
3.183333	41.223	8.088002	36.5689700	-0.032375 	-0.000368	-0.0765	0.004395
3.2	41.362	8.106542	36.5686260	-0.032719 	-0.000366	-0.072125	0.004676
3.216667	41.5	8.153996	36.5682180	-0.033127 	-0.000369	-0.0675	0.004949
3.233334	41.632999	8.192732	36.5678440	-0.033501 	-0.000367	-0.061625	0.005016
3.25	41.776001	8.214544	36.5674360	-0.033909 	-0.00036	-0.0555	0.005116
3.266667	41.914001	8.217819	36.5670320	-0.034313 	-0.000357	-0.05	0.005234
3.283334	42.050999	8.200364	36.5669060	-0.034439 	-0.000361	-0.04525	0.00527
3.3	42.188999	8.138181	36.5664370	-0.034908 	-0.000367	-0.039875	0.005201
3.316667	42.317001	8.104903	36.5660630	-0.035282 	-0.000367	-0.036375	0.005135
3.333333	42.459	8.081995	36.5657500	-0.035595 	-0.000369	-0.030125	0.005124
3.35	42.591	8.108181	36.5653760	-0.035969 	-0.000375	-0.024375	0.005142
3.366667	42.729	8.140918	36.5648770	-0.036468 	-0.000378	-0.01925	0.005264
3.383333	42.847	8.163826	36.5644380	-0.036907 	-0.000366	-0.015375	0.005451
3.4	42.988998	8.210184	36.5642200	-0.037125 	-0.000357	-0.0095	0.005675
3.416667	43.131001	8.228737	36.5638120	-0.037533 	-0.000355	-0.00375	0.005777
3.433333	43.277	8.263639	36.5634080	-0.037937 	-0.000352	0.001125	0.005969
3.45	43.414001	8.309451	36.5631560	-0.038189 	-0.000348	0.008125	0.006192
3.466667	43.546001	8.378174	36.5628740	-0.038471 	-0.000351	0.0155	0.006368
3.483334	43.688	8.399988	36.5625610	-0.038784 	-0.000359	0.022	0.006501
3.5	43.824001	8.427258	36.5620610	-0.039284 	-0.000366	0.0275	0.006619
3.516667	43.960999	8.427265	36.5616870	-0.039658 	-0.000376	0.03475	0.00668
3.533334	44.106998	8.438717	36.5613140	-0.040031 	-0.000385	0.0415	0.006824
3.55	44.252998	8.447999	36.5609700	-0.040375 	-0.00039	0.0475	0.007186
3.566667	44.398998	8.420186	36.5605930	-0.040752 	-0.000389	0.05525	0.007698
3.583333	44.541	8.389099	36.5601230	-0.041222 	-0.00038	0.062	0.008176
3.6	44.671001	8.349289	36.5597190	-0.041626 	-0.000385	0.068125	0.008553
3.616667	44.807999	8.304557	36.5594060	-0.041939 	-0.00039	0.0785	0.008884
3.633333	44.949001	8.265831	36.5589980	-0.042347 	-0.000389	0.090375	0.009152
3.65	45.084	8.266365	36.5586240	-0.042721 	-0.00039	0.10125	0.009263
3.666667	45.220001	8.27945	36.5583420	-0.043003 	-0.000389	0.109875	0.009256
3.683334	45.360001	8.287088	36.5577810	-0.043564 	-0.000394	0.118625	0.009097
3.7	45.500999	8.291461	36.5573770	-0.043968 	-0.000396	0.127125	0.008815
3.716667	45.636002	8.313277	36.5570950	-0.044250 	-0.000393	0.136125	0.008577
3.733334	45.780998	8.355275	36.5566250	-0.044720 	-0.000391	0.144375	0.008503
3.75	45.916	8.358	36.5562520	-0.045093 	-0.000393	0.151875	0.008659
3.766667	46.047001	8.261997	36.5558130	-0.045532 	-0.00038	0.15975	0.008877
3.783334	46.191002	8.189448	36.5555000	-0.045845 	-0.000381	0.16925	0.009102
3.8	46.337002	8.138171	36.5551260	-0.046219 	-0.000385	0.178	0.009376
3.816667	46.480999	8.068357	36.5547490	-0.046596 	-0.000382	0.18725	0.009705
3.833333	46.611	8.039989	36.5542830	-0.047062 	-0.000374	0.198625	0.010103
3.85	46.716999	8.026351	36.5540620	-0.047283 	-0.000367	0.209125	0.010556
3.866667	46.856998	8.008898	36.5535620	-0.047783 	-0.000363	0.218625	0.010939
3.883333	46.994999	8.025812	36.5531580	-0.048187 	-0.000358	0.2295	0.011343
3.9	47.125	8.097278	36.5527800	-0.048565 	-0.00037	0.240375	0.011652
3.916667	47.264	8.23473	36.5526240	-0.048721 	-0.00038	0.252875	0.011876
3.933334	47.403999	8.37328	36.5522190	-0.049126 	-0.000401	0.26675	0.012133
3.95	47.542999	8.413647	36.5519070	-0.049438 	-0.000403	0.27875	0.01238
3.966667	47.681999	8.534188	36.5514980	-0.049847 	-0.000413	0.291625	0.012685
3.983334	47.825001	8.641644	36.5507810	-0.050564 	-0.000421	0.3035	0.012972
4	47.973999	8.709821	36.5504070	-0.050938 	-0.000432	0.315625	0.013184
4.016667	48.117001	8.771461	36.5498430	-0.051502 	-0.000427	0.328375	0.013464
4.033334	48.255001	8.800371	36.5496560	-0.051689 	-0.000415	0.3415	0.013897
4.05	48.424	8.804729	36.5491870	-0.052158 	-0.000399	0.357875	0.01434
4.066667	48.567001	8.785089	36.5488430	-0.052502 	-0.000384	0.37225	0.014752
4.083333	48.710999	8.749093	36.5483740	-0.052971 	-0.000376	0.386125	0.015026
4.1	48.859001	8.729999	36.5480310	-0.053314 	-0.000372	0.40175	0.01529
4.116667	48.998001	8.695094	36.5477490	-0.053596 	-0.000374	0.41825	0.01544
4.133334	49.140999	8.589821	36.5473140	-0.054031 	-0.000372	0.434375	0.015531
4.15	49.285	8.57236	36.5468750	-0.054470 	-0.000379	0.449375	0.015755
4.166667	49.428001	8.555452	36.5466580	-0.054687 	-0.000378	0.463625	0.016026
4.183333	49.576	8.542361	36.5461880	-0.055157 	-0.00039	0.480875	0.016289
4.2	49.719002	8.533085	36.5458760	-0.055469 	-0.000403	0.496125	0.016563
4.216667	49.848	8.51727	36.5454060	-0.055939 	-0.000418	0.512625	0.016894
4.233334	49.995998	8.519444	36.5449370	-0.056408 	-0.000436	0.530125	0.017318
4.25	50.139	8.540174	36.5446550	-0.056690 	-0.00046	0.548375	0.017736
4.266667	50.282001	8.557631	36.5440940	-0.057251 	-0.000468	0.56675	0.018131
4.283334	50.419998	8.591455	36.5436250	-0.057720 	-0.000477	0.584375	0.018651
4.3	50.563	8.638916	36.5430640	-0.058281 	-0.000473	0.602375	0.01925
4.316667	50.710999	8.641092	36.5425640	-0.058781 	-0.000472	0.621875	0.019876
4.333333	50.859001	8.649817	36.5420000	-0.059345 	-0.000475	0.64125	0.020552
4.35	51.000999	8.668361	36.5416560	-0.059689 	-0.00046	0.662	0.021177
4.366667	51.144001	8.691272	36.5411870	-0.060158 	-0.00044	0.68375	0.021515
4.383334	51.291	8.675447	36.5408440	-0.060501 	-0.000421	0.70775	0.02179
4.4	51.433998	8.648179	36.5403440	-0.061001 	-0.000409	0.730875	0.021861
4.416667	51.576	8.626357	36.5398140	-0.061531 	-0.000398	0.754625	0.021841
4.433333	51.723999	8.626904	36.5395010	-0.061844 	-0.000398	0.7765	0.021698
4.45	51.870998	8.630728	36.5392800	-0.062065 	-0.000395	0.79375	0.021392
4.466667	52.008999	8.624733	36.5388450	-0.062500 	-0.000397	0.816625	0.021083
4.483334	52.151001	8.63619	36.5384060	-0.062939 	-0.000398	0.837	0.020886
4.5	52.292999	8.652001	36.5380330	-0.063312 	-0.000406	0.8585	0.020759
4.516667	52.439999	8.653099	36.5375940	-0.063751 	-0.00042	0.879875	0.020674
4.533334	52.587002	8.659095	36.5371860	-0.064159 	-0.000429	0.899125	0.02066
4.55	52.729	8.670005	36.5367200	-0.064625 	-0.000428	0.920375	0.020547
4.566667	52.875999	8.697273	36.5362820	-0.065063 	-0.00042	0.941375	0.020557
4.583333	53.022999	8.782371	36.5358120	-0.065533 	-0.000412	0.961875	0.020525
4.6	53.165001	8.830914	36.5354080	-0.065937 	-0.000406	0.9805	0.020452
4.616667	53.306999	8.862541	36.5350300	-0.066315 	-0.000397	1.001	0.02038
4.633334	53.449001	8.880004	36.5345950	-0.066750 	-0.000385	1.023	0.020261
4.65	53.605	8.866912	36.5343440	-0.067001 	-0.000372	1.044125	0.020151
4.666667	53.775002	8.853817	36.5339700	-0.067375 	-0.000362	1.06425	0.020172
4.683333	53.916	8.843992	36.5335010	-0.067844 	-0.000361	1.083	0.020201
4.7	54.057999	8.804727	36.5331570	-0.068188 	-0.000361	1.10225	0.020164
4.716667	54.200001	8.736542	36.5328450	-0.068500 	-0.000361	1.122625	0.020024
4.733334	54.341	8.642724	36.5325620	-0.068783 	-0.00037	1.142	0.019989
4.75	54.487	8.590905	36.5321880	-0.069157 	-0.000371	1.164	0.020043
4.766667	54.633999	8.619274	36.5317190	-0.069626 	-0.000373	1.184125	0.020121
4.783334	54.775002	8.646004	36.5313760	-0.069969 	-0.000383	1.20475	0.020258
4.8	54.916	8.682549	36.5310330	-0.070312 	-0.000386	1.22275	0.020373
4.816667	55.057999	8.713646	36.5305330	-0.070812 	-0.000394	1.243	0.020532
4.833333	55.208	8.733829	36.5302200	-0.071125 	-0.000403	1.263625	0.020624
4.85	55.354	8.805822	36.5298120	-0.071533 	-0.000402	1.283875	0.020838
4.866667	55.5	8.873997	36.5293730	-0.071972 	-0.000399	1.306625	0.020964
4.883334	55.650002	8.815638	36.5290950	-0.072250 	-0.000386	1.32775	0.021024
4.9	55.796001	8.725088	36.5285610	-0.072784 	-0.000371	1.349375	0.020962
4.916667	55.942001	8.632899	36.5280300	-0.073315 	-0.00036	1.37	0.020901
4.933333	56.105999	8.563624	36.5277820	-0.073563 	-0.000345	1.391875	0.021
4.95	56.251999	8.520535	36.5275000	-0.073845 	-0.00034	1.411375	0.021087
4.966667	56.360001	8.490538	36.5273130	-0.074032 	-0.000339	1.430625	0.021205
4.983334	56.495998	8.508543	36.5269390	-0.074406 	-0.000339	1.4515	0.021234
5	56.640999	8.523818	36.5266270	-0.074718 	-0.000351	1.473	0.021155
5.016667	56.785999	8.560917	36.5263140	-0.075031 	-0.000369	1.49775	0.021085
5.033334	56.936001	8.666192	36.5258140	-0.075531 	-0.000377	1.52	0.02106
5.05	57.082001	8.78019	36.5254360	-0.075909 	-0.00039	1.540625	0.020967
5.066667	57.236	8.778555	36.5249670	-0.076378 	-0.000391	1.560125	0.020781
5.083333	57.376999	8.749096	36.5245320	-0.076813 	-0.000388	1.57825	0.02061
5.1	57.526001	8.751821	36.5242200	-0.077125 	-0.000376	1.5995	0.020552
5.116667	57.671001	8.795995	36.5239680	-0.077377 	-0.000359	1.620125	0.02068
5.133334	57.812	8.846726	36.5234380	-0.077907 	-0.000353	1.640875	0.020901
5.15	57.952	8.891451	36.5231250	-0.078220 	-0.000339	1.661625	0.021058
5.166667	58.097	8.957454	36.5228120	-0.078533 	-0.000339	1.683125	0.021144
5.183333	58.255001	9.015266	36.5225640	-0.078781 	-0.000346	1.706125	0.021156
5.2	58.418999	9.070354	36.5222210	-0.079124 	-0.000355	1.727125	0.021208
5.216667	58.568001	9.109632	36.5217820	-0.079563 	-0.000358	1.748375	0.021262
5.233334	58.716999	9.104183	36.5215950	-0.079750 	-0.000365	1.767875	0.021442
5.25	58.867001	9.035459	36.5210950	-0.080250 	-0.000366	1.788375	0.0216
5.266667	59.021	8.923096	36.5206570	-0.080688 	-0.00037	1.810625	0.021712
5.283334	59.169998	8.861466	36.5202480	-0.081097 	-0.000368	1.8325	0.021822
5.3	59.319	8.845642	36.5198750	-0.081470 	-0.000373	1.854375	0.021921
5.316667	59.463001	8.834739	36.5195920	-0.081753 	-0.000384	1.879125	0.022042
5.333333	59.602001	8.826008	36.5193440	-0.082001 	-0.000376	1.901375	0.02204
5.35	59.742001	8.812375	36.5189060	-0.082439 	-0.000373	1.9225	0.02204
5.366667	59.900002	8.848368	36.5185320	-0.082813 	-0.000371	1.94275	0.022109
5.383334	60.049	8.90181	36.5180020	-0.083343 	-0.000367	1.964625	0.022226
5.4	60.198002	8.98417	36.5175320	-0.083813 	-0.000369	1.987125	0.022322
5.416667	60.346001	9.060534	36.5173450	-0.084000 	-0.000372	2.00875	0.022715
5.433333	60.490002	9.095985	36.5169680	-0.084377 	-0.000369	2.032375	0.023288
5.45	60.647999	9.075258	36.5166550	-0.084690 	-0.000366	2.056	0.023717
5.466667	60.800999	9.071985	36.5164070	-0.084938 	-0.000355	2.079875	0.023989
5.483334	60.959	9.045259	36.5159380	-0.085407 	-0.000347	2.102625	0.024218
5.5	61.112	9.039268	36.5154690	-0.085876 	-0.000343	2.129125	0.024476
5.516667	61.259998	9.056726	36.5150640	-0.086281 	-0.000329	2.156375	0.024682
5.533334	61.403	9.01146	36.5147510	-0.086594 	-0.000322	2.178875	0.024915
5.55	61.551998	8.955279	36.5145300	-0.086815 	-0.000321	2.202375	0.025099
5.566667	61.695	8.931281	36.5143130	-0.087032 	-0.000319	2.227125	0.025228
5.583333	61.853001	8.964557	36.5140300	-0.087315 	-0.000318	2.25325	0.02529
5.6	62.014999	8.988007	36.5137830	-0.087562 	-0.000314	2.279375	0.025417
5.616667	62.153	9.00437	36.5133740	-0.087971 	-0.000317	2.30575	0.02559
5.633334	62.292	8.983639	36.5129050	-0.088440 	-0.00033	2.331	0.025595
5.65	62.449001	8.983635	36.5124700	-0.088875 	-0.000338	2.356125	0.025507
5.666667	62.610001	8.953088	36.5122180	-0.089127 	-0.000333	2.382625	0.025305
5.683333	62.752998	8.928001	36.5121230	-0.089222 	-0.000326	2.40825	0.025259
5.7	62.901001	8.916004	36.5117490	-0.089596 	-0.000307	2.432375	0.02523
5.716667	63.043999	8.876188	36.5112800	-0.090065 	-0.000296	2.456875	0.025301
5.733334	63.201	8.834182	36.5109370	-0.090408 	-0.000299	2.48225	0.025332
5.75	63.348	8.798176	36.5107800	-0.090565 	-0.000313	2.506	0.025342
5.766667	63.491001	8.792186	36.5104370	-0.090908 	-0.000319	2.533875	0.025332
5.783334	63.629002	8.802546	36.5102810	-0.091064 	-0.000309	2.559	0.025376
5.8	63.776001	8.838545	36.5099070	-0.091438 	-0.000307	2.5855	0.025364
5.816667	63.932999	8.85491	36.5094680	-0.091877 	-0.000306	2.61025	0.02542
5.833333	64.074997	8.90619	36.5090640	-0.092281 	-0.000314	2.6355	0.025557
5.85	64.218002	8.952	36.5088420	-0.092503 	-0.000314	2.659125	0.025617
5.866667	64.374001	8.954724	36.5086560	-0.092689 	-0.000319	2.684875	0.025813
5.883334	64.529999	8.936184	36.5082170	-0.093128 	-0.00031	2.71	0.025817
5.9	64.677002	8.932364	36.5080640	-0.093281 	-0.000299	2.737625	0.025656
5.916667	64.828003	8.971078	36.5076260	-0.093719 	-0.000287	2.765125	0.025489
5.933334	64.974998	8.976524	36.5073430	-0.094002 	-0.00028	2.7915	0.025343
5.95	65.112999	8.876179	36.5069390	-0.094406 	-0.000276	2.818125	0.025134
5.966667	65.264	8.774718	36.5067480	-0.094597 	-0.000269	2.840625	0.02492
5.983334	65.419998	8.682528	36.5065310	-0.094814 	-0.000268	2.8615	0.024788
6	65.575996	8.64327	36.5064050	-0.094940 	-0.000263	2.886875	0.024799
6.016667	65.722	8.627455	36.5061570	-0.095188 	-0.000258	2.912375	0.025018
6.033334	65.841003	8.621458	36.5057830	-0.095562 	-0.000262	2.938	0.025387
6.05	65.977997	8.669998	36.5054700	-0.095875 	-0.000281	2.96275	0.025926
6.066667	66.114998	8.761097	36.5052190	-0.096126 	-0.000293	2.99	0.026375
6.083333	66.275002	8.867997	36.5048750	-0.096470 	-0.000297	3.016	0.026541
6.1	66.421997	8.982546	36.5047800	-0.096565 	-0.000294	3.04325	0.026689
6.116667	66.568001	9.069268	36.5043450	-0.097000 	-0.000286	3.0705	0.026913
6.133334	66.740997	9.107467	36.5039060	-0.097439 	-0.000291	3.098125	0.027072
6.15	66.901001	9.106376	36.5036890	-0.097656 	-0.000296	3.125125	0.027154
6.166667	67.046997	9.097108	36.5035020	-0.097843 	-0.000296	3.15075	0.027284
6.183334	67.188004	9.115664	36.5032200	-0.098125 	-0.000297	3.17775	0.02728
6.2	67.324997	9.119476	36.5029680	-0.098377 	-0.000285	3.207	0.027199
6.216667	67.485001	9.104203	36.5024990	-0.098846 	-0.000282	3.23375	0.027047
6.233334	67.635002	9.126001	36.5022200	-0.099125 	-0.000287	3.2615	0.026941
6.25	67.799004	9.17127	36.5019990	-0.099346 	-0.000288	3.289625	0.026854
6.266667	67.954002	9.17507	36.5017200	-0.099625 	-0.000286	3.315375	0.026692
6.283334	68.108002	9.148349	36.5014990	-0.099846 	-0.000279	3.340875	0.026461
6.3	68.263	9.08397	36.5011560	-0.100189 	-0.000278	3.366125	0.026405
6.316667	68.407997	9.047965	36.5008740	-0.100471 	-0.000284	3.393125	0.026483
6.333333	68.557999	8.99997	36.5006260	-0.100719 	-0.000291	3.420125	0.026738
6.35	68.698997	8.996708	36.5003130	-0.101032 	-0.00029	3.44675	0.027115
6.366667	68.848999	9.01417	36.5000950	-0.101250 	-0.000282	3.472	0.027353
6.383334	69.002998	9.036001	36.4996570	-0.101688 	-0.000272	3.499625	0.027558
6.400001	69.156998	9.081827	36.4994050	-0.101940 	-0.000271	3.529	0.027638
6.416667	69.306999	9.130363	36.4990920	-0.102253 	-0.000269	3.558625	0.027803
6.433334	69.460999	9.190916	36.4989050	-0.102440 	-0.000261	3.587	0.027948
6.45	69.614998	9.232365	36.4987830	-0.102562 	-0.000252	3.6125	0.02809
6.466667	69.764	9.233468	36.4985010	-0.102844 	-0.000242	3.640625	0.028092
6.483334	69.917999	9.224188	36.4981230	-0.103222 	-0.000236	3.6675	0.02799
6.5	70.075996	9.256361	36.4978750	-0.103470 	-0.000231	3.69725	0.027962
6.516667	70.234001	9.274375	36.4976880	-0.103657 	-0.000229	3.72525	0.028014
6.533334	70.392998	9.300014	36.4975010	-0.103844 	-0.00023	3.75425	0.0281
6.55	70.537003	9.34202	36.4972500	-0.104095 	-0.000223	3.782375	0.028107
6.566667	70.685997	9.344196	36.4970930	-0.104252 	-0.000219	3.809	0.028062
6.583333	70.852997	9.295644	36.4968760	-0.104469 	-0.000227	3.83725	0.028014
6.6	71.007004	9.269461	36.4966550	-0.104690 	-0.000234	3.865125	0.028126
6.616667	71.165001	9.227463	36.4963460	-0.104999 	-0.000236	3.893125	0.028313
6.633334	71.327003	9.215993	36.4961550	-0.105190 	-0.000231	3.922	0.028556
6.650001	71.475998	9.137995	36.4959070	-0.105438 	-0.000223	3.949	0.028938
6.666667	71.614998	9.037079	36.4955640	-0.105781 	-0.000221	3.978375	0.029211
6.683334	71.773003	8.989068	36.4953770	-0.105968 	-0.00022	4.008375	0.029429
6.7	71.917	8.955805	36.4952200	-0.106125 	-0.000217	4.038625	0.029629
6.716667	72.073997	8.948173	36.4950940	-0.106251 	-0.00021	4.06775	0.029756
6.733334	72.212997	8.99618	36.4949680	-0.106377 	-0.000201	4.09975	0.029857
6.75	72.361	9.021823	36.4945950	-0.106750 	-0.000197	4.128875	0.029709
6.766667	72.514999	9.022917	36.4943120	-0.107033 	-0.000205	4.15775	0.029555
6.783334	72.667999	9.015842	36.4941250	-0.107220 	-0.000211	4.188	0.029442
6.8	72.82	8.951473	36.4940640	-0.107281 	-0.000213	4.217375	0.02942
6.816667	72.976997	8.93784	36.4939080	-0.107437 	-0.000208	4.247	0.029341
6.833333	73.120003	8.908385	36.4936260	-0.107719 	-0.000195	4.274125	0.029286
6.85	73.273003	8.906741	36.4933130	-0.108032 	-0.000195	4.30375	0.029184
6.866667	73.412003	8.945467	36.4931260	-0.108219 	-0.000202	4.33375	0.029083
6.883334	73.545998	9.017453	36.4929700	-0.108375 	-0.000209	4.3645	0.029064
6.900001	73.702003	9.101457	36.4928130	-0.108532 	-0.000201	4.3935	0.029028
6.916667	73.855003	9.200726	36.4926870	-0.108658 	-0.000189	4.42075	0.028929
6.933334	74.015999	9.272169	36.4924050	-0.108940 	-0.000184	4.449	0.028679
6.95	74.177002	9.368171	36.4921260	-0.109219 	-0.000188	4.478375	0.02852
6.966667	74.337997	9.326727	36.4919360	-0.109409 	-0.00019	4.508	0.028505
6.983334	74.494003	9.166351	36.4919050	-0.109440 	-0.00019	4.536375	0.028614
7	74.646004	8.986359	36.4917180	-0.109627 	-0.000185	4.56325	0.028697
7.016667	74.797997	8.835817	36.4915010	-0.109844 	-0.000175	4.590625	0.028681
7.033334	74.959	8.66562	36.4912190	-0.110126 	-0.00017	4.620375	0.028722
7.05	75.079002	8.566906	36.4910930	-0.110252 	-0.000172	4.650875	0.028856
7.066667	75.208	8.50417	36.4909060	-0.110439 	-0.000181	4.680125	0.029032
7.083333	75.346001	8.509631	36.4908140	-0.110531 	-0.000192	4.707875	0.029216
7.1	75.501999	8.531999	36.4906580	-0.110687 	-0.000195	4.735875	0.029315
7.116667	75.630997	8.590356	36.4904670	-0.110878 	-0.000194	4.76625	0.028877
7.133334	75.787003	8.727814	36.4902800	-0.111065 	-0.000197	4.7965	0.028419
7.150001	75.929001	8.840178	36.4899670	-0.111378 	-0.000202	4.8255	0.028107
7.166667	76.084999	8.921444	36.4895940	-0.111751 	-0.000207	4.855125	0.027936
7.183334	76.226997	9.025094	36.4894980	-0.111847 	-0.000195	4.88475	0.027772
7.2	76.374001	9.141266	36.4894370	-0.111908 	-0.000185	4.904375	0.027666
7.216667	76.525002	9.247625	36.4892500	-0.112095 	-0.000175	4.931	0.027607
7.233334	76.684998	9.370357	36.4889680	-0.112377 	-0.000161	4.95975	0.02763
7.25	76.839996	9.404721	36.4887810	-0.112564 	-0.000152	4.9895	0.02779
7.266667	77.009003	9.420547	36.4888110	-0.112534 	-0.000156	5.01825	0.028102
7.283334	77.158997	9.402	36.4885940	-0.112751 	-0.000154	5.048	0.028558
7.3	77.332001	9.344738	36.4883770	-0.112968 	-0.000151	5.075	0.028606
7.316667	77.490997	9.284742	36.4882810	-0.113064 	-0.00015	5.10225	0.028547
7.333333	77.628998	9.233459	36.4881550	-0.113190 	-0.000151	5.131625	0.028475
7.35	77.775002	9.20236	36.4879380	-0.113407 	-0.000159	5.160625	0.028439
7.366667	77.93	9.211096	36.4878770	-0.113468 	-0.00016	5.189375	0.028394
7.383334	78.080002	9.180551	36.4876250	-0.113720 	-0.000163	5.21775	0.028356
7.400001	78.238998	9.234545	36.4874690	-0.113876 	-0.000166	5.246125	0.028123
7.416667	78.392998	9.297263	36.4873730	-0.113972 	-0.000168	5.274375	0.027782
7.433334	78.556	9.337626	36.4871560	-0.114189 	-0.000161	5.302375	0.027469
7.45	78.710999	9.349631	36.4869380	-0.114407 	-0.000157	5.33025	0.027369
7.466667	78.857002	9.341458	36.4867820	-0.114563 	-0.00015	5.357125	0.027357
7.483334	79.019997	9.302749	36.4866560	-0.114689 	-0.000148	5.38225	0.027468
7.5	79.169998	9.24929	36.4864690	-0.114876 	-0.000142	5.408625	0.027591
7.516667	79.332001	9.196918	36.4864690	-0.114876 	-0.000135	5.43525	0.027713
7.533334	79.487	9.175095	36.4863130	-0.115032 	-0.000132	5.465875	0.027914
7.55	79.636002	9.173463	36.4861260	-0.115219 	-0.000127	5.494375	0.028219
7.566667	79.786003	9.125469	36.4859700	-0.115375 	-0.00013	5.524	0.028514
7.583333	79.931	9.144549	36.4859050	-0.115440 	-0.000137	5.5515	0.028646
7.6	80.084999	9.115631	36.4857480	-0.115597 	-0.000142	5.578625	0.028712
7.616667	80.238998	9.121628	36.4855920	-0.115753 	-0.000146	5.607625	0.02867
7.633334	80.397003	9.141257	36.4855610	-0.115784 	-0.000144	5.6375	0.028702
7.650001	80.542	9.158711	36.4853130	-0.116032 	-0.000146	5.6665	0.02874
7.666667	80.708	9.182732	36.4850920	-0.116253 	-0.000143	5.694625	0.028757
7.683334	80.848	9.206726	36.4850310	-0.116314 	-0.000144	5.724	0.028694
7.7	81.001999	9.237279	36.4847790	-0.116566 	-0.000137	5.75275	0.028651
7.716667	81.154999	9.250904	36.4847490	-0.116596 	-0.000128	5.781125	0.028676
7.733334	81.308998	9.274363	36.4845920	-0.116753 	-0.000114	5.810125	0.028704
7.75	81.466003	9.218728	36.4845620	-0.116783 	-0.000118	5.83725	0.028701
7.766667	81.627998	9.171819	36.4842800	-0.117065 	-0.000122	5.865125	0.028657
7.783334	81.785004	9.073628	36.4843140	-0.117031 	-0.000126	5.89575	0.02864
7.8	81.933998	9.027803	36.4842490	-0.117096 	-0.000142	5.925875	0.028516
7.816667	82.086998	9.010895	36.4841580	-0.117187 	-0.000147	5.95375	0.028438
7.833334	82.222	9.010886	36.4837490	-0.117596 	-0.000151	5.9815	0.028357
7.85	82.362	9.011448	36.4837190	-0.117626 	-0.000148	6.009875	0.02823
7.866667	82.505997	9.022897	36.4835010	-0.117844 	-0.000161	6.03825	0.028044
7.883334	82.671997	9.036014	36.4832500	-0.118095 	-0.000158	6.06425	0.027944
7.900001	82.833	9.05675	36.4832190	-0.118126 	-0.000138	6.0935	0.027879
7.916667	82.989998	9.134737	36.4831240	-0.118221 	-0.000123	6.121125	0.027924
7.933334	83.138	9.141291	36.4830020	-0.118343 	-0.000118	6.14975	0.028024
7.95	83.281998	9.031119	36.4826890	-0.118656 	-0.000113	6.1775	0.028089
7.966667	83.425003	8.848929	36.4826890	-0.118656 	-0.000116	6.205125	0.02809
7.983334	83.577003	8.756182	36.4828110	-0.118534 	-0.000118	6.231625	0.027946
8	83.742996	8.707089	36.4825330	-0.118812 	-0.000116	6.26175	0.02786
8.016667	83.886002	8.71744	36.4824680	-0.118877 	-0.000114	6.29125	0.027843
8.033334	84.008003	8.744709	36.4822500	-0.119095 	-0.000116	6.318375	0.027876
8.05	84.138	8.776882	36.4820330	-0.119312 	-0.000133	6.344625	0.027846
8.066668	84.297997	8.806345	36.4820630	-0.119282 	-0.000146	6.3715	0.027768
8.083334	84.445999	8.868534	36.4819680	-0.119377 	-0.000147	6.399125	0.027556
8.1	84.601997	8.993433	36.4818120	-0.119533 	-0.000149	6.428625	0.027445
8.116667	84.752998	9.127616	36.4816250	-0.119720 	-0.000143	6.456875	0.027421
8.133334	84.904999	9.157097	36.4813770	-0.119968 	-0.000138	6.483625	0.027418
8.150001	85.056999	9.148919	36.4812200	-0.120125 	-0.000142	6.510625	0.027369
8.166667	85.212997	9.15437	36.4810300	-0.120315 	-0.000126	6.537	0.027239
8.183333	85.363998	9.166929	36.4809990	-0.120346 	-0.00011	6.564125	0.027097
8.200001	85.519997	9.157112	36.4809380	-0.120407 	-0.000096	6.591125	0.02708
8.216667	85.662003	9.187113	36.4808730	-0.120472 	-0.000084	6.619	0.027093
8.233334	85.822998	9.215474	36.4806560	-0.120689 	-0.000082	6.646625	0.027103
8.25	85.973	9.265112	36.4807820	-0.120563 	-0.00008	6.673	0.027188
8.266667	86.133003	9.304383	36.4806560	-0.120689 	-0.000086	6.699875	0.027276
8.283334	86.275002	9.322931	36.4805300	-0.120815 	-0.00009	6.727375	0.027395
8.3	86.443001	9.345287	36.4804380	-0.120907 	-0.000097	6.753875	0.027499
8.316668	86.598	9.329473	36.4803120	-0.121033 	-0.000104	6.781125	0.027573
8.333334	86.762001	9.330551	36.4802510	-0.121094 	-0.000109	6.809875	0.027621
8.35	86.912003	9.326714	36.4801250	-0.121220 	-0.000098	6.838125	0.027197
8.366667	87.063004	9.367618	36.4800300	-0.121315 	-0.000082	6.8665	0.02662
8.383334	87.217003	9.346885	36.4798430	-0.121502 	-0.000078	6.89425	0.026119
8.400001	87.372002	9.328345	36.4796870	-0.121658 	-0.000071	6.92075	0.025627
8.416667	87.527	9.298349	36.4797820	-0.121563 	-0.000076	6.947375	0.025224
8.433333	87.685997	9.261263	36.4797820	-0.121563 	-0.000081	6.9655	0.024994
8.450001	87.852997	9.208366	36.4798430	-0.121502 	-0.00009	6.988375	0.025013
8.466667	88.003998	9.132006	36.4795950	-0.121750 	-0.000084	7.01475	0.025237
8.483334	88.149002	9.091108	36.4795610	-0.121784 	-0.00009	7.040625	0.025693
8.5	88.300003	9.059476	36.4792820	-0.122063 	-0.000097	7.06725	0.02642
8.516667	88.441002	9.04856	36.4791260	-0.122219 	-0.000099	7.09375	0.027227
8.533334	88.591003	9.0371	36.4790000	-0.122345 	-0.0001	7.122125	0.02762
8.55	88.737	9.069277	36.4791870	-0.122158 	-0.000086	7.149375	0.027779
8.566668	88.900002	9.123809	36.4790000	-0.122345 	-0.000081	7.17775	0.027984
8.583334	89.054001	9.177254	36.4790000	-0.122345 	-0.000066	7.208625	0.028092
8.6	89.211998	9.206717	36.4788440	-0.122501 	-0.000061	7.236	0.028127
8.616667	89.358002	9.23182	36.4786870	-0.122658 	-0.000065	7.262875	0.027987
8.633334	89.508003	9.24547	36.4787180	-0.122627 	-0.000073	7.28975	0.027797
8.650001	89.666	9.265107	36.4785920	-0.122753 	-0.000069	7.319375	0.027498
8.666667	89.823997	9.278195	36.4786570	-0.122688 	-0.000078	7.347125	0.027289
8.683333	89.969002	9.300548	36.4785920	-0.122753 	-0.00008	7.374875	0.027298
8.700001	90.132004	9.307631	36.4784390	-0.122906 	-0.000083	7.40075	0.027214
8.716667	90.286003	9.302715	36.4783740	-0.122971 	-0.000093	7.427	0.027017
8.733334	90.452003	9.281442	36.4782830	-0.123062 	-0.000104	7.452875	0.026664
8.75	90.597	9.300526	36.4780310	-0.123314 	-0.000116	7.4815	0.026352
8.766667	90.754997	9.309245	36.4780010	-0.123344 	-0.000113	7.51	0.025992
8.783334	90.900002	9.294512	36.4779700	-0.123375 	-0.000103	7.535375	0.025673
8.8	91.057999	9.294517	36.4778140	-0.123531 	-0.000095	7.5605	0.025306
8.816668	91.211998	9.274346	36.4775920	-0.123753 	-0.000088	7.584375	0.024903
8.833334	91.377998	9.2651	36.4775010	-0.123844 	-0.000084	7.608625	0.024534
8.85	91.527	9.253101	36.4775310	-0.123814 	-0.000092	7.632125	0.024303
8.866667	91.684998	9.263997	36.4775310	-0.123814 	-0.000091	7.65675	0.024353
8.883334	91.837997	9.217101	36.4774700	-0.123875 	-0.000078	7.681	0.024452
8.900001	91.987	9.12273	36.4773140	-0.124031 	-0.000074	7.70475	0.02445
8.916667	92.132004	8.982005	36.4771580	-0.124187 	-0.000081	7.73	0.024446
8.933333	92.292999	8.903461	36.4769670	-0.124378 	-0.000088	7.754125	0.024387
8.950001	92.450996	8.838559	36.4770010	-0.124344 	-0.00009	7.780625	0.024219
8.966667	92.595001	8.800927	36.4770930	-0.124252 	-0.000084	7.805375	0.024
8.983334	92.726997	8.782367	36.4769060	-0.124439 	-0.000074	7.827	0.02365
9	92.859001	8.793827	36.4767490	-0.124596 	-0.000071	7.851625	0.023243
9.016667	93.012001	8.782383	36.4766880	-0.124657 	-0.00007	7.87475	0.022927
9.033334	93.165001	8.825472	36.4765930	-0.124752 	-0.000071	7.897375	0.022579
9.05	93.313004	8.939467	36.4765930	-0.124752 	-0.000071	7.91975	0.022342
9.066668	93.461998	9.041461	36.4765630	-0.124782 	-0.000059	7.940375	0.022206
9.083334	93.619003	9.079093	36.4764060	-0.124939 	-0.00006	7.9625	0.02197
9.1	93.763	9.034915	36.4763760	-0.124969 	-0.000061	7.98575	0.021729
9.116667	93.916	9.016912	36.4764060	-0.124939 	-0.000066	8.00725	0.021428
9.133334	94.077003	9.037079	36.4762800	-0.125065 	-0.000067	8.0285	0.021051
9.150001	94.224998	9.085623	36.4762800	-0.125065 	-0.000065	8.050625	0.020613
9.166667	94.369003	9.145615	36.4760630	-0.125282 	-0.000063	8.0715	0.020158
9.183333	94.509003	9.2449	36.4760630	-0.125282 	-0.000071	8.09075	0.019731
9.200001	94.665001	9.339815	36.4759370	-0.125408 	-0.000081	8.1095	0.019236
9.216667	94.825996	9.437443	36.4759670	-0.125378 	-0.000085	8.127625	0.018651
9.233334	94.990997	9.57054	36.4759370	-0.125408 	-0.000092	8.1455	0.018101
9.250001	95.152	9.645267	36.4758110	-0.125534 	-0.000091	8.1655	0.017629
9.266667	95.316002	9.651814	36.4756550	-0.125690 	-0.000085	8.184625	0.017248
9.283334	95.481003	9.596741	36.4754680	-0.125877 	-0.000075	8.199625	0.016912
9.3	95.641998	9.537285	36.4754070	-0.125938 	-0.000069	8.214625	0.016597
9.316668	95.806999	9.484372	36.4752810	-0.126064 	-0.000066	8.231375	0.016263
9.333334	95.954002	9.405271	36.4752500	-0.126095 	-0.000054	8.247125	0.01593
9.35	96.101997	9.356182	36.4754370	-0.125908 	-0.000054	8.263375	0.015779
9.366667	96.258003	9.288	36.4753760	-0.125969 	-0.000055	8.279625	0.015878
9.383334	96.418999	9.261832	36.4753110	-0.126034 	-0.000058	8.295375	0.015986
9.400001	96.579002	9.256373	36.4750940	-0.126251 	-0.00007	8.310375	0.016197
9.416667	96.722	9.251999	36.4751550	-0.126190 	-0.000082	8.3255	0.016554
9.433333	96.886002	9.248192	36.4748760	-0.126469 	-0.000093	8.3415	0.017012
9.450001	97.028999	9.183821	36.4748420	-0.126503 	-0.000085	8.35925	0.017519
9.466667	97.189003	9.158178	36.4748760	-0.126469 	-0.000078	8.376375	0.018121
9.483334	97.345001	9.158724	36.4746250	-0.126720 	-0.000062	8.396	0.018772
9.500001	97.487999	9.188183	36.4746250	-0.126720 	-0.000052	8.415375	0.019267
9.516667	97.648003	9.154903	36.4745640	-0.126781 	-0.00004	8.4355	0.019576
9.533334	97.787003	9.177276	36.4745940	-0.126751 	-0.00004	8.45475	0.019833
9.55	97.950996	9.142361	36.4744990	-0.126846 	-0.000041	8.475625	0.019952
9.566668	98.106003	9.149447	36.4745940	-0.126751 	-0.000047	8.497	0.020056
9.583334	98.262001	9.175095	36.4745640	-0.126781 	-0.000064	8.515875	0.020276
9.6	98.403999	9.155448	36.4744380	-0.126907 	-0.000081	8.53475	0.020604
9.616667	98.564003	9.154907	36.4743770	-0.126968 	-0.000096	8.55625	0.021018
9.633334	98.707001	9.120546	36.4742810	-0.127064 	-0.000101	8.574875	0.021523
9.650001	98.865997	9.125436	36.4740300	-0.127315 	-0.00011	8.597125	0.022109
9.666667	99.021004	9.134167	36.4739070	-0.127438 	-0.000114	8.62025	0.022837
9.683333	99.167999	9.173996	36.4737820	-0.127563 	-0.000111	8.64425	0.023526
9.700001	99.319	9.183818	36.4737210	-0.127624 	-0.000103	8.66775	0.024072
9.716667	99.473999	9.218737	36.4737210	-0.127624 	-0.00009	8.693125	0.024588
9.733334	99.628998	9.225827	36.4735950	-0.127750 	-0.000071	8.7175	0.024881
9.750001	99.779999	9.248178	36.4734080	-0.127937 	-0.000059	8.743375	0.025009
9.766667	99.939003	9.231824	36.4733430	-0.128002 	-0.000055	8.769125	0.025022
9.783334	100.093002	9.206181	36.4733730	-0.127972 	-0.000058	8.794	0.024922
9.8	100.248001	9.199094	36.4733430	-0.128002 	-0.000066	8.819375	0.02482
9.816668	100.403	9.209448	36.4733730	-0.127972 	-0.000065	8.84475	0.024755
9.833334	100.556999	9.177799	36.4733430	-0.128002 	-0.000063	8.868375	0.024699
9.85	100.695	9.064882	36.4731860	-0.128159 	-0.00007	8.892375	0.024527
9.866667	100.849998	8.957428	36.4730300	-0.128315 	-0.000071	8.9155	0.024133
9.883334	101.012001	8.881085	36.4728430	-0.128502 	-0.000074	8.9415	0.023718
9.900001	101.170998	8.852729	36.4728740	-0.128471 	-0.000079	8.966625	0.023419
9.916667	101.308998	8.856549	36.4728740	-0.128471 	-0.000077	8.99225	0.023259
9.933333	101.433998	8.900723	36.4727520	-0.128593 	-0.000073	9.013625	0.023122
9.950001	101.575996	8.919829	36.4728430	-0.128502 	-0.000069	9.031875	0.023103
9.966667	101.730003	8.949821	36.4726560	-0.128689 	-0.000068	9.054125	0.023106
9.983334	101.889	9.016372	36.4725000	-0.128845 	-0.000075	9.07825	0.023293
10.000001	102.042999	9.124367	36.4724390	-0.128906 	-0.00008	9.102625	0.023675
10.016667	102.200996	9.222012	36.4723430	-0.129002 	-0.000077	9.126375	0.024264
10.033334	102.355003	9.244925	36.4723430	-0.129002 	-0.000074	9.15175	0.024895
10.05	102.504997	9.221994	36.4722820	-0.129063 	-0.00006	9.176375	0.025261
10.066668	102.654999	9.185456	36.4721870	-0.129158 	-0.000056	9.201375	0.025461
10.083334	102.807999	9.178924	36.4720610	-0.129284 	-0.000056	9.2275	0.025508
10.1	102.966003	9.197463	36.4720610	-0.129284 	-0.000056	9.2535	0.025475
10.116667	103.120003	9.23619	36.4720610	-0.129284 	-0.000063	9.281	0.025477
10.133334	103.269997	9.296194	36.4720610	-0.129284 	-0.000068	9.30675	0.025461
10.150001	103.418999	9.37091	36.4719050	-0.129440 	-0.000071	9.331375	0.02532
10.166667	103.577003	9.45163	36.4718440	-0.129501 	-0.000076	9.3545	0.025072
10.183333	103.738998	9.493082	36.4717830	-0.129562 	-0.000085	9.37875	0.024896
10.200001	103.896004	9.524731	36.4716260	-0.129719 	-0.000096	9.40625	0.024682
10.216667	104.057999	9.514368	36.4715310	-0.129814 	-0.000102	9.431375	0.024569
10.233334	104.223999	9.489275	36.4714700	-0.129875 	-0.000111	9.455	0.024563
10.250001	104.389999	9.428184	36.4713750	-0.129970 	-0.000117	9.478375	0.024515
10.266667	104.539001	9.358379	36.4712830	-0.130062 	-0.000117	9.504	0.024379
10.283334	104.692001	9.328379	36.4710920	-0.130253 	-0.000109	9.52725	0.024238
10.3	104.836998	9.27656	36.4710010	-0.130344 	-0.000099	9.55125	0.024338
10.316668	104.995003	9.234545	36.4707180	-0.130627 	-0.000087	9.57675	0.024532
10.333334	105.148003	9.231275	36.4707180	-0.130627 	-0.000076	9.60025	0.024713
10.35	105.301003	9.26073	36.4706570	-0.130688 	-0.000066	9.624375	0.024837
10.366667	105.466003	9.282549	36.4706880	-0.130657 	-0.000059	9.649125	0.025096
10.383334	105.614998	9.308724	36.4707180	-0.130627 	-0.000062	9.6755	0.025259
10.400001	105.767998	9.321808	36.4706570	-0.130688 	-0.000062	9.70125	0.025334
10.416667	105.925003	9.331088	36.4705620	-0.130783 	-0.000076	9.726625	0.025552
10.433334	106.078003	9.337089	36.4704700	-0.130875 	-0.000085	9.751625	0.025726
10.450001	106.234001	9.324001	36.4703140	-0.131031 	-0.000091	9.7785	0.025833
10.466667	106.390999	9.277088	36.4701580	-0.131187 	-0.000092	9.803375	0.025895
10.483334	106.552002	9.219253	36.4701230	-0.131222 	-0.000088	9.827875	0.026029
10.500001	106.704002	9.180516	36.4700010	-0.131344 	-0.000084	9.85575	0.026104
10.516667	106.861	9.183801	36.4699360	-0.131409 	-0.000082	9.882375	0.026124
10.533334	107.013	9.197983	36.4699360	-0.131409 	-0.000077	9.908375	0.026084
10.55	107.144997	9.207254	36.4698750	-0.131470 	-0.000087	9.9345	0.026058
10.566668	107.297997	9.238894	36.4697800	-0.131565 	-0.000097	9.9615	0.026053
10.583334	107.458	9.307076	36.4696580	-0.131687 	-0.000098	9.9865	0.025918
10.6	107.623001	9.346906	36.4695320	-0.131813 	-0.000101	10.011875	0.025785
10.616667	107.782997	9.352365	36.4695010	-0.131844 	-0.000099	10.037625	0.025671
10.633334	107.934998	9.363277	36.4691540	-0.132191 	-0.00009	10.062875	0.025766
10.650001	108.095001	9.312012	36.4691240	-0.132221 	-0.000081	10.090375	0.025966
10.666667	108.255997	9.243289	36.4691540	-0.132191 	-0.000066	10.1155	0.026254
10.683334	108.403999	9.134195	36.4690630	-0.132282 	-0.000064	10.139625	0.02648
10.700001	108.542999	9.07201	36.4690630	-0.132282 	-0.000067	10.164875	0.02672
10.716667	108.698997	9.067091	36.4690630	-0.132282 	-0.000064	10.19475	0.026977
10.733334	108.855003	9.066533	36.4689370	-0.132408 	-0.000078	10.223	0.027209
10.750001	109.007004	9.018553	36.4690020	-0.132343 	-0.000092	10.25025	0.027546
10.766667	109.141998	8.966175	36.4686890	-0.132656 	-0.000101	10.276625	0.027813
10.783334	109.297997	8.938369	36.4685630	-0.132782 	-0.000104	10.3045	0.02782
10.8	109.461998	8.879454	36.4685330	-0.132812 	-0.000111	10.3325	0.027682
10.816668	109.616997	8.870182	36.4683760	-0.132969 	-0.000115	10.360625	0.027677
10.833334	109.744003	8.88709	36.4682500	-0.133095 	-0.000114	10.3895	0.027733
10.85	109.878998	8.944378	36.4681550	-0.133190 	-0.00011	10.417625	0.02776
10.866667	110.035004	8.968372	36.4681890	-0.133156 	-0.00011	10.443375	0.027658
10.883334	110.182999	8.995098	36.4679370	-0.133408 	-0.000105	10.470625	0.027457
10.900001	110.342003	9.099263	36.4677810	-0.133564 	-0.000099	10.498875	0.027318
10.916667	110.492996	9.241075	36.4677810	-0.133564 	-0.000095	10.527125	0.027037
10.933334	110.653	9.304908	36.4675330	-0.133812 	-0.000087	10.554625	0.026794
10.950001	110.807999	9.281991	36.4675330	-0.133812 	-0.000082	10.581	0.026583
10.966667	110.955002	9.247646	36.4675640	-0.133781 	-0.000068	10.60625	0.026386
10.983334	111.117996	9.213276	36.4674070	-0.133938 	-0.000068	10.634375	0.026279
11.000001	111.277	9.208932	36.4673420	-0.134003 	-0.000075	10.657875	0.026401
11.016667	111.428001	9.194745	36.4673770	-0.133968 	-0.000075	10.6835	0.02661
11.033334	111.570999	9.212194	36.4672510	-0.134094 	-0.00008	10.70925	0.026858
11.05	111.718002	9.210013	36.4672200	-0.134125 	-0.000081	10.737	0.027088
11.066668	111.876999	9.224204	36.4669990	-0.134346 	-0.000081	10.765	0.027282
11.083334	112.036003	9.282544	36.4668730	-0.134472 	-0.000087	10.795	0.027536
11.1	112.190002	9.375266	36.4668430	-0.134502 	-0.000096	10.82225	0.02758
11.116667	112.348999	9.438541	36.4668430	-0.134502 	-0.000099	10.849125	0.027429
11.133334	112.495003	9.471255	36.4667820	-0.134563 	-0.000095	10.876	0.027221
11.150001	112.662003	9.485987	36.4666250	-0.134720 	-0.000081	10.903875	0.02702
11.166667	112.823997	9.470152	36.4664990	-0.134846 	-0.000071	10.931	0.026863
11.183334	112.987	9.477247	36.4663120	-0.135033 	-0.000063	10.9575	0.026474
11.200001	113.137001	9.453257	36.4662170	-0.135128 	-0.000051	10.982375	0.026042
11.216667	113.295998	9.449445	36.4662820	-0.135063 	-0.000045	11.01	0.025594
11.233334	113.458	9.410727	36.4663430	-0.135002 	-0.000039	11.037	0.02525
11.250001	113.603996	9.377468	36.4663430	-0.135002 	-0.000043	11.064375	0.025152
11.266667	113.766998	9.353464	36.4663120	-0.135033 	-0.000046	11.083125	0.025216
11.283334	113.917	9.368199	36.4663430	-0.135002 	-0.000058	11.107125	0.025432
11.3	114.079002	9.33602	36.4660950	-0.135250 	-0.000075	11.1315	0.025674
11.316668	114.237	9.310372	36.4660300	-0.135315 	-0.000081	11.158	0.026169
11.333334	114.387001	9.322923	36.4658430	-0.135502 	-0.000089	11.186375	0.026881
11.35	114.541	9.300005	36.4658430	-0.135502 	-0.000093	11.213875	0.027691
11.366667	114.703003	9.296182	36.4657520	-0.135593 	-0.00009	11.242	0.028096
11.383334	114.848999	9.284717	36.4656560	-0.135689 	-0.000087	11.269625	0.028352
11.400001	115.002998	9.297821	36.4656870	-0.135658 	-0.000092	11.2995	0.028377
11.416667	115.164001	9.303265	36.4654690	-0.135876 	-0.000093	11.32975	0.028293
11.433334	115.317001	9.282537	36.4653740	-0.135971 	-0.000101	11.357625	0.028256
11.450001	115.471001	9.245994	36.4653740	-0.135971 	-0.000105	11.384875	0.028099
11.466667	115.628998	9.222557	36.4651570	-0.136188 	-0.000106	11.413125	0.027895
11.483334	115.786003	9.147828	36.4650310	-0.136314 	-0.000107	11.44	0.027532
11.500001	115.934998	9.080188	36.4649700	-0.136375 	-0.000099	11.4675	0.027207
11.516667	116.084999	9.0431	36.4648440	-0.136501 	-0.000091	11.496375	0.027073
11.533334	116.234001	9.025643	36.4647480	-0.136597 	-0.000092	11.52275	0.026957
11.55	116.383003	9.039829	36.4646870	-0.136658 	-0.00009	11.54975	0.026835
11.566668	116.525002	9.05127	36.4645920	-0.136753 	-0.000094	11.574625	0.026699
11.583334	116.678001	9.074732	36.4645310	-0.136814 	-0.000103	11.600625	0.026545
11.6	116.831001	9.121075	36.4645610	-0.136784 	-0.000105	11.62875	0.026398
11.616668	116.987999	9.176165	36.4643140	-0.137031 	-0.00011	11.6555	0.026391
11.633334	117.149002	9.21926	36.4641570	-0.137188 	-0.00011	11.68225	0.026435
11.650001	117.293999	9.161441	36.4640310	-0.137314 	-0.000102	11.7075	0.026458
11.666667	117.443001	9.063812	36.4638750	-0.137470 	-0.00009	11.73375	0.026369
11.683334	117.603996	8.982546	36.4638440	-0.137501 	-0.00007	11.759625	0.026218
11.700001	117.761002	8.871285	36.4637180	-0.137627 	-0.000046	11.7865	0.026079
11.716667	117.913002	8.776915	36.4637180	-0.137627 	-0.000037	11.814	0.026019
11.733334	118.032997	8.757294	36.4637490	-0.137596 	-0.000038	11.839375	0.026019
11.750001	118.178001	8.766557	36.4637790	-0.137566 	-0.000046	11.865	0.025966
11.766667	118.331001	8.784555	36.4638440	-0.137501 	-0.000067	11.8905	0.025915
11.783334	118.467003	8.862534	36.4637790	-0.137566 	-0.000081	11.915	0.025945
11.8	118.612	8.99781	36.4635930	-0.137752 	-0.000098	11.941875	0.026031
11.816668	118.771004	9.172352	36.4634060	-0.137939 	-0.000118	11.968375	0.02615
11.833334	118.931999	9.263443	36.4632490	-0.138096 	-0.000127	11.994125	0.026235
11.85	119.084	9.306535	36.4630010	-0.138344 	-0.000123	12.02	0.026317
11.866668	119.240997	9.344176	36.4630010	-0.138344 	-0.000108	12.048	0.026318
11.883334	119.401001	9.335453	36.4629360	-0.138409 	-0.000092	12.074625	0.026182
11.900001	119.560997	9.296173	36.4627190	-0.138626 	-0.000081	12.1	0.025959
11.916667	119.716003	9.244917	36.4627190	-0.138626 	-0.000078	12.126	0.025832
11.933334	119.861	9.227454	36.4627490	-0.138596 	-0.000083	12.1525	0.025736
11.950001	120.012001	9.218186	36.4627190	-0.138626 	-0.000093	12.177625	0.025648
11.966667	120.167999	9.193625	36.4625930	-0.138752 	-0.000095	12.202625	0.025599
11.983334	120.322998	9.201815	36.4624670	-0.138878 	-0.000098	12.226	0.025592
12.000001	120.470001	9.243256	36.4622800	-0.139065 	-0.000108	12.253125	0.025518
12.016667	120.628998	9.280355	36.4620930	-0.139252 	-0.000111	12.279875	0.025494
12.033334	120.789001	9.282539	36.4620320	-0.139313 	-0.000104	12.306125	0.025661
12.05	120.935997	9.287992	36.4620020	-0.139343 	-0.000096	12.330625	0.025756
12.066668	121.095001	9.308724	36.4618760	-0.139469 	-0.000101	12.356125	0.02574
12.083334	121.253998	9.339807	36.4617810	-0.139564 	-0.000104	12.3805	0.025608
12.1	121.404999	9.331084	36.4617200	-0.139625 	-0.0001	12.4065	0.025544
12.116668	121.556	9.316901	36.4617200	-0.139625 	-0.000105	12.435	0.025542
12.133334	121.714996	9.308187	36.4615630	-0.139782 	-0.000111	12.45975	0.02547
12.150001	121.874001	9.278183	36.4612200	-0.140125 	-0.000115	12.48375	0.025422
12.166667	122.032997	9.272748	36.4611240	-0.140221 	-0.000117	12.509375	0.025391
12.183334	122.183998	9.245478	36.4612200	-0.140125 	-0.000112	12.535	0.025235
12.200001	122.334	9.225835	36.4610630	-0.140282 	-0.000106	12.560625	0.024916
12.216667	122.485001	9.198557	36.4608760	-0.140469 	-0.000089	12.58375	0.024739
12.233334	122.639999	9.195827	36.4607510	-0.140594 	-0.000079	12.610375	0.024484
12.250001	122.799004	9.210013	36.4606860	-0.140659 	-0.00008	12.636125	0.024273
12.266667	122.941002	9.251453	36.4607200	-0.140625 	-0.000084	12.660125	0.024143
12.283334	123.099998	9.275444	36.4605940	-0.140751 	-0.000078	12.68125	0.024078
12.3	123.254997	9.297817	36.4606250	-0.140720 	-0.000079	12.705125	0.024145
12.316668	123.413002	9.298354	36.4604380	-0.140907 	-0.00008	12.72775	0.024281
12.333334	123.568001	9.309265	36.4603770	-0.140968 	-0.000087	12.7535	0.024642
12.35	123.725998	9.320193	36.4602510	-0.141094 	-0.000089	12.7785	0.0251
12.366668	123.876999	9.261292	36.4601860	-0.141159 	-0.000085	12.803	0.025649
12.383334	124.035004	9.21765	36.4600300	-0.141315 	-0.000082	12.82875	0.025994
12.400001	124.185997	9.146181	36.4600300	-0.141315 	-0.00008	12.856125	0.026194
12.416667	124.344002	9.077461	36.4598730	-0.141472 	-0.000085	12.883625	0.026209
12.433334	124.494003	9.015835	36.4599080	-0.141437 	-0.000089	12.9095	0.026242
12.450001	124.637001	8.995643	36.4598120	-0.141533 	-0.000092	12.937375	0.026268
12.466667	124.791	8.972185	36.4597820	-0.141563 	-0.0001	12.963	0.026214
12.483334	124.932999	8.958002	36.4595640	-0.141781 	-0.000112	12.9875	0.026101
12.500001	125.080002	8.958527	36.4594080	-0.141937 	-0.000115	13.01275	0.025701
12.516667	125.230003	8.995064	36.4593120	-0.142033 	-0.000108	13.03925	0.025247
12.533334	125.388	8.980895	36.4592510	-0.142094 	-0.000095	13.06625	0.024773
12.55	125.538002	8.911635	36.4590300	-0.142315 	-0.000088	13.092625	0.024511
12.566668	125.683998	8.87181	36.4589080	-0.142437 	-0.000077	13.118375	0.024369
12.583334	125.837997	8.835251	36.4588740	-0.142471 	-0.000075	13.137125	0.024292
12.6	125.991997	8.800889	36.4590610	-0.142284 	-0.000077	13.159125	0.024383
12.616668	126.123001	8.795983	36.4589690	-0.142376 	-0.000085	13.18275	0.024656
12.633334	126.257004	8.84563	36.4587820	-0.142563 	-0.000095	13.208625	0.02514
12.650001	126.406998	8.923637	36.4586870	-0.142658 	-0.000108	13.23475	0.025789
12.666667	126.560997	8.990728	36.4585300	-0.142815 	-0.00012	13.261125	0.026676
12.683334	126.710999	9.068186	36.4584390	-0.142906 	-0.000137	13.28925	0.027277
12.700001	126.867996	9.183268	36.4582180	-0.143127 	-0.000132	13.31675	0.027708
12.716667	127.026001	9.255811	36.4580310	-0.143314 	-0.000122	13.3445	0.028083
12.733334	127.183998	9.284197	36.4579700	-0.143375 	-0.00012	13.372125	0.028464
12.750001	127.334	9.304941	36.4579390	-0.143406 	-0.000123	13.402375	0.028783
12.766667	127.483002	9.330014	36.4576870	-0.143658 	-0.000117	13.430375	0.029018
12.783334	127.640999	9.34145	36.4576870	-0.143658 	-0.000111	13.458875	0.029306
12.800001	127.797997	9.35837	36.4576570	-0.143688 	-0.000107	13.48925	0.029496
12.816668	127.956001	9.364922	36.4574360	-0.143909 	-0.000116	13.519625	0.029708
12.833334	128.113007	9.373644	36.4571570	-0.144188 	-0.000127	13.549125	0.029891
12.85	128.270996	9.350193	36.4572490	-0.144096 	-0.000129	13.5785	0.030138
12.866668	128.427994	9.316399	36.4570920	-0.144253 	-0.000132	13.609375	0.030433
12.883334	128.585007	9.304941	36.4570620	-0.144283 	-0.000123	13.63825	0.030659
12.900001	128.735001	9.300014	36.4567490	-0.144596 	-0.000109	13.66975	0.03103
12.916667	128.888	9.304913	36.4565320	-0.144813 	-0.00011	13.701	0.031492
12.933334	129.037003	9.316914	36.4564700	-0.144875 	-0.000117	13.731875	0.032075
12.950001	129.195007	9.350189	36.4564700	-0.144875 	-0.00011	13.76525	0.032693
12.966667	129.356003	9.377996	36.4565010	-0.144844 	-0.000105	13.7965	0.033267
12.983334	129.513	9.413469	36.4563750	-0.144970 	-0.000092	13.83075	0.033725
13.000001	129.669998	9.411838	36.4560930	-0.145252 	-0.000097	13.864625	0.034098
13.016667	129.826996	9.405288	36.4560010	-0.145344 	-0.000115	13.900875	0.034351
13.033334	129.988007	9.378554	36.4559670	-0.145378 	-0.000134	13.93675	0.034499
13.050001	130.141006	9.345837	36.4558750	-0.145470 	-0.000145	13.970375	0.034702
13.066668	130.298004	9.319653	36.4558140	-0.145531 	-0.000146	14.005375	0.034784
13.083334	130.447006	9.299477	36.4555630	-0.145782 	-0.000146	14.039125	0.03484
13.1	130.604004	9.288558	36.4553110	-0.146034 	-0.000144	14.072875	0.034802
13.116668	130.761002	9.243239	36.4550930	-0.146252 	-0.000139	14.107875	0.034822
13.133334	130.914001	9.229039	36.4550020	-0.146343 	-0.000133	14.14425	0.034972
13.150001	131.067001	9.219227	36.4549060	-0.146439 	-0.000126	14.179875	0.034869
13.166667	131.223007	9.217047	36.4547500	-0.146595 	-0.000119	14.214875	0.034576
13.183334	131.380005	9.195807	36.4548110	-0.146534 	-0.000114	14.249	0.033957
13.200001	131.520996	9.193643	36.4547200	-0.146625 	-0.000107	14.283625	0.033183
13.216667	131.677994	9.210555	36.4545330	-0.146812 	-0.000098	14.32	0.032438
13.233334	131.834	9.198004	36.4543760	-0.146969 	-0.000095	14.35075	0.031718
13.250001	131.987	9.19365	36.4541550	-0.147190 	-0.000098	14.380625	0.031009
13.266667	132.139008	9.219302	36.4540940	-0.147251 	-0.000108	14.408	0.030365
13.283334	132.296005	9.272778	36.4541240	-0.147221 	-0.000119	14.437875	0.029805
13.300001	132.453003	9.30001	36.4541890	-0.147156 	-0.000119	14.4695	0.029293
13.316668	132.597	9.332162	36.4539990	-0.147346 	-0.000125	14.49875	0.029026
13.333334	132.753006	9.366527	36.4537810	-0.147564 	-0.00013	14.527125	0.028779
13.35	132.914001	9.395974	36.4535940	-0.147751 	-0.000141	14.556	0.028596
13.366668	133.074005	9.401425	36.4532510	-0.148094 	-0.000151	14.585125	0.02826
13.383334	133.233994	9.410165	36.4533120	-0.148033 	-0.000149	14.611875	0.027898
13.400001	133.389999	9.338171	36.4530940	-0.148251 	-0.000133	14.63925	0.027573
13.416667	133.546005	9.223064	36.4530300	-0.148315 	-0.000122	14.666625	0.027273
13.433334	133.703003	9.123813	36.4529080	-0.148437 	-0.000113	14.695375	0.027029
13.450001	133.854996	9.034899	36.4527510	-0.148594 	-0.000103	14.722125	0.026763
13.466667	134.011002	8.982015	36.4526860	-0.148659 	-0.000105	14.7485	0.026582
13.483334	134.136002	8.967249	36.4526560	-0.148689 	-0.000105	14.7735	0.026362
13.500001	134.283997	8.957985	36.4524380	-0.148907 	-0.000101	14.79975	0.026134
13.516667	134.440002	8.969446	36.4523740	-0.148971 	-0.000093	14.827125	0.025907
13.533334	134.587997	9.01801	36.4523120	-0.149033 	-0.000089	14.852	0.025735
13.550001	134.744003	9.074191	36.4522170	-0.149128 	-0.000088	14.878125	0.025477
13.566668	134.899994	9.165269	36.4520000	-0.149345 	-0.000093	14.90375	0.025315
13.583334	135.048004	9.189822	36.4520610	-0.149284 	-0.000095	14.929125	0.025197
13.6	135.199997	9.203446	36.4520300	-0.149315 	-0.000096	14.95425	0.025084
13.616668	135.356003	9.231287	36.4518740	-0.149471 	-0.000098	14.9785	0.025007
13.633334	135.507004	9.255282	36.4518130	-0.149532 	-0.000098	15.001125	0.024941
13.650001	135.662994	9.287492	36.4515610	-0.149784 	-0.000103	15.027375	0.024926
13.666667	135.819	9.325121	36.4514390	-0.149906 	-0.000111	15.054125	0.024974
13.683334	135.973999	9.367143	36.4514690	-0.149876 	-0.000111	15.078875	0.024769
13.700001	136.130005	9.393318	36.4513440	-0.150001 	-0.000116	15.102625	0.024431
13.716667	136.289001	9.415142	36.4512480	-0.150097 	-0.000118	15.128125	0.024116
13.733334	136.445007	9.419486	36.4510310	-0.150314 	-0.000113	15.153125	0.023742
13.750001	136.600006	9.460909	36.4510000	-0.150345 	-0.00012	15.17875	0.023497
13.766667	136.764008	9.520328	36.4509050	-0.150440 	-0.000129	15.19775	0.023389
13.783334	136.919006	9.555783	36.4505920	-0.150753 	-0.000135	15.218375	0.023382
13.800001	137.074005	9.581427	36.4505620	-0.150783 	-0.000137	15.242625	0.023382
13.816668	137.229996	9.624515	36.4505310	-0.150814 	-0.000126	15.267	0.023523
13.833334	137.401001	9.641436	36.4503140	-0.151031 	-0.000128	15.2915	0.023835
13.85	137.567993	9.621243	36.4501570	-0.151188 	-0.000118	15.31525	0.024266
13.866668	137.723007	9.603241	36.4499360	-0.151409 	-0.000102	15.34	0.024433
13.883334	137.882004	9.562875	36.4498750	-0.151470 	-0.000095	15.363875	0.024414
13.900001	138.048004	9.508343	36.4499700	-0.151375 	-0.000087	15.388625	0.024318
13.916667	138.203003	9.433053	36.4496880	-0.151657 	-0.000077	15.4145	0.024207
13.933334	138.354996	9.375782	36.4497180	-0.151627 	-0.000077	15.438625	0.024099
13.950001	138.509995	9.345212	36.4497180	-0.151627 	-0.000084	15.462	0.023943
13.966667	138.664993	9.308682	36.4496570	-0.151688 	-0.000098	15.486	0.023707
13.983334	138.822998	9.30924	36.4495320	-0.151813 	-0.000115	15.50875	0.023413
14.000001	138.977997	9.335982	36.4494060	-0.151939 	-0.000118	15.532375	0.023129
14.016667	139.128998	9.358903	36.4492190	-0.152126 	-0.000135	15.556125	0.023017
14.033334	139.283997	9.376366	36.4490320	-0.152313 	-0.00014	15.5795	0.022868
14.050001	139.438995	9.39763	36.4489060	-0.152439 	-0.000146	15.600875	0.022662
14.066668	139.604996	9.40691	36.4487190	-0.152626 	-0.000147	15.623125	0.022571
14.083334	139.759995	9.425488	36.4486890	-0.152656 	-0.00015	15.6455	0.022479
14.1	139.914993	9.40532	36.4484670	-0.152878 	-0.000143	15.669625	0.022417
14.116668	140.072998	9.336581	36.4484370	-0.152908 	-0.000138	15.690875	0.022372
14.133334	140.231995	9.255865	36.4481540	-0.153191 	-0.000133	15.712	0.022462
14.150001	140.386002	9.187699	36.4480320	-0.153313 	-0.000131	15.73575	0.022571
14.166667	140.544006	9.177312	36.4478110	-0.153534 	-0.000129	15.758375	0.022654
14.183334	140.688004	9.180026	36.4478450	-0.153500 	-0.000119	15.780625	0.022771
14.200001	140.830994	9.186002	36.4477200	-0.153625 	-0.000109	15.802125	0.022998
14.216667	140.981003	9.202374	36.4476240	-0.153721 	-0.000096	15.82625	0.023171
14.233335	141.139008	9.234525	36.4474370	-0.153908 	-0.000091	15.850375	0.023182
14.250001	141.300995	9.20889	36.4473760	-0.153969 	-0.000091	15.873	0.023323
14.266667	141.459	9.207816	36.4473110	-0.154034 	-0.000097	15.896875	0.023497
14.283334	141.613998	9.182739	36.4473110	-0.154034 	-0.000099	15.920625	0.023557
14.300001	141.768005	9.134699	36.4471550	-0.154190 	-0.000103	15.944125	0.023468
14.316668	141.921997	9.080708	36.4470940	-0.154251 	-0.000105	15.965875	0.023468
14.333334	142.054001	9.044753	36.4469070	-0.154438 	-0.00012	15.991	0.02345
14.35	142.207001	9.042006	36.4468120	-0.154533 	-0.000129	16.015625	0.023376
14.366668	142.358002	9.07474	36.4466550	-0.154690 	-0.000135	16.037874	0.023295
14.383334	142.511993	9.16308	36.4465290	-0.154816 	-0.000145	16.060249	0.023226
14.400001	142.666	9.266186	36.4464380	-0.154907 	-0.000159	16.084875	0.023239
14.416667	142.820007	9.370922	36.4461560	-0.155189 	-0.000162	16.10725	0.023164
14.433334	142.973999	9.402574	36.4460950	-0.155250 	-0.000166	16.130251	0.023234
14.450001	143.132004	9.421109	36.4459990	-0.155346 	-0.00016	16.152876	0.023337
14.466667	143.300995	9.449491	36.4456250	-0.155720 	-0.000152	16.175875	0.023473
14.483335	143.459	9.500727	36.4454080	-0.155937 	-0.000145	16.2005	0.023516
14.500001	143.613007	9.523074	36.4453740	-0.155971 	-0.000138	16.223749	0.023557
14.516667	143.766006	9.522533	36.4452170	-0.156128 	-0.000137	16.248375	0.023592
14.533334	143.919998	9.503964	36.4452170	-0.156128 	-0.000129	16.271	0.023741
14.550001	144.085007	9.489807	36.4451260	-0.156219 	-0.000118	16.296125	0.02377
14.566668	144.253998	9.492529	36.4449690	-0.156376 	-0.000112	16.318874	0.023631
14.583334	144.406998	9.487602	36.4447520	-0.156593 	-0.00012	16.341	0.023557
14.6	144.561996	9.461426	36.4446260	-0.156719 	-0.000123	16.36525	0.023578
14.616668	144.718994	9.484913	36.4445300	-0.156815 	-0.000124	16.39175	0.023681
14.633334	144.880005	9.472919	36.4444050	-0.156940 	-0.000121	16.414249	0.023759
14.650001	145.033005	9.486594	36.4444390	-0.156906 	-0.000123	16.435249	0.023932
14.666667	145.186996	9.537864	36.4441570	-0.157188 	-0.000122	16.459	0.024081
14.683334	145.339996	9.578754	36.4440310	-0.157314 	-0.000125	16.484875	0.024075
14.700001	145.520004	9.589642	36.4440310	-0.157314 	-0.000129	16.509375	0.023967
14.716667	145.673004	9.586353	36.4438440	-0.157501 	-0.000129	16.533875	0.024
14.733335	145.835007	9.585272	36.4435920	-0.157753 	-0.000134	16.558374	0.024066
14.750001	145.996002	9.57327	36.4435310	-0.157814 	-0.000129	16.583	0.024061
14.766667	146.156998	9.530174	36.4434360	-0.157909 	-0.000135	16.605875	0.024028
14.783334	146.309998	9.458138	36.4432830	-0.158062 	-0.000134	16.627501	0.024038
14.800001	146.466003	9.435766	36.4432180	-0.158127 	-0.000127	16.651251	0.024134
14.816668	146.623001	9.389399	36.4430010	-0.158344 	-0.000119	16.676874	0.024336
14.833334	146.783997	9.345795	36.4428750	-0.158470 	-0.000119	16.702625	0.02462
14.85	146.938004	9.31252	36.4426880	-0.158657 	-0.000119	16.726999	0.024928
14.866668	147.093994	9.30979	36.4426880	-0.158657 	-0.000114	16.7505	0.025138
14.883334	147.246994	9.314683	36.4425620	-0.158783 	-0.000111	16.776125	0.02515
14.900001	147.399994	9.31907	36.4425010	-0.158844 	-0.000106	16.802376	0.025081
14.916667	147.552002	9.315291	36.4423750	-0.158970 	-0.000112	16.828501	0.025013
14.933334	147.705994	9.321857	36.4421880	-0.159157 	-0.000117	16.8535	0.02489
14.950001	147.865997	9.32026	36.4421580	-0.159187 	-0.000126	16.878	0.02479
14.966667	148.026993	9.325695	36.4420320	-0.159313 	-0.000128	16.902124	0.024621
14.983335	148.182999	9.33112	36.4419060	-0.159439 	-0.000125	16.92675	0.024498
15.000001	148.335007	9.342557	36.4416580	-0.159687 	-0.000118	16.951124	0.024388
15.016667	148.488007	9.352936	36.4415630	-0.159782 	-0.000115	16.973875	0.024219
15.033334	148.641006	9.372545	36.4414370	-0.159908 	-0.000118	16.999374	0.024114
15.050001	148.796997	9.399795	36.4413450	-0.160000 	-0.000115	17.024124	0.024023
15.066668	148.953995	9.428666	36.4413450	-0.160000 	-0.000113	17.049126	0.024005
15.083334	149.113998	9.379028	36.4412500	-0.160095 	-0.000112	17.0725	0.024006
15.1	149.274002	9.31033	36.4410630	-0.160282 	-0.000118	17.093876	0.024013
15.116668	149.436996	9.235616	36.4409070	-0.160438 	-0.000127	17.118376	0.023765
15.133334	149.593994	9.155473	36.4408110	-0.160534 	-0.000146	17.14225	0.023398
15.150001	149.746994	9.091095	36.4406550	-0.160690 	-0.000148	17.167749	0.023048
15.166667	149.875	9.037621	36.4405330	-0.160812 	-0.000151	17.19175	0.022847
15.183334	150.024002	9.026167	36.4403760	-0.160969 	-0.000147	17.215626	0.022786
15.200001	150.175995	9.032185	36.4401890	-0.161156 	-0.000146	17.235624	0.022658
15.216667	150.328003	9.127633	36.4398420	-0.161503 	-0.000138	17.254749	0.022667
15.233335	150.483994	9.241616	36.4399990	-0.161346 	-0.000141	17.276501	0.02267
15.250001	150.636993	9.353985	36.4397200	-0.161625 	-0.000151	17.300249	0.02278
15.266667	150.796997	9.383439	36.4396550	-0.161690 	-0.000153	17.3255	0.023029
15.283334	150.947998	9.385653	36.4394990	-0.161846 	-0.00015	17.349001	0.023349
15.300001	151.119995	9.406936	36.4395290	-0.161816 	-0.000129	17.373625	0.023667
15.316668	151.274994	9.406943	36.4391250	-0.162220 	-0.000137	17.395876	0.023773
15.333334	151.427002	9.400376	36.4388120	-0.162533 	-0.000128	17.418375	0.023717
15.35	151.578995	9.375283	36.4387820	-0.162563 	-0.000125	17.442751	0.023642
15.366668	151.731003	9.367642	36.4387170	-0.162628 	-0.000108	17.465876	0.023667
15.383334	151.897003	9.345837	36.4389990	-0.162346 	-0.000104	17.491875	0.023775
15.400001	152.050995	9.385662	36.4385640	-0.162781 	-0.000085	17.515499	0.023986
15.416668	152.205994	9.417838	36.4384690	-0.162876 	-0.000082	17.538	0.024084
15.433334	152.360001	9.448934	36.4383740	-0.162971 	-0.000096	17.561375	0.02403
15.450001	152.518997	9.487643	36.4384990	-0.162846 	-0.000115	17.585501	0.023988
15.466667	152.677002	9.515475	36.4381560	-0.163189 	-0.000132	17.611126	0.023839
15.483335	152.839005	9.550922	36.4381870	-0.163158 	-0.00013	17.63625	0.023717
15.500001	152.994003	9.564023	36.4380610	-0.163284 	-0.000131	17.659624	0.023582
15.516667	153.154999	9.573828	36.4378430	-0.163502 	-0.000131	17.681999	0.023406
15.533334	153.320999	9.546561	36.4375610	-0.163784 	-0.000124	17.70575	0.023198
15.550001	153.483002	9.50835	36.4374690	-0.163876 	-0.000104	17.728251	0.022969
15.566668	153.636993	9.469624	36.4372830	-0.164062 	-0.000105	17.750126	0.02285
15.583334	153.792007	9.443465	36.4373740	-0.163971 	-0.000095	17.773125	0.022863
15.6	153.953003	9.398188	36.4373130	-0.164032 	-0.000094	17.796749	0.022869
15.616668	154.104004	9.343107	36.4373130	-0.164032 	-0.000083	17.81975	0.022857
15.633334	154.257996	9.322357	36.4372480	-0.164097 	-0.000089	17.841999	0.022995
15.650001	154.416	9.346369	36.4369700	-0.164375 	-0.000089	17.865	0.023183
15.666668	154.574005	9.357239	36.4369050	-0.164440 	-0.000098	17.8885	0.02334
15.683334	154.727997	9.377455	36.4366260	-0.164719 	-0.000101	17.910749	0.023444
15.700001	154.878006	9.396024	36.4368130	-0.164532 	-0.000106	17.93375	0.023672
15.716667	155.035995	9.38294	36.4365620	-0.164783 	-0.000108	17.958876	0.023891
15.733335	155.201004	9.400352	36.4366260	-0.164719 	-0.000109	17.983625	0.024022
15.750001	155.354996	9.409639	36.4364700	-0.164875 	-0.000117	18.00775	0.024258
15.766667	155.516006	9.437997	36.4363140	-0.165031 	-0.000129	18.0305	0.024471
15.783334	155.667007	9.437448	36.4361570	-0.165188 	-0.000152	18.056376	0.024622
15.800001	155.817001	9.394384	36.4359700	-0.165375 	-0.000165	18.0805	0.024656
15.816668	155.985992	9.359985	36.4358140	-0.165531 	-0.000179	18.104	0.024789
15.833334	156.139008	9.343614	36.4357190	-0.165626 	-0.000188	18.131124	0.024922
15.85	156.300995	9.340318	36.4354360	-0.165909 	-0.000188	18.155624	0.025038
15.866668	156.451004	9.37415	36.4352490	-0.166096 	-0.000191	18.181	0.025104
15.883334	156.600006	9.402524	36.4349670	-0.166378 	-0.000187	18.204876	0.025236
15.900001	156.757996	9.367626	36.4348750	-0.166470 	-0.00018	18.231125	0.025379
15.916668	156.910995	9.321792	36.4345630	-0.166782 	-0.000155	18.255875	0.025363
15.933334	157.072998	9.262348	36.4345320	-0.166813 	-0.000135	18.281	0.025454
15.950001	157.237	9.228508	36.4342800	-0.167065 	-0.000124	18.307249	0.025578
15.966667	157.397995	9.188715	36.4342190	-0.167126 	-0.000107	18.333	0.025697
15.983335	157.541	9.175656	36.4341240	-0.167221 	-0.000084	18.359625	0.025745
16	157.679001	9.178378	36.4343110	-0.167034 	-0.000061	18.383751	0.025638
16.016668	157.828995	9.170188	36.4340320	-0.167313 	-0.000059	18.4095	0.025438
16.033335	157.981995	9.202357	36.4338460	-0.167499 	-0.000059	18.436501	0.025206
16.050001	158.136002	9.260167	36.4338760	-0.167469 	-0.000078	18.462126	0.024939
16.066668	158.304001	9.328882	36.4340630	-0.167282 	-0.000099	18.488125	0.024716
16.083334	158.460999	9.399819	36.4339980	-0.167347 	-0.000121	18.509874	0.024536
16.1	158.613998	9.411845	36.4337500	-0.167595 	-0.000141	18.533875	0.024162
16.116667	158.774994	9.396032	36.4335630	-0.167782 	-0.000167	18.558624	0.023871
16.133335	158.927994	9.349672	36.4332500	-0.168095 	-0.00019	18.581875	0.023606
16.150002	159.076996	9.330056	36.4330940	-0.168251 	-0.000217	18.606874	0.023433
16.166668	159.242004	9.356239	36.4329380	-0.168407 	-0.000221	18.630625	0.023398
16.183334	159.395004	9.374235	36.4325290	-0.168816 	-0.000213	18.651625	0.023273
16.200001	159.548004	9.362232	36.4323770	-0.168968 	-0.000188	18.676125	0.023122
16.216667	159.697006	9.370389	36.4323430	-0.169002 	-0.000161	18.697624	0.022956
16.233334	159.865005	9.401975	36.4319080	-0.169437 	-0.000142	18.721125	0.022754
16.25	160.026001	9.387209	36.4318120	-0.169533 	-0.000123	18.744749	0.022663
16.266668	160.179001	9.389382	36.4316860	-0.169659 	-0.000107	18.768	0.022579
16.283335	160.328003	9.424847	36.4319080	-0.169437 	-0.000113	18.790251	0.02231
16.300001	160.485001	9.46468	36.4317820	-0.169563 	-0.000112	18.811501	0.022179
16.316668	160.651993	9.470697	36.4316560	-0.169689 	-0.000108	18.833376	0.021998
16.333334	160.800995	9.498005	36.4314990	-0.169846 	-0.000116	18.856125	0.021827
16.35	160.953995	9.522025	36.4313130	-0.170032 	-0.000127	18.877625	0.021642
16.366667	161.125	9.529108	36.4310000	-0.170345 	-0.000148	18.897751	0.021477
16.383335	161.289001	9.50458	36.4310300	-0.170315 	-0.000147	18.920626	0.02133
16.400002	161.445999	9.451688	36.4308740	-0.170471 	-0.000138	18.942625	0.021121
16.416668	161.602005	9.437506	36.4308130	-0.170532 	-0.000126	18.963625	0.02094
16.433334	161.755005	9.406927	36.4306560	-0.170689 	-0.000118	18.9835	0.020844
16.450001	161.910995	9.356182	36.4303740	-0.170971 	-0.000116	19.00375	0.020779
16.466667	162.067001	9.35346	36.4303130	-0.171032 	-0.000122	19.024626	0.020698
16.483334	162.216003	9.389998	36.4303130	-0.171032 	-0.000125	19.044624	0.020762
16.5	162.376007	9.424363	36.4302480	-0.171097 	-0.000124	19.065624	0.020862
16.516668	162.535995	9.464714	36.4300610	-0.171284 	-0.000124	19.086624	0.021014
16.533335	162.692001	9.488175	36.4298740	-0.171471 	-0.000121	19.107624	0.021139
16.550001	162.852005	9.502899	36.4297830	-0.171562 	-0.00012	19.129126	0.021282
16.566668	163.014999	9.508883	36.4295620	-0.171783 	-0.000124	19.151125	0.021379
16.583334	163.171005	9.483256	36.4295310	-0.171814 	-0.000119	19.171625	0.021452
16.6	163.330994	9.477264	36.4293440	-0.172001 	-0.000116	19.193375	0.021274
16.616667	163.487	9.459262	36.4292830	-0.172062 	-0.00011	19.214874	0.020952
16.633335	163.643005	9.43143	36.4293140	-0.172031 	-0.000108	19.237249	0.020598
16.650002	163.798996	9.4151	36.4290620	-0.172283 	-0.000092	19.257875	0.020271
16.666668	163.955002	9.442367	36.4290010	-0.172344 	-0.000089	19.280001	0.020056
16.683334	164.117996	9.46637	36.4287800	-0.172565 	-0.000095	19.296375	0.019961
16.700001	164.270004	9.471255	36.4287800	-0.172565 	-0.0001	19.314125	0.020044
16.716667	164.425995	9.417273	36.4286580	-0.172687 	-0.000098	19.33375	0.020161
16.733334	164.585007	9.344746	36.4288440	-0.172501 	-0.00009	19.35375	0.020466
16.75	164.751999	9.266193	36.4286230	-0.172722 	-0.000096	19.37475	0.020745
16.766668	164.910995	9.178936	36.4282800	-0.173065 	-0.000108	19.397499	0.021176
16.783335	165.059998	9.126019	36.4282490	-0.173096 	-0.000117	19.4205	0.021481
16.800001	165.197006	9.056746	36.4282800	-0.173065 	-0.000115	19.440874	0.021743
16.816668	165.345001	9.02725	36.4281880	-0.173157 	-0.000116	19.463375	0.021897
16.833334	165.496002	9.032734	36.4279370	-0.173408 	-0.000096	19.48325	0.02193
16.85	165.645004	9.110179	36.4276580	-0.173687 	-0.00009	19.505125	0.021896
16.866667	165.800003	9.202888	36.4277190	-0.173626 	-0.000108	19.52775	0.021852
16.883335	165.947998	9.304321	36.4277500	-0.173595 	-0.000128	19.55175	0.021874
16.900002	166.110992	9.369773	36.4276240	-0.173721 	-0.000135	19.573376	0.021804
16.916668	166.270004	9.423248	36.4276580	-0.173687 	-0.000144	19.594625	0.021801
16.933334	166.432999	9.468534	36.4273760	-0.173969 	-0.000161	19.616125	0.021712
16.950001	166.584	9.483823	36.4270320	-0.174313 	-0.000176	19.636875	0.021531
16.966667	166.742996	9.474568	36.4267500	-0.174595 	-0.000176	19.658625	0.021232
16.983334	166.901993	9.441833	36.4266890	-0.174656 	-0.000165	19.67975	0.021063
17	167.061005	9.417806	36.4264680	-0.174877 	-0.000152	19.702	0.020888
17.016668	167.220001	9.385653	36.4262200	-0.175125 	-0.000133	19.724001	0.020672
17.033335	167.375	9.356739	36.4262810	-0.175064 	-0.000114	19.743876	0.020541
17.050001	167.526001	9.334359	36.4262500	-0.175095 	-0.000098	19.761875	0.020505
17.066668	167.684998	9.327276	36.4261550	-0.175190 	-0.000092	19.782749	0.020378
17.083334	167.839996	9.321792	36.4260330	-0.175312 	-0.000088	19.802876	0.02028
17.1	167.992004	9.386186	36.4258120	-0.175533 	-0.000087	19.822374	0.020273
17.116667	168.141998	9.474551	36.4257810	-0.175564 	-0.000097	19.844	0.020349
17.133335	168.304993	9.554177	36.4258120	-0.175533 	-0.000102	19.866751	0.020421
17.150002	168.464005	9.57709	36.4256860	-0.175659 	-0.000108	19.884624	0.020432
17.166668	168.617996	9.59074	36.4254990	-0.175846 	-0.000114	19.905125	0.02044
17.183334	168.796005	9.617474	36.4254680	-0.175877 	-0.000114	19.925501	0.020491
17.200001	168.960999	9.630557	36.4253120	-0.176033 	-0.00012	19.945625	0.020531
17.216667	169.119995	9.598938	36.4251560	-0.176189 	-0.000119	19.966	0.020531
17.233334	169.266998	9.57054	36.4249690	-0.176376 	-0.000116	19.987499	0.020726
17.25	169.421005	9.524198	36.4248120	-0.176533 	-0.000114	20.0075	0.020865
17.266668	169.587006	9.45982	36.4248430	-0.176502 	-0.000107	20.029249	0.021036
17.283335	169.748993	9.428724	36.4247170	-0.176628 	-0.000095	20.050875	0.021222
17.300001	169.904007	9.436348	36.4246860	-0.176659 	-0.000089	20.06975	0.021429
17.316668	170.061996	9.4947	36.4245000	-0.176845 	-0.000088	20.091875	0.021645
17.333334	170.216003	9.496881	36.4243430	-0.177002 	-0.000097	20.11425	0.021823
17.35	170.375	9.449982	36.4244080	-0.176937 	-0.000112	20.13625	0.021915
17.366667	170.524994	9.400369	36.4243430	-0.177002 	-0.000116	20.158375	0.021973
17.383335	170.686996	9.356174	36.4241870	-0.177158 	-0.000127	20.18125	0.022077
17.400002	170.860001	9.349631	36.4240300	-0.177315 	-0.000123	20.204124	0.022065
17.416668	171.011002	9.402	36.4238130	-0.177532 	-0.000118	20.225124	0.022121
17.433334	171.156998	9.430365	36.4236260	-0.177719 	-0.000123	20.24675	0.022233
17.450001	171.304001	9.451105	36.4235950	-0.177750 	-0.000114	20.26775	0.022364
17.466667	171.455002	9.437439	36.4233440	-0.178001 	-0.000102	20.290501	0.022569
17.483334	171.623993	9.43743	36.4234390	-0.177906 	-0.000101	20.31325	0.022758
17.5	171.800003	9.478363	36.4234390	-0.177906 	-0.000095	20.336876	0.022954
17.516668	171.953995	9.457639	36.4231870	-0.178158 	-0.000098	20.36025	0.023099
17.533335	172.108002	9.376373	36.4231870	-0.178158 	-0.000117	20.383499	0.023201
17.550001	172.261993	9.258554	36.4230920	-0.178253 	-0.000133	20.408001	0.023197
17.566668	172.419998	9.118378	36.4227830	-0.178562 	-0.000151	20.430124	0.023053
17.583334	172.574005	9.031078	36.4228130	-0.178532 	-0.000155	20.452625	0.022913
17.6	172.712997	9.01801	36.4226260	-0.178719 	-0.000158	20.476	0.022827
17.616667	172.856003	9.068182	36.4222490	-0.179096 	-0.000154	20.49925	0.022765
17.633335	173.005997	9.120008	36.4220920	-0.179253 	-0.000153	20.522249	0.022709
17.650002	173.156998	9.168541	36.4220310	-0.179314 	-0.000144	20.542749	0.022736
17.666668	173.313995	9.233992	36.4219700	-0.179375 	-0.000147	20.566	0.022734
17.683334	173.468002	9.308758	36.4217190	-0.179626 	-0.000143	20.589375	0.02262
17.700001	173.639999	9.370914	36.4218140	-0.179531 	-0.000139	20.612375	0.022539
17.716667	173.792999	9.384547	36.4214710	-0.179874 	-0.000147	20.635	0.022465
17.733334	173.944	9.381817	36.4214060	-0.179939 	-0.00015	20.657749	0.022364
17.75	174.097	9.357288	36.4211880	-0.180157 	-0.000147	20.6805	0.022203
17.766668	174.251007	9.348009	36.4210010	-0.180344 	-0.000142	20.701124	0.022053
17.783335	174.414993	9.331104	36.4208450	-0.180500 	-0.000152	20.723499	0.02197
17.800001	174.565994	9.342016	36.4206890	-0.180656 	-0.000139	20.745251	0.021875
17.816668	174.722	9.374725	36.4206580	-0.180687 	-0.000131	20.766251	0.021805
17.833334	174.876007	9.402541	36.4205930	-0.180752 	-0.000123	20.789125	0.02172
17.85	175.037003	9.421642	36.4204060	-0.180939 	-0.000122	20.810749	0.021696
17.866667	175.194	9.438005	36.4200940	-0.181251 	-0.000128	20.833124	0.021621
17.883335	175.343002	9.472912	36.4201240	-0.181221 	-0.000134	20.854	0.021456
17.900002	175.507996	9.487627	36.4201240	-0.181221 	-0.000155	20.87575	0.021364
17.916668	175.667999	9.53342	36.4199070	-0.181438 	-0.000161	20.89625	0.021241
17.933334	175.826004	9.568359	36.4197200	-0.181625 	-0.000158	20.917999	0.021236
17.950001	175.985992	9.608751	36.4194980	-0.181847 	-0.000161	20.939625	0.021179
17.966667	176.143005	9.64201	36.4193760	-0.181969 	-0.000173	20.9585	0.021143
17.983334	176.300003	9.651281	36.4189680	-0.182377 	-0.000174	20.981001	0.021086
18	176.470993	9.661618	36.4189680	-0.182377 	-0.000165	21.002251	0.021159
18.016668	176.632004	9.658348	36.4189070	-0.182438 	-0.000161	21.024626	0.02124
18.033335	176.792007	9.64801	36.4186550	-0.182690 	-0.000148	21.044624	0.021367
18.050001	176.951996	9.62781	36.4184990	-0.182846 	-0.000138	21.065001	0.021575
18.066668	177.115997	9.597839	36.4183730	-0.182972 	-0.000127	21.085875	0.02168
18.083334	177.272995	9.556375	36.4182510	-0.183094 	-0.000119	21.108999	0.02177
18.1	177.429001	9.547619	36.4180300	-0.183315 	-0.000107	21.13125	0.02177
18.116667	177.589005	9.555809	36.4180640	-0.183281 	-0.000094	21.153126	0.021831
18.133335	177.746002	9.53511	36.4179380	-0.183407 	-0.0001	21.176001	0.021937
18.150002	177.906006	9.510573	36.4178120	-0.183533 	-0.000117	21.198376	0.021972
18.166668	178.065994	9.519271	36.4179080	-0.183437 	-0.000135	21.219	0.02192
18.183334	178.225998	9.524722	36.4177820	-0.183563 	-0.000144	21.239124	0.021943
18.200001	178.389999	9.514343	36.4176250	-0.183720 	-0.000149	21.261	0.021589
18.216667	178.539001	9.482166	36.4172820	-0.184063 	-0.000155	21.28525	0.021067
18.233334	178.695007	9.424356	36.4169390	-0.184406 	-0.000157	21.307375	0.020589
18.25	178.858994	9.393269	36.4167520	-0.184593 	-0.000145	21.328875	0.020391
18.266668	179.018005	9.409074	36.4167820	-0.184563 	-0.000123	21.351376	0.020244
18.283335	179.173996	9.424904	36.4168430	-0.184502 	-0.000098	21.364876	0.020106
18.300001	179.322998	9.406919	36.4165310	-0.184814 	-0.000067	21.381624	0.020043
18.316668	179.472	9.328366	36.4164700	-0.184875 	-0.000058	21.400875	0.020217
18.333334	179.634995	9.238387	36.4166260	-0.184719 	-0.000062	21.425125	0.020539
18.35	179.806	9.175116	36.4165000	-0.184845 	-0.000066	21.446875	0.020933
18.366667	179.962006	9.128765	36.4164390	-0.184906 	-0.000064	21.4685	0.021529
18.383335	180.100006	9.093276	36.4165000	-0.184845 	-0.000062	21.48975	0.02178
18.400002	180.240997	9.078003	36.4161870	-0.185158 	-0.000068	21.511625	0.021797
18.416668	180.389999	9.097072	36.4160920	-0.185253 	-0.000085	21.533625	0.021702
18.433334	180.542007	9.151611	36.4161570	-0.185188 	-0.000098	21.554625	0.021689
18.450001	180.694	9.269973	36.4161260	-0.185219 	-0.000115	21.57725	0.02171
18.466667	180.845993	9.420518	36.4159390	-0.185406 	-0.000127	21.598625	0.021848
18.483334	181.009003	9.521451	36.4159390	-0.185406 	-0.000116	21.620125	0.021997
18.500002	181.179993	9.572737	36.4156570	-0.185688 	-0.000121	21.64225	0.022112
18.516668	181.339005	9.603266	36.4154050	-0.185940 	-0.000126	21.66325	0.022253
18.533335	181.498001	9.616923	36.4152180	-0.186127 	-0.000121	21.685499	0.022387
18.550001	181.660995	9.617456	36.4151270	-0.186218 	-0.00011	21.709875	0.02253
18.566668	181.817001	9.579803	36.4153140	-0.186031 	-0.000114	21.732876	0.022606
18.583334	181.973007	9.548734	36.4150920	-0.186253 	-0.000094	21.754499	0.022531
18.6	182.132996	9.54106	36.4150010	-0.186344 	-0.00009	21.77725	0.022437
18.616667	182.292999	9.534002	36.4149060	-0.186439 	-0.000095	21.800625	0.022314
18.633335	182.455994	9.538372	36.4148450	-0.186500 	-0.000099	21.822874	0.022098
18.650002	182.612	9.537813	36.4144670	-0.186878 	-0.000104	21.844875	0.021994
18.666668	182.772003	9.550365	36.4147190	-0.186626 	-0.000106	21.865	0.021911
18.683334	182.927994	9.554219	36.4144360	-0.186909 	-0.000114	21.886999	0.021839
18.700001	183.087006	9.587485	36.4143140	-0.187031 	-0.000116	21.910126	0.021792
18.716667	183.25	9.644756	36.4143450	-0.187000 	-0.000112	21.93075	0.021851
18.733334	183.403	9.662201	36.4142490	-0.187096 	-0.000104	21.952999	0.022019
18.750002	183.569	9.716733	36.4139060	-0.187439 	-0.000117	21.974501	0.022239
18.766668	183.729004	9.757632	36.4137800	-0.187565 	-0.000112	21.997126	0.022393
18.783335	183.899002	9.772356	36.4137500	-0.187595 	-0.000127	22.018875	0.022514
18.800001	184.069	9.810009	36.4137500	-0.187595 	-0.000135	22.0415	0.022641
18.816668	184.214005	9.853646	36.4136580	-0.187687 	-0.00012	22.065374	0.022187
18.833334	184.391998	9.849817	36.4134370	-0.187908 	-0.000091	22.088625	0.021649
18.85	184.550995	9.867804	36.4133110	-0.188034 	-0.000073	22.11175	0.021124
18.866667	184.710007	9.825789	36.4129370	-0.188408 	-0.00007	22.134001	0.019421
18.883335	184.884003	9.784882	36.4129370	-0.188408 	-0.000066	22.15575	0.015645
18.900002	185.050003	9.758165	36.4131240	-0.188221 	-0.000053	22.167376	0.011845
18.916668	185.209	9.664889	36.4133110	-0.188034 	-0.000028	22.186125	0.009289
18.933334	185.378998	9.604322	36.4132800	-0.188065 	-0.000011	22.207251	0.008157
18.950001	185.526993	9.567784	36.4129980	-0.188347 	-0.000005	22.20075	0.00842
18.966667	185.682999	9.538372	36.4128760	-0.188469 	-0.000021	22.16975	0.010004
18.983334	185.841003	9.531305	36.4129070	-0.188438 	-0.000055	22.172251	0.012792
19.000002	185.996994	9.541684	36.4131240	-0.188221 	-0.000019	22.197124	0.016552
19.016668	186.151993	9.558605	36.4130940	-0.188251 	0.000308	22.226875	0.026764
19.033335	186.322006	9.586429	36.4129370	-0.188408 	0.000587	22.2575	0.038303
19.050001	186.488007	9.555309	36.4128460	-0.188499 	0.000751	22.289	0.048151
19.066668	186.643005	9.461459	36.4124070	-0.188938 	0.000803	22.320375	0.053775
19.083334	186.802002	9.321834	36.4136240	-0.187721 	0.000782	22.36075	0.055935
19.1	186.964005	9.149447	36.4199070	-0.181438 	0.000707	22.518875	0.05553
19.116667	187.115005	8.960682	36.4201890	-0.181156 	0.000587	22.589251	0.052667
19.133335	187.263	8.813424	36.4194070	-0.181938 	0.000409	22.63625	0.047516
19.150002	187.399994	8.705433	36.4183430	-0.183002 	0.000187	22.667625	0.040367
19.166668	187.537003	8.612707	36.4178120	-0.183533 	-0.000105	22.688	0.031309
19.183334	187.677002	8.55433	36.4173430	-0.184002 	-0.000367	22.704876	0.021068
19.200001	187.820999	8.567422	36.4172170	-0.184128 	-0.000316	22.716625	0.016386
19.216667	187.966003	8.611075	36.4169690	-0.184376 	-0.000231	22.727501	0.013884
19.233334	188.110001	8.707639	36.4169040	-0.184441 	-0.000162	22.73975	0.012799
19.250002	188.253998	8.807448	36.4167180	-0.184627 	-0.000129	22.75025	0.012594
19.266668	188.397995	8.900732	36.4167820	-0.184563 	-0.000112	22.761749	0.012856
19.283335	188.548996	8.984719	36.4167520	-0.184593 	-0.000106	22.7745	0.0134
19.300001	188.695999	9.075806	36.4165310	-0.184814 	-0.000101	22.789125	0.014014
19.316668	188.854004	9.150545	36.4163740	-0.184971 	-0.000096	22.803875	0.0147
19.333334	189.009003	9.183272	36.4162830	-0.185062 	-0.000088	22.819124	0.015488
19.35	189.164001	9.220384	36.4161260	-0.185219 	-0.00009	22.835251	0.01617
19.366667	189.317993	9.236206	36.4161260	-0.185219 	-0.000086	22.850624	0.016759
19.383335	189.475998	9.244912	36.4160000	-0.185345 	-0.000082	22.86725	0.017268
19.400002	189.626999	9.261832	36.4160610	-0.185284 	-0.000078	22.885876	0.017692
19.416668	189.770996	9.304913	36.4160310	-0.185314 	-0.000077	22.905125	0.018093
19.433334	189.932007	9.340376	36.4158440	-0.185501 	-0.000081	22.92325	0.01843
19.450001	190.087006	9.379669	36.4157180	-0.185627 	-0.000095	22.941999	0.018829
19.466667	190.240997	9.415109	36.4155620	-0.185783 	-0.000108	22.961	0.019197
19.483334	190.406006	9.460935	36.4155920	-0.185753 	-0.000129	22.978874	0.019517
19.500002	190.567993	9.494184	36.4155010	-0.185844 	-0.000136	22.998625	0.019833
19.516668	190.722	9.504522	36.4153440	-0.186001 	-0.000132	23.017876	0.020218
19.533335	190.880005	9.550365	36.4151270	-0.186218 	-0.000111	23.039625	0.020457
19.550001	191.037003	9.596732	36.4149360	-0.186409 	-0.000096	23.061375	0.020615
19.566668	191.195007	9.602167	36.4146880	-0.186657 	-0.000082	23.0825	0.020746
19.583334	191.352997	9.646919	36.4146580	-0.186687 	-0.000069	23.103125	0.020892
19.6	191.516998	9.686172	36.4146580	-0.186687 	-0.000063	23.125	0.021033
19.616667	191.686005	9.677423	36.4149700	-0.186375 	-0.00006	23.143999	0.021035
19.633335	191.850998	9.685057	36.4148140	-0.186531 	-0.000062	23.163876	0.021134
19.650002	192.003998	9.681261	36.4148140	-0.186531 	-0.000064	23.184875	0.021276
19.666668	192.173004	9.637099	36.4145930	-0.186752 	-0.000078	23.2085	0.021423
19.683334	192.330002	9.597797	36.4143450	-0.187000 	-0.000103	23.230625	0.021554
19.700001	192.479996	9.546503	36.4142490	-0.187096 	-0.000131	23.250875	0.02165
19.716667	192.647995	9.516541	36.4141580	-0.187187 	-0.00013	23.2735	0.021632
19.733334	192.809006	9.503982	36.4142190	-0.187126 	-0.000128	23.295124	0.021463
19.750002	192.959	9.459786	36.4140930	-0.187252 	-0.000113	23.316626	0.021029
19.766668	193.123993	9.458188	36.4137800	-0.187565 	-0.000094	23.338375	0.020642
19.783335	193.276993	9.461459	36.4135320	-0.187813 	-0.000091	23.358376	0.020336
19.800001	193.434006	9.41783	36.4135630	-0.187782 	-0.00009	23.379749	0.020002
19.816668	193.591995	9.39708	36.4135020	-0.187843 	-0.00008	23.39975	0.019834
19.833334	193.744995	9.370373	36.4135320	-0.187813 	-0.000057	23.415874	0.019777
19.85	193.906006	9.330006	36.4136240	-0.187721 	-0.000046	23.43475	0.019829
19.866667	194.065994	9.28309	36.4133760	-0.187969 	-0.000051	23.45525	0.020008
19.883335	194.216003	9.202365	36.4132500	-0.188095 	-0.000056	23.47525	0.020257
19.900002	194.369995	9.12273	36.4133450	-0.188000 	-0.000063	23.496626	0.020657
19.916668	194.518997	9.07365	36.4134060	-0.187939 	-0.000073	23.51775	0.021163
19.933334	194.675995	9.047441	36.4131240	-0.188221 	-0.000079	23.538876	0.021502
19.950001	194.819	9.047449	36.4129680	-0.188377 	-0.000077	23.559999	0.021742
19.966667	194.962006	9.123804	36.4130940	-0.188251 	-0.000084	23.581875	0.022023
19.983334	195.110992	9.207833	36.4129370	-0.188408 	-0.000084	23.60425	0.022208
20.000002	195.268005	9.318021	36.4128110	-0.188534 	-0.000085	23.627501	0.022371
20.016668	195.427994	9.402574	36.4127200	-0.188625 	-0.000071	23.65	0.022548
20.033335	195.580994	9.482733	36.4126240	-0.188721 	-0.000063	23.672001	0.022713
20.050001	195.751999	9.510023	36.4125330	-0.188812 	-0.000059	23.695749	0.022795
20.066668	195.912003	9.507843	36.4126550	-0.188690 	-0.000055	23.717751	0.022827
20.083334	196.076004	9.516549	36.4124070	-0.188938 	-0.000053	23.740126	0.022852
20.1	196.229004	9.517648	36.4124680	-0.188877 	-0.000053	23.76375	0.022803
20.116667	196.380997	9.533444	36.4124980	-0.188847 	-0.000061	23.787374	0.022719
20.133335	196.531006	9.525229	36.4124680	-0.188877 	-0.000076	23.809875	0.022594
20.150002	196.690994	9.543249	36.4122200	-0.189125 	-0.000097	23.8325	0.022463
20.166668	196.862	9.55634	36.4121860	-0.189159 	-0.000105	23.855625	0.022363
20.183334	197.020996	9.620728	36.4121550	-0.189190 	-0.000113	23.876375	0.022233
20.200001	197.184998	9.67203	36.4119380	-0.189407 	-0.000116	23.898375	0.022183
20.216667	197.343994	9.669292	36.4117510	-0.189594 	-0.000109	23.92075	0.022135
20.233334	197.501007	9.620761	36.4115640	-0.189781 	-0.000095	23.941875	0.022143
20.250002	197.656998	9.580928	36.4114990	-0.189846 	-0.000092	23.965376	0.022101
20.266668	197.828003	9.550906	36.4115640	-0.189781 	-0.000082	23.987375	0.022185
20.283335	197.990005	9.550915	36.4114380	-0.189907 	-0.000065	24.01025	0.022081
20.300001	198.139999	9.621284	36.4114070	-0.189938 	-0.000058	24.03125	0.021867
20.316668	198.294998	9.687261	36.4113730	-0.189972 	-0.000061	24.054251	0.02161
20.333334	198.459	9.737466	36.4112210	-0.190124 	-0.000076	24.074875	0.021366
20.35	198.610992	9.768536	36.4112210	-0.190124 	-0.000088	24.098375	0.021185
20.366667	198.781006	9.806729	36.4112210	-0.190124 	-0.0001	24.117874	0.02092
20.383335	198.962006	9.819821	36.4110640	-0.190281 	-0.000119	24.137375	0.020734
20.400002	199.125	9.795818	36.4109080	-0.190437 	-0.000129	24.157375	0.020556
20.416668	199.287003	9.75109	36.4106860	-0.190659 	-0.000122	24.179625	0.020569
20.433334	199.449997	9.694885	36.4106560	-0.190689 	-0.00012	24.200375	0.020587
20.450001	199.606003	9.581409	36.4104080	-0.190937 	-0.000092	24.219126	0.020791
20.466667	199.757996	9.488691	36.4101870	-0.191158 	-0.000055	24.23975	0.021017
20.483334	199.917999	9.477798	36.4101560	-0.191189 	-0.000025	24.260626	0.021129
20.500002	200.080002	9.440719	36.4103130	-0.191032 	-0.000003	24.283125	0.021069
20.516668	200.235992	9.419478	36.4101870	-0.191158 	0.000011	24.304251	0.021058
20.533335	200.388	9.452211	36.4105610	-0.190784 	0.000022	24.326	0.021025
20.550001	200.546997	9.463124	36.4106250	-0.190720 	0.000015	24.348625	0.0209
20.566668	200.712997	9.44131	36.4105300	-0.190815 	-0.00001	24.368876	0.020742
20.583334	200.858002	9.429291	36.4104390	-0.190906 	-0.000042	24.387375	0.020543
20.6	201.016006	9.4484	36.4104390	-0.190906 	-0.00007	24.407749	0.020457
20.616667	201.186005	9.434717	36.4103430	-0.191002 	-0.00011	24.427999	0.020362
20.633335	201.337997	9.374708	36.4101870	-0.191158 	-0.000131	24.448999	0.020265
20.650002	201.490005	9.333227	36.4100300	-0.191315 	-0.000147	24.4695	0.020326
20.666668	201.647995	9.349589	36.4098740	-0.191471 	-0.000158	24.4895	0.020289
20.683334	201.811005	9.301066	36.4097180	-0.191627 	-0.000162	24.51075	0.020214
20.700001	201.957993	9.227459	36.4094700	-0.191875 	-0.000167	24.53075	0.020181
20.716667	202.102997	9.205661	36.4093130	-0.192032 	-0.000169	24.549875	0.020177
20.733334	202.261993	9.212187	36.4090920	-0.192253 	-0.00016	24.570999	0.020215
20.750002	202.427002	9.24274	36.4090000	-0.192345 	-0.000153	24.589001	0.020242
20.766668	202.572006	9.287459	36.4089700	-0.192375 	-0.000143	24.610001	0.020277
20.783335	202.716003	9.373669	36.4086570	-0.192688 	-0.000129	24.631001	0.020279
20.800001	202.871002	9.419478	36.4084700	-0.192875 	-0.000119	24.652	0.02028
20.816668	203.035995	9.457114	36.4085310	-0.192814 	-0.000106	24.672501	0.020257
20.833334	203.201996	9.507269	36.4083440	-0.193001 	-0.000095	24.692375	0.020277
20.85	203.360001	9.591272	36.4082490	-0.193096 	-0.00009	24.713125	0.020202
20.866669	203.522003	9.623449	36.4082180	-0.193127 	-0.000073	24.731625	0.020166
20.883335	203.673004	9.598347	36.4081270	-0.193218 	-0.000062	24.751751	0.020099
20.900002	203.839005	9.584173	36.4080920	-0.193253 	-0.000056	24.772499	0.020106
20.916668	204	9.573245	36.4080920	-0.193253 	-0.000051	24.792625	0.020144
20.933334	204.162003	9.567768	36.4078450	-0.193500 	-0.000047	24.81325	0.020222
20.950001	204.315994	9.574877	36.4079360	-0.193409 	-0.000035	24.83375	0.020401
20.966667	204.470993	9.565629	36.4079700	-0.193375 	-0.00003	24.852625	0.020527
20.983334	204.639999	9.556382	36.4079360	-0.193409 	-0.000024	24.873375	0.020645
21.000002	204.796997	9.532395	36.4077490	-0.193596 	-0.000023	24.893749	0.020844
21.016668	204.951996	9.541668	36.4077800	-0.193565 	-0.000025	24.915001	0.021138
21.033335	205.117004	9.564572	36.4079700	-0.193375 	-0.000039	24.936874	0.021417
21.050001	205.268005	9.594543	36.4077800	-0.193565 	-0.000052	24.95825	0.02164
21.066668	205.436005	9.646338	36.4078450	-0.193500 	-0.00007	24.97925	0.021651
21.083334	205.584	9.727629	36.4077190	-0.193626 	-0.000081	25.001625	0.021605
21.1	205.751999	9.771249	36.4075620	-0.193783 	-0.000104	25.025375	0.021497
21.116669	205.912994	9.772339	36.4075010	-0.193844 	-0.000117	25.046875	0.02147
21.133335	206.080994	9.80236	36.4073450	-0.194000 	-0.000115	25.067751	0.021393
21.150002	206.255997	9.813837	36.4070630	-0.194282 	-0.00012	25.08725	0.021287
21.166668	206.421005	9.823126	36.4070930	-0.194252 	-0.000112	25.108	0.021126
21.183334	206.574997	9.78166	36.4068760	-0.194469 	-0.000099	25.129126	0.020953
21.200001	206.729004	9.736917	36.4068760	-0.194469 	-0.000094	25.1525	0.020924
21.216667	206.897003	9.691073	36.4068110	-0.194534 	-0.000094	25.172625	0.020848
21.233334	207.065002	9.649059	36.4066540	-0.194691 	-0.000083	25.193501	0.020724
21.250002	207.222	9.655602	36.4066240	-0.194721 	-0.000087	25.214125	0.020474
21.266668	207.382996	9.664889	36.4066540	-0.194691 	-0.000075	25.233999	0.020153
21.283335	207.539993	9.617981	36.4064370	-0.194908 	-0.000081	25.255125	0.019791
21.300001	207.703995	9.545996	36.4061890	-0.195156 	-0.000085	25.27425	0.019585
21.316668	207.862	9.493095	36.4063450	-0.195000 	-0.000083	25.293625	0.019468
21.333334	208.026001	9.495284	36.4061550	-0.195190 	-0.000086	25.312626	0.019313
21.35	208.182999	9.456548	36.4063110	-0.195034 	-0.000082	25.331249	0.019162
21.366669	208.330002	9.406919	36.4059980	-0.195347 	-0.000085	25.349625	0.01909
21.383335	208.487	9.320202	36.4058760	-0.195469 	-0.000074	25.369125	0.018869
21.400002	208.643997	9.254209	36.4058760	-0.195469 	-0.000072	25.390249	0.018424
21.416668	208.811996	9.187118	36.4057810	-0.195564 	-0.000055	25.407875	0.017822
21.433334	208.957993	9.162024	36.4057810	-0.195564 	-0.000063	25.426125	0.01723
21.450001	209.108002	9.168025	36.4054370	-0.195908 	-0.000055	25.446375	0.016774
21.466667	209.251007	9.159826	36.4057500	-0.195595 	-0.000063	25.460251	0.016401
21.483334	209.404007	9.17073	36.4057200	-0.195625 	-0.000071	25.473375	0.016144
21.500002	209.554001	9.202888	36.4057500	-0.195595 	-0.00008	25.4865	0.016115
21.516668	209.710999	9.247608	36.4053420	-0.196003 	-0.000087	25.502501	0.016159
21.533335	209.871002	9.301025	36.4053120	-0.196033 	-0.000086	25.521126	0.016362
21.550001	210.026993	9.342491	36.4051550	-0.196190 	-0.000096	25.538876	0.016785
21.566668	210.184998	9.335957	36.4051250	-0.196220 	-0.000086	25.555876	0.017309
21.583334	210.343994	9.326718	36.4049680	-0.196377 	-0.000073	25.572874	0.017758
21.6	210.487	9.325104	36.4049380	-0.196407 	-0.000056	25.589874	0.018083
21.616669	210.649994	9.370946	36.4049380	-0.196407 	-0.000036	25.607876	0.018367
21.633335	210.804001	9.391696	36.4049380	-0.196407 	-0.000027	25.62475	0.018861
21.650002	210.953995	9.430964	36.4049070	-0.196438 	-0.000018	25.646	0.01944
21.666668	211.110001	9.477323	36.4048420	-0.196503 	-0.000012	25.665751	0.019977
21.683334	211.274002	9.566229	36.4047200	-0.196625 	-0.000012	25.685749	0.020403
21.700001	211.447006	9.597848	36.4050640	-0.196281 	-0.000023	25.7055	0.020637
21.716667	211.593002	9.660562	36.4048120	-0.196533 	-0.000026	25.728374	0.020806
21.733334	211.757004	9.681818	36.4048770	-0.196468 	-0.000034	25.750376	0.020864
21.750002	211.916	9.690533	36.4048120	-0.196533 	-0.000046	25.771376	0.021059
21.766668	212.087006	9.686154	36.4048120	-0.196533 	-0.000056	25.791624	0.021172
21.783335	212.242996	9.69104	36.4045640	-0.196781 	-0.000068	25.810749	0.021126
21.800001	212.410004	9.735243	36.4046550	-0.196690 	-0.000063	25.831875	0.020896
21.816668	212.561996	9.746687	36.4044990	-0.196846 	-0.000066	25.854	0.020843
21.833334	212.729004	9.73198	36.4043730	-0.196972 	-0.000063	25.877375	0.020874
21.85	212.891998	9.722151	36.4043730	-0.196972 	-0.000064	25.898125	0.020865
21.866669	213.054993	9.730375	36.4043730	-0.196972 	-0.000047	25.917126	0.020849
21.883335	213.218002	9.735818	36.4042820	-0.197063 	-0.00005	25.935625	0.020694
21.900002	213.384995	9.76583	36.4042510	-0.197094 	-0.000049	25.958124	0.020516
21.916668	213.537003	9.752721	36.4041860	-0.197159 	-0.000049	25.9795	0.02039
21.933334	213.703995	9.725455	36.4040300	-0.197315 	-0.000061	25.99925	0.020367
21.950001	213.863007	9.705838	36.4042820	-0.197063 	-0.000066	26.020374	0.02034
21.966667	214.029999	9.674719	36.4040300	-0.197315 	-0.000067	26.040125	0.020275
21.983334	214.195999	9.663266	36.4039080	-0.197437 	-0.00008	26.060125	0.020222
22.000002	214.354996	9.663783	36.4039080	-0.197437 	-0.000088	26.080376	0.020298
22.016668	214.507996	9.623432	36.4036870	-0.197658 	-0.000093	26.099874	0.020345
22.033335	214.671005	9.627235	36.4037170	-0.197628 	-0.000095	26.119375	0.020356
22.050001	214.826996	9.590174	36.4036560	-0.197689 	-0.000073	26.139999	0.020355
22.066668	214.992996	9.560178	36.4033740	-0.197971 	-0.000069	26.162624	0.020422
22.083334	215.151993	9.562391	36.4033130	-0.198032 	-0.000073	26.183874	0.020475
22.1	215.307999	9.58364	36.4032820	-0.198063 	-0.000071	26.202749	0.020547
22.116669	215.477997	9.53511	36.4033740	-0.197971 	-0.000075	26.222876	0.020526
22.133335	215.626999	9.455508	36.4034390	-0.197906 	-0.000075	26.242001	0.020504
22.150002	215.781998	9.341483	36.4031870	-0.198158 	-0.000068	26.264126	0.020458
22.166668	215.945007	9.270039	36.4030000	-0.198345 	-0.00007	26.284624	0.020468
22.183334	216.110992	9.222024	36.4029390	-0.198406 	-0.000077	26.305626	0.020493
22.200001	216.253006	9.206751	36.4028740	-0.198471 	-0.000084	26.325251	0.020395
22.216667	216.395004	9.245461	36.4027820	-0.198563 	-0.000077	26.346874	0.020247
22.233334	216.539993	9.283639	36.4028130	-0.198532 	-0.00007	26.367125	0.019938
22.250002	216.699005	9.32562	36.4027820	-0.198563 	-0.000061	26.386625	0.019649
22.266668	216.858002	9.395441	36.4026260	-0.198719 	-0.000063	26.40625	0.019443
22.283335	217.024002	9.53233	36.4025310	-0.198814 	-0.00007	26.425375	0.019342
22.300001	217.182999	9.628884	36.4025610	-0.198784 	-0.000076	26.444626	0.019231
22.316668	217.345001	9.686737	36.4023440	-0.199001 	-0.000081	26.4625	0.019158
22.333334	217.503998	9.701427	36.4024700	-0.198875 	-0.000073	26.480499	0.019184
22.35	217.662994	9.709618	36.4022830	-0.199062 	-0.00006	26.500999	0.019206
22.366669	217.832001	9.67417	36.4021260	-0.199219 	-0.000063	26.521376	0.019298
22.383335	217.990997	9.658914	36.4020610	-0.199284 	-0.000072	26.540751	0.019456
22.400002	218.154007	9.624006	36.4020310	-0.199314 	-0.000088	26.55875	0.019665
22.416668	218.315994	9.592372	36.4021260	-0.199219 	-0.000119	26.579	0.019876
22.433334	218.477997	9.564007	36.4021260	-0.199219 	-0.000137	26.597876	0.019926
22.450001	218.626999	9.518172	36.4018440	-0.199501 	-0.000159	26.618126	0.020048
22.466667	218.789001	9.508908	36.4016570	-0.199688 	-0.00018	26.639	0.020174
22.483334	218.944	9.488175	36.4013140	-0.200031 	-0.000188	26.65975	0.020342
22.500002	219.102997	9.501293	36.4009700	-0.200375 	-0.000177	26.681376	0.020384
22.516668	219.264999	9.513278	36.4008450	-0.200500 	-0.00015	26.700001	0.020457
22.533335	219.419998	9.547094	36.4006580	-0.200687 	-0.0001	26.720875	0.020433
22.550001	219.582001	9.560195	36.4005320	-0.200813 	-0.000063	26.740499	0.020309
22.566668	219.737	9.607094	36.4005930	-0.200752 	-0.000027	26.761999	0.020169
22.583334	219.903	9.661102	36.4007490	-0.200596 	-0.000013	26.781876	0.020141
22.6	220.057999	9.705812	36.4007190	-0.200626 	-0.000005	26.802876	0.020188
22.616669	220.220001	9.76092	36.4009360	-0.200409 	0.000001	26.822874	0.020158
22.633335	220.382004	9.785463	36.4007800	-0.200565 	-0.000011	26.841375	0.020104
22.650002	220.550995	9.789284	36.4007490	-0.200596 	-0.000027	26.860624	0.02003
22.666668	220.720001	9.791482	36.4005010	-0.200844 	-0.000045	26.8825	0.020027
22.683334	220.880997	9.790375	36.4006230	-0.200722 	-0.000057	26.90275	0.019998
22.700001	221.046005	9.746171	36.4006580	-0.200687 	-0.000076	26.923	0.020016
22.716667	221.205002	9.689991	36.4004360	-0.200909 	-0.000086	26.941999	0.019964
22.733334	221.360001	9.634918	36.4004670	-0.200878 	-0.000101	26.96225	0.019815
22.750002	221.529007	9.59292	36.4003450	-0.201000 	-0.000101	26.982374	0.019542
22.766668	221.686996	9.608201	36.4002190	-0.201126 	-0.000118	27.002001	0.019274
22.783335	221.841995	9.587452	36.4000020	-0.201343 	-0.000111	27.021875	0.019016
22.800001	222	9.578197	36.3998110	-0.201534 	-0.000106	27.040125	0.018821
22.816668	222.162003	9.58364	36.3996540	-0.201691 	-0.000101	27.05925	0.018557
22.833334	222.320007	9.587468	36.3997800	-0.201565 	-0.000087	27.077	0.01841
22.85	222.492004	9.564564	36.3995320	-0.201813 	-0.000067	27.094126	0.018323
22.866669	222.639999	9.50235	36.3997190	-0.201626 	-0.000056	27.112375	0.018329
22.883335	222.798004	9.409616	36.3994370	-0.201908 	-0.000048	27.131374	0.018415
22.900002	222.962997	9.335424	36.3994670	-0.201878 	-0.000046	27.14875	0.018504
22.916668	223.128006	9.283072	36.3994370	-0.201908 	-0.000052	27.168375	0.018632
22.933334	223.268997	9.241616	36.3995020	-0.201843 	-0.000041	27.18675	0.018764
22.950001	223.412994	9.256897	36.3992810	-0.202064 	-0.000032	27.206125	0.018845
22.966667	223.561005	9.266152	36.3993110	-0.202034 	-0.000013	27.224874	0.018939
22.983334	223.722	9.286893	36.3992500	-0.202095 	-0.000014	27.243626	0.019125
23.000002	223.880005	9.341991	36.3991550	-0.202190 	-0.000014	27.262251	0.01919
23.016668	224.037994	9.454368	36.3992810	-0.202064 	-0.000024	27.281626	0.019121
23.033335	224.195999	9.515468	36.3994370	-0.201908 	-0.000028	27.300875	0.01897
23.050001	224.356995	9.555284	36.3994060	-0.201939 	-0.000039	27.320625	0.018843
23.066668	224.514999	9.578747	36.3992500	-0.202095 	-0.000047	27.341499	0.018766
23.083334	224.673004	9.608185	36.3991890	-0.202156 	-0.000059	27.360001	0.018649
23.1	224.837997	9.625655	36.3989680	-0.202377 	-0.000071	27.37575	0.018566
23.116669	224.992004	9.639263	36.3989070	-0.202438 	-0.000087	27.393375	0.01847
23.133335	225.156006	9.658363	36.3989070	-0.202438 	-0.000089	27.412001	0.01836
23.150002	225.320999	9.677981	36.3988760	-0.202469 	-0.000077	27.431749	0.018223
23.166668	225.481995	9.677423	36.3987500	-0.202595 	-0.000059	27.449751	0.017938
23.183334	225.639999	9.668185	36.3987810	-0.202564 	-0.000043	27.469376	0.017542
23.200001	225.800995	9.674161	36.3984680	-0.202877 	-0.000044	27.487249	0.017049
23.216667	225.966003	9.64747	36.3984070	-0.202938 	-0.000043	27.504999	0.016629
23.233335	226.126999	9.619139	36.3985630	-0.202782 	-0.000051	27.5215	0.016372
23.250002	226.283997	9.598938	36.3987200	-0.202625 	-0.000058	27.533375	0.016252
23.266668	226.445007	9.594003	36.3986240	-0.202721 	-0.000063	27.547125	0.016234
23.283335	226.606995	9.57655	36.3984070	-0.202938 	-0.000061	27.563499	0.016442
23.300001	226.764008	9.572721	36.3984070	-0.202938 	-0.000075	27.581499	0.016717
23.316668	226.921005	9.602167	36.3981250	-0.203220 	-0.000091	27.600374	0.017147
23.333334	227.078995	9.63436	36.3980330	-0.203312 	-0.000093	27.617374	0.017665
23.35	227.242996	9.617965	36.3980330	-0.203312 	-0.000085	27.635124	0.018037
23.366669	227.401001	9.620719	36.3980330	-0.203312 	-0.000083	27.653625	0.01832
23.383335	227.565002	9.64905	36.3978770	-0.203468 	-0.000089	27.6705	0.018499
23.400002	227.731995	9.675793	36.3978120	-0.203533 	-0.00009	27.689251	0.018697
23.416668	227.893005	9.707986	36.3978120	-0.203533 	-0.000096	27.70825	0.018884
23.433334	228.039993	9.731973	36.3976860	-0.203659 	-0.000102	27.728125	0.019029
23.450001	228.205002	9.734145	36.3974690	-0.203876 	-0.000095	27.748625	0.019176
23.466667	228.371994	9.692721	36.3973120	-0.204033 	-0.00008	27.767	0.019313
23.483335	228.535995	9.653454	36.3972210	-0.204124 	-0.00007	27.786501	0.019347
23.500002	228.703995	9.664906	36.3971860	-0.204159 	-0.000065	27.804625	0.019431
23.516668	228.867996	9.686213	36.3971250	-0.204220 	-0.000059	27.824125	0.019495
23.533335	229.020996	9.658947	36.3972210	-0.204124 	-0.000055	27.84425	0.019607
23.550001	229.171005	9.664948	36.3972510	-0.204094 	-0.000056	27.863625	0.019718
23.566668	229.328995	9.639321	36.3971560	-0.204189 	-0.000066	27.883125	0.019656
23.583334	229.5	9.567327	36.3969990	-0.204346 	-0.000083	27.904249	0.019641
23.6	229.664001	9.494202	36.3968430	-0.204502 	-0.000091	27.924	0.019564
23.616669	229.824005	9.453818	36.3967510	-0.204594 	-0.000087	27.944374	0.019412
23.633335	229.994995	9.423257	36.3967170	-0.204628 	-0.000078	27.962999	0.019249
23.650002	230.141006	9.378529	36.3965610	-0.204784 	-0.000063	27.98	0.019148
23.666668	230.281006	9.337055	36.3963740	-0.204971 	-0.000051	28.00025	0.019031
23.683334	230.427994	9.359436	36.3964390	-0.204906 	-0.000041	28.019875	0.019009
23.700001	230.587997	9.386727	36.3966260	-0.204719 	-0.00005	28.037874	0.018957
23.716667	230.751999	9.433652	36.3965300	-0.204815 	-0.000073	28.05625	0.018972
23.733335	230.912994	9.513819	36.3964690	-0.204876 	-0.000093	28.07675	0.018979
23.750002	231.072998	9.563491	36.3963740	-0.204971 	-0.000105	28.095625	0.018858
23.766668	231.240005	9.579304	36.3963430	-0.205002 	-0.000125	28.114876	0.01885
23.783335	231.393005	9.587485	36.3960000	-0.205345 	-0.000133	28.132626	0.018833
23.800001	231.554001	9.612579	36.3956260	-0.205719 	-0.000126	28.151375	0.01874
23.816668	231.707001	9.657856	36.3955310	-0.205814 	-0.000117	28.17025	0.018563
23.833334	231.863007	9.687836	36.3956260	-0.205719 	-0.000101	28.188499	0.018387
23.85	232.026993	9.717807	36.3955000	-0.205845 	-0.000086	28.208376	0.018222
23.866669	232.197006	9.760902	36.3955000	-0.205845 	-0.000068	28.22625	0.018064
23.883335	232.365005	9.794161	36.3954390	-0.205906 	-0.000062	28.244249	0.017862
23.900002	232.531006	9.797956	36.3953440	-0.206001 	-0.00007	28.261625	0.017645
23.916668	232.688004	9.750483	36.3953440	-0.206001 	-0.000081	28.278126	0.017392
23.933334	232.850998	9.707977	36.3952180	-0.206127 	-0.000076	28.296	0.01719
23.950001	233.011002	9.661577	36.3950610	-0.206284 	-0.000075	28.313126	0.017035
23.966667	233.177994	9.649583	36.3949700	-0.206375 	-0.000068	28.3305	0.016963
23.983335	233.330994	9.651239	36.3949050	-0.206440 	-0.000066	28.34725	0.016987
24.000002	233.483994	9.675268	36.3948140	-0.206531 	-0.00006	28.363001	0.017122
24.016668	233.654007	9.663291	36.3949050	-0.206440 	-0.000055	28.380751	0.017309
24.033335	233.813995	9.661668	36.3948140	-0.206531 	-0.00006	28.396376	0.017507
24.050001	233.979996	9.682959	36.3948140	-0.206531 	-0.000062	28.414375	0.017667
24.066668	234.139999	9.709126	36.3946570	-0.206688 	-0.000065	28.432501	0.017912
24.083334	234.304001	9.724381	36.3946880	-0.206657 	-0.000074	28.45175	0.018153
24.1	234.457001	9.713438	36.3945310	-0.206814 	-0.000087	28.471125	0.018278
24.116669	234.619003	9.745664	36.3943140	-0.207031 	-0.000094	28.488501	0.018428
24.133335	234.789001	9.777267	36.3943750	-0.206970 	-0.000094	28.505625	0.018418
24.150002	234.945999	9.781078	36.3943140	-0.207031 	-0.000098	28.525126	0.018372
24.166668	235.112	9.754353	36.3941570	-0.207188 	-0.000097	28.543875	0.018249
24.183334	235.274994	9.703092	36.3940010	-0.207344 	-0.000086	28.56175	0.018179
24.200001	235.445007	9.626728	36.3938750	-0.207470 	-0.000082	28.58075	0.018171
24.216667	235.610992	9.581459	36.3939360	-0.207409 	-0.00008	28.598499	0.018082
24.233335	235.761002	9.550932	36.3936580	-0.207687 	-0.000066	28.616501	0.017856
24.250002	235.914001	9.508384	36.3937490	-0.207596 	-0.00005	28.633499	0.017699
24.266668	236.063004	9.509491	36.3937190	-0.207626 	-0.000044	28.651751	0.017542
24.283335	236.222	9.51818	36.3935930	-0.207752 	-0.000045	28.669874	0.017482
24.300001	236.391998	9.490939	36.3935930	-0.207752 	-0.000059	28.687	0.017407
24.316668	236.548004	9.455441	36.3936580	-0.207687 	-0.00006	28.703125	0.017249
24.333334	236.707001	9.39654	36.3936230	-0.207722 	-0.000063	28.720751	0.017039
24.35	236.876007	9.344738	36.3934670	-0.207878 	-0.000065	28.737375	0.016742
24.366669	237.035995	9.272186	36.3933450	-0.208000 	-0.000066	28.75675	0.016378
24.383335	237.171005	9.215981	36.3930930	-0.208252 	-0.000067	28.772625	0.016055
24.400002	237.313995	9.201224	36.3931240	-0.208221 	-0.000067	28.787874	0.015781
24.416668	237.466003	9.201249	36.3932800	-0.208065 	-0.000056	28.802999	0.015473
24.433334	237.626007	9.215964	36.3930930	-0.208252 	-0.000045	28.818001	0.015195
24.450001	237.781998	9.298911	36.3930320	-0.208313 	-0.000037	28.831499	0.014898
24.466667	237.940994	9.393802	36.3930630	-0.208282 	-0.00003	28.846624	0.014775
24.483335	238.095993	9.445096	36.3929670	-0.208378 	-0.000031	28.862499	0.014705
24.500002	238.255005	9.448883	36.3930020	-0.208343 	-0.000033	28.877501	0.014754
24.516668	238.410995	9.436914	36.3929060	-0.208439 	-0.000017	28.891874	0.014828
24.533335	238.574005	9.435291	36.3928760	-0.208469 	-0.000012	28.90575	0.014943
24.550001	238.725998	9.453827	36.3929060	-0.208439 	-0.000011	28.92	0.015096
24.566668	238.886002	9.494193	36.3929370	-0.208408 	-0.000018	28.93475	0.015278
24.583334	239.039993	9.53183	36.3928450	-0.208500 	-0.000039	28.9515	0.015554
24.6	239.197006	9.565105	36.3930020	-0.208343 	-0.000046	28.966625	0.015941
24.616669	239.354996	9.568376	36.3929060	-0.208439 	-0.000063	28.98225	0.016249
24.633335	239.520996	9.594045	36.3928760	-0.208469 	-0.000078	28.99975	0.016483
24.650002	239.686005	9.61476	36.3926240	-0.208721 	-0.000087	29.015875	0.016598
24.666668	239.848007	9.641494	36.3923450	-0.209000 	-0.000094	29.032749	0.01664
24.683334	240.005997	9.626179	36.3925020	-0.208843 	-0.000101	29.05125	0.016724
24.700001	240.158005	9.596191	36.3922810	-0.209064 	-0.000094	29.066999	0.016702
24.716667	240.320007	9.545987	36.3922500	-0.209095 	-0.000081	29.08375	0.016621
24.733335	240.485001	9.522516	36.3921890	-0.209156 	-0.000068	29.099625	0.01652
24.750002	240.647003	9.497415	36.3920940	-0.209251 	-0.000059	29.116249	0.016389
24.766668	240.798996	9.511597	36.3919980	-0.209347 	-0.000068	29.133375	0.016212
24.783335	240.957001	9.551405	36.3919680	-0.209377 	-0.000068	29.14925	0.016179
24.800001	241.112	9.58851	36.3919980	-0.209347 	-0.000071	29.165751	0.016183
24.816668	241.274002	9.638697	36.3918760	-0.209469 	-0.000074	29.181	0.016179
24.833334	241.425995	9.691065	36.3918760	-0.209469 	-0.00008	29.19725	0.01619
24.85	241.593994	9.769642	36.3916550	-0.209690 	-0.000088	29.21225	0.016328
24.866669	241.763	9.807803	36.3915330	-0.209812 	-0.000089	29.229124	0.01644
24.883335	241.931	9.832897	36.3915330	-0.209812 	-0.000081	29.246626	0.016522
24.900002	242.095993	9.8302	36.3914380	-0.209907 	-0.000075	29.262251	0.016683
24.916668	242.253998	9.802959	36.3912810	-0.210064 	-0.000078	29.279249	0.016882
24.933334	242.423004	9.741294	36.3911550	-0.210190 	-0.00008	29.298	0.017123
24.950001	242.580994	9.689476	36.3912510	-0.210094 	-0.000086	29.31325	0.017266
24.966667	242.742996	9.665472	36.3913120	-0.210033 	-0.000084	29.3295	0.01737
24.983335	242.904007	9.630016	36.3911250	-0.210220 	-0.00008	29.3475	0.01745
25.000002	243.059006	9.631647	36.3908770	-0.210468 	-0.000068	29.366375	0.017387
25.016668	243.220993	9.604357	36.3907200	-0.210625 	-0.000066	29.384874	0.01732
25.033335	243.382004	9.553628	36.3906560	-0.210689 	-0.000071	29.40225	0.017336
25.050001	243.546997	9.482691	36.3907810	-0.210564 	-0.000059	29.419125	0.017178
25.066668	243.697998	9.438496	36.3906860	-0.210659 	-0.000046	29.435625	0.017057
25.083334	243.867004	9.395991	36.3907810	-0.210564 	-0.000034	29.4515	0.016999
25.1	244.020996	9.361126	36.3906250	-0.210720 	-0.000033	29.468876	0.016995
25.116669	244.162994	9.369308	36.3904990	-0.210846 	-0.000041	29.486126	0.01706
25.133335	244.313995	9.386761	36.3906250	-0.210720 	-0.000048	29.501625	0.016872
25.150002	244.475998	9.444563	36.3904690	-0.210876 	-0.000047	29.520624	0.016496
25.166668	244.630005	9.48111	36.3904690	-0.210876 	-0.000044	29.538626	0.016076
25.183334	244.792007	9.562408	36.3904080	-0.210937 	-0.000035	29.555374	0.01568
25.200001	244.960007	9.640395	36.3903120	-0.211033 	-0.000037	29.5725	0.015483
25.216667	245.117996	9.680195	36.3903120	-0.211033 	-0.000047	29.583626	0.01552
25.233335	245.281998	9.701977	36.3902820	-0.211063 	-0.000053	29.595501	0.015604
25.250002	245.440002	9.74231	36.3903430	-0.211002 	-0.000067	29.610001	0.01596
25.266668	245.602005	9.744498	36.3902820	-0.211063 	-0.00007	29.626375	0.016608
25.283335	245.763	9.740687	36.3901250	-0.211220 	-0.000073	29.644875	0.017391
25.300001	245.927002	9.742891	36.3899990	-0.211346 	-0.000078	29.664499	0.018233
25.316668	246.091995	9.740162	36.3898430	-0.211502 	-0.000085	29.682625	0.018803
25.333334	246.259995	9.732538	36.3897170	-0.211628 	-0.000081	29.702	0.018983
25.35	246.417999	9.722726	36.3897820	-0.211563 	-0.000076	29.723125	0.018901
25.366669	246.578995	9.728194	36.3897170	-0.211628 	-0.000075	29.742874	0.01868
25.383335	246.737	9.712372	36.3896560	-0.211689 	-0.000076	29.761126	0.018385
25.400002	246.901001	9.690024	36.3895000	-0.211845 	-0.000079	29.779499	0.018152
25.416668	247.059006	9.675826	36.3895950	-0.211750 	-0.000075	29.795876	0.017837
25.433334	247.223999	9.700894	36.3894080	-0.211937 	-0.000076	29.81275	0.01751
25.450001	247.391998	9.721619	36.3892170	-0.212128 	-0.000071	29.830626	0.017343
25.466667	247.548996	9.719962	36.3891260	-0.212219 	-0.000072	29.847626	0.017315
25.483335	247.707001	9.713962	36.3890610	-0.212284 	-0.000066	29.865999	0.017355
25.500002	247.867996	9.728169	36.3891870	-0.212158 	-0.000065	29.88275	0.017397
25.516668	248.035995	9.744023	36.3891260	-0.212219 	-0.00005	29.89925	0.017424
25.533335	248.199997	9.768044	36.3890300	-0.212315 	-0.000039	29.916876	0.017376
25.550001	248.354996	9.794211	36.3888440	-0.212501 	-0.000035	29.934999	0.017236
25.566668	248.518997	9.808377	36.3889050	-0.212440 	-0.000042	29.952999	0.017054
25.583334	248.686005	9.810017	36.3888130	-0.212532 	-0.000044	29.969376	0.016861
25.600002	248.854004	9.77839	36.3888740	-0.212471 	-0.000041	29.987375	0.016665
25.616669	249.018005	9.770191	36.3888740	-0.212471 	-0.000044	30.00375	0.016415
25.633335	249.175995	9.771273	36.3888440	-0.212501 	-0.00005	30.018499	0.016128
25.650002	249.339996	9.733071	36.3886260	-0.212719 	-0.000061	30.03475	0.01584
25.666668	249.503998	9.69486	36.3887180	-0.212627 	-0.000065	30.049875	0.015632
25.683334	249.658005	9.649059	36.3886260	-0.212719 	-0.000064	30.0665	0.015513
25.700001	249.822998	9.625064	36.3884390	-0.212906 	-0.000063	30.082251	0.015469
25.716667	249.987	9.613653	36.3883440	-0.213001 	-0.000065	30.096874	0.015337
25.733335	250.143997	9.550382	36.3883130	-0.213032 	-0.000065	30.111126	0.015216
25.750002	250.304993	9.459811	36.3883130	-0.213032 	-0.000069	30.126499	0.01507
25.766668	250.459	9.394351	36.3884050	-0.212940 	-0.000059	30.143499	0.014791
25.783335	250.619995	9.340918	36.3882480	-0.213097 	-0.000051	30.158375	0.014473
25.800001	250.781006	9.294559	36.3880620	-0.213283 	-0.000049	30.171	0.014038
25.816668	250.925003	9.265112	36.3879700	-0.213375 	-0.000062	30.187	0.013453
25.833334	251.067993	9.26566	36.3879700	-0.213375 	-0.000069	30.200624	0.012805
25.850002	251.225998	9.316373	36.3880310	-0.213314 	-0.00007	30.212749	0.012288
25.866669	251.389999	9.36875	36.3879700	-0.213375 	-0.000061	30.224501	0.01197
25.883335	251.541	9.453295	36.3879360	-0.213409 	-0.000055	30.234625	0.011782
25.900002	251.694	9.56022	36.3876270	-0.213718 	-0.000045	30.244249	0.011806
25.916668	251.858002	9.650208	36.3876270	-0.213718 	-0.000048	30.255251	0.012134
25.933334	252.026001	9.691107	36.3876270	-0.213718 	-0.00005	30.268499	0.012613
25.950001	252.186005	9.711282	36.3876270	-0.213718 	-0.000053	30.280874	0.013086
25.966667	252.350006	9.758165	36.3875620	-0.213783 	-0.000061	30.293375	0.013596
25.983335	252.511002	9.768518	36.3877490	-0.213596 	-0.000064	30.309875	0.013954
26.000002	252.677994	9.735776	36.3875010	-0.213844 	-0.000075	30.325125	0.014281
26.016668	252.839005	9.704706	36.3874360	-0.213909 	-0.000084	30.33975	0.01454
26.033335	252.996002	9.67908	36.3872490	-0.214096 	-0.000102	30.352875	0.014644
26.050001	253.162994	9.646887	36.3870320	-0.214313 	-0.000118	30.367624	0.014677
26.066668	253.322998	9.632163	36.3870010	-0.214344 	-0.000128	30.380751	0.014576
26.083334	253.479996	9.614169	36.3870320	-0.214313 	-0.000114	30.397751	0.014703
26.100002	253.641006	9.623974	36.3869360	-0.214409 	-0.000103	30.41375	0.014872
26.116669	253.798004	9.651831	36.3865930	-0.214752 	-0.000087	30.426125	0.015004
26.133335	253.957993	9.662192	36.3864360	-0.214909 	-0.000075	30.44125	0.01502
26.150002	254.121994	9.686179	36.3864060	-0.214939 	-0.000075	30.455376	0.015106
26.166668	254.281998	9.715634	36.3865010	-0.214844 	-0.000074	30.473	0.015112
26.183334	254.445999	9.73854	36.3864670	-0.214878 	-0.000065	30.488251	0.015118
26.200001	254.613007	9.745107	36.3864360	-0.214909 	-0.000048	30.502501	0.015194
26.216667	254.772995	9.748943	36.3863750	-0.214970 	-0.000048	30.51675	0.015297
26.233335	254.932999	9.757673	36.3862190	-0.215126 	-0.000056	30.533375	0.015392
26.250002	255.097	9.772364	36.3860930	-0.215252 	-0.000063	30.549	0.015418
26.266668	255.261002	9.785431	36.3860630	-0.215282 	-0.000062	30.56225	0.015536
26.283335	255.417999	9.793079	36.3861580	-0.215187 	-0.000061	30.577499	0.015581
26.300001	255.584	9.812189	36.3860320	-0.215313 	-0.000055	30.596001	0.0155
26.316668	255.751007	9.805664	36.3859370	-0.215408 	-0.000056	30.611626	0.015301
26.333334	255.914993	9.79149	36.3859060	-0.215439 	-0.000072	30.627251	0.015226
26.350002	256.080994	9.783866	36.3858450	-0.215500 	-0.000097	30.6425	0.015212
26.366669	256.242004	9.780046	36.3857800	-0.215565 	-0.000109	30.6565	0.015218
26.383335	256.404999	9.7495	36.3857800	-0.215565 	-0.000107	30.67025	0.015201
26.400002	256.562012	9.711814	36.3855630	-0.215782 	-0.000123	30.684126	0.015244
26.416668	256.725006	9.691681	36.3852500	-0.216095 	-0.000119	30.700375	0.015297
26.433334	256.889008	9.654002	36.3850330	-0.216312 	-0.0001	30.716375	0.01544
26.450001	257.052002	9.586903	36.3851240	-0.216221 	-0.000072	30.734375	0.015598
26.466667	257.212006	9.494202	36.3851240	-0.216221 	-0.000045	30.75	0.015711
26.483335	257.368988	9.422741	36.3846890	-0.216656 	-0.000007	30.763624	0.015827
26.500002	257.532013	9.376931	36.3849680	-0.216377 	-0.000005	30.778625	0.015787
26.516668	257.684998	9.370905	36.3851550	-0.216190 	-0.000007	30.79525	0.015725
26.533335	257.82901	9.403115	36.3852500	-0.216095 	-0.000019	30.810875	0.015728
26.550001	257.976013	9.460926	36.3852200	-0.216125 	-0.000028	30.82675	0.015835
26.566668	258.13501	9.542707	36.3853110	-0.216034 	-0.00004	30.844376	0.015982
26.583334	258.302002	9.629899	36.3847200	-0.216625 	-0.000073	30.859125	0.016223
26.600002	258.468994	9.74394	36.3848110	-0.216534 	-0.000092	30.874125	0.016338
26.616669	258.63501	9.844849	36.3847810	-0.216564 	-0.000101	30.891125	0.016442
26.633335	258.798004	9.891757	36.3846890	-0.216656 	-0.0001	30.90675	0.016554
26.650002	258.963989	9.871082	36.3845330	-0.216812 	-0.0001	30.923374	0.016605
26.666668	259.127991	9.83293	36.3844680	-0.216877 	-0.000092	30.94375	0.016673
26.683334	259.294006	9.79313	36.3844070	-0.216938 	-0.000109	30.959	0.016559
26.700001	259.458008	9.752747	36.3842810	-0.217064 	-0.000114	30.974874	0.016331
26.716667	259.619995	9.726596	36.3842200	-0.217125 	-0.000094	30.99225	0.016059
26.733335	259.777008	9.711298	36.3840290	-0.217316 	-0.000081	31.008125	0.015678
26.750002	259.940002	9.706937	36.3838420	-0.217503 	-0.00008	31.023624	0.015257
26.766668	260.100006	9.716708	36.3837200	-0.217625 	-0.000078	31.03775	0.014945
26.783335	260.259003	9.737965	36.3836860	-0.217659 	-0.000079	31.052999	0.014602
26.800001	260.423004	9.765764	36.3840290	-0.217316 	-0.00009	31.067375	0.014292
26.816668	260.588989	9.791399	36.3838420	-0.217503 	-0.000096	31.081499	0.01402
26.833334	260.752014	9.803983	36.3835950	-0.217750 	-0.000104	31.095625	0.013769
26.850002	260.917999	9.805631	36.3834990	-0.217846 	-0.000124	31.108	0.013615
26.866669	261.080994	9.799639	36.3833120	-0.218033 	-0.000143	31.121876	0.013452
26.883335	261.243988	9.781078	36.3830300	-0.218315 	-0.000148	31.136126	0.013331
26.900002	261.406006	9.736933	36.3829690	-0.218376 	-0.000116	31.148375	0.013229
26.916668	261.570007	9.712314	36.3829080	-0.218437 	-0.000086	31.160999	0.013197
26.933334	261.729004	9.695417	36.3826260	-0.218719 	-0.000064	31.175125	0.013346
26.950001	261.891998	9.689991	36.3825610	-0.218784 	-0.000041	31.18825	0.013413
26.966667	262.054993	9.691073	36.3826870	-0.218658 	-0.000025	31.201	0.013566
26.983335	262.208008	9.68776	36.3828740	-0.218471 	-0.000033	31.213751	0.013773
27.000002	262.372986	9.681785	36.3828430	-0.218502 	-0.000056	31.227625	0.013992
27.016668	262.536987	9.697049	36.3827510	-0.218594 	-0.000071	31.243876	0.014165
27.033335	262.699005	9.716175	36.3827170	-0.218628 	-0.000091	31.256874	0.014331
27.050001	262.862	9.748336	36.3826260	-0.218719 	-0.000101	31.271875	0.014454
27.066668	263.020996	9.764682	36.3823130	-0.219032 	-0.00012	31.285999	0.014571
27.083334	263.181	9.763666	36.3819050	-0.219440 	-0.000118	31.3015	0.014775
27.100002	263.346985	9.766363	36.3819390	-0.219406 	-0.000106	31.316	0.014893
27.116669	263.513	9.782193	36.3819690	-0.219376 	-0.000089	31.329876	0.01517
27.133335	263.678986	9.776184	36.3821560	-0.219189 	-0.000069	31.344126	0.015377
27.150002	263.834991	9.727695	36.3817180	-0.219627 	-0.000046	31.359875	0.015606
27.166668	264.001007	9.679172	36.3817480	-0.219597 	-0.000032	31.37825	0.015794
27.183334	264.162994	9.628983	36.3817830	-0.219562 	-0.00003	31.392626	0.015991
27.200001	264.32901	9.595708	36.3818130	-0.219532 	-0.000032	31.409624	0.016234
27.216667	264.484985	9.584273	36.3817180	-0.219627 	-0.000035	31.425625	0.016286
27.233335	264.631012	9.593478	36.3816870	-0.219658 	-0.000025	31.441875	0.016283
27.250002	264.794006	9.611988	36.3816870	-0.219658 	-0.000032	31.458	0.016297
27.266668	264.955994	9.646329	36.3817830	-0.219562 	-0.000043	31.474001	0.01647
27.283335	265.118011	9.699247	36.3816260	-0.219719 	-0.000042	31.492125	0.016464
27.300001	265.281006	9.775601	36.3815000	-0.219845 	-0.000054	31.5065	0.01643
27.316668	265.442993	9.854087	36.3814700	-0.219875 	-0.000077	31.5235	0.016387
27.333334	265.612	9.88688	36.3815000	-0.219845 	-0.00008	31.540874	0.016288
27.350002	265.773987	9.918524	36.3813130	-0.220032 	-0.000073	31.5585	0.016024
27.366669	265.94101	9.941428	36.3814700	-0.219875 	-0.000062	31.573376	0.015533
27.383335	266.105988	9.945807	36.3810620	-0.220283 	-0.00005	31.588499	0.01482
27.400002	266.274994	9.94311	36.3808140	-0.220531 	-0.000044	31.604876	0.013917
27.416668	266.44101	9.9371	36.3810920	-0.220253 	-0.000039	31.620001	0.013088
27.433334	266.606995	9.950217	36.3811870	-0.220158 	-0.000027	31.632626	0.012445
27.450001	266.772003	9.964899	36.3810620	-0.220283 	-0.000015	31.643375	0.012011
27.466667	266.93399	9.976401	36.3811260	-0.220219 	0.000005	31.650625	0.011791
27.483335	267.098999	9.979132	36.3810620	-0.220283 	0	31.660875	0.011837
27.500002	267.266998	9.969859	36.3809700	-0.220375 	-0.000018	31.673	0.012156
27.516668	267.436005	9.949668	36.3810010	-0.220344 	-0.000031	31.686125	0.012578
27.533335	267.606995	9.924033	36.3811260	-0.220219 	-0.000049	31.698626	0.012933
27.550001	267.772003	9.90008	36.3810620	-0.220283 	-0.000067	31.713499	0.013126
27.566668	267.937012	9.840621	36.3809360	-0.220409 	-0.000078	31.72925	0.013017
27.583334	268.096008	9.786572	36.3809050	-0.220440 	-0.000079	31.74375	0.012698
27.600002	268.256989	9.745072	36.3807180	-0.220627 	-0.000079	31.755625	0.012305
27.616669	268.419006	9.724349	36.3804050	-0.220940 	-0.000087	31.766125	0.01182
27.633335	268.584015	9.733071	36.3804050	-0.220940 	-0.000096	31.776375	0.011372
27.650002	268.739014	9.754844	36.3803440	-0.221001 	-0.000099	31.787624	0.011019
27.666668	268.903992	9.787021	36.3805010	-0.220844 	-0.000096	31.798124	0.010783
27.683334	269.067993	9.794161	36.3805010	-0.220844 	-0.000082	31.809376	0.010687
27.700001	269.233002	9.783209	36.3802190	-0.221126 	-0.000085	31.818874	0.010669
27.716667	269.39801	9.778332	36.3798750	-0.221470 	-0.000106	31.831249	0.010576
27.733335	269.562988	9.760387	36.3798140	-0.221531 	-0.000112	31.841999	0.010367
27.750002	269.72699	9.69933	36.3798750	-0.221470 	-0.000109	31.851376	0.010217
27.766668	269.88501	9.639271	36.3799360	-0.221409 	-0.000113	31.8615	0.01008
27.783335	270.042999	9.580911	36.3795930	-0.221752 	-0.00009	31.872499	0.010007
27.800001	270.208008	9.530723	36.3793450	-0.222000 	-0.000078	31.881624	0.009857
27.816668	270.363007	9.500777	36.3794670	-0.221878 	-0.000076	31.889875	0.009744
27.833334	270.516998	9.430397	36.3795320	-0.221813 	-0.000079	31.900375	0.009658
27.850002	270.674988	9.342008	36.3790630	-0.222282 	-0.000076	31.910625	0.009475
27.866669	270.833008	9.244346	36.3793450	-0.222000 	-0.00007	31.921	0.009313
27.883335	270.990997	9.178328	36.3792190	-0.222126 	-0.000061	31.93025	0.009196
27.900002	271.152008	9.146135	36.3791890	-0.222156 	-0.000064	31.938499	0.009011
27.916668	271.290009	9.11286	36.3790320	-0.222313 	-0.000068	31.947624	0.008803
27.933334	271.432007	9.112843	36.3789370	-0.222408 	-0.000056	31.955376	0.008748
27.950001	271.579987	9.145553	36.3787500	-0.222595 	-0.000064	31.9645	0.008965
27.966667	271.740997	9.2012	36.3789670	-0.222378 	-0.000059	31.972876	0.009344
27.983335	271.894989	9.279785	36.3789060	-0.222439 	-0.000063	31.980499	0.009794
28.000002	272.04599	9.372037	36.3786240	-0.222721 	-0.000048	31.989876	0.010194
28.016668	272.209991	9.443564	36.3787500	-0.222595 	-0.000047	32.000626	0.010622
28.033335	272.371002	9.46597	36.3786890	-0.222656 	-0.000042	32.014374	0.011101
28.050001	272.528992	9.479587	36.3785930	-0.222752 	-0.000049	32.026249	0.011594
28.066668	272.687012	9.501925	36.3783760	-0.222969 	-0.000056	32.03775	0.012059
28.083334	272.838013	9.517157	36.3786540	-0.222691 	-0.000057	32.048248	0.012489
28.100002	273.002014	9.523116	36.3784370	-0.222908 	-0.000074	32.059875	0.012845
28.116669	273.156006	9.538862	36.3785320	-0.222813 	-0.00008	32.074123	0.013053
28.133335	273.320007	9.582525	36.3784070	-0.222938 	-0.000081	32.08725	0.013316
28.150002	273.477997	9.632613	36.3780630	-0.223282 	-0.000088	32.101124	0.013666
28.166668	273.638	9.686046	36.3780940	-0.223251 	-0.0001	32.116875	0.014061
28.183334	273.802002	9.716592	36.3779370	-0.223408 	-0.000101	32.131248	0.014419
28.200001	273.959991	9.757041	36.3778760	-0.223469 	-0.000102	32.143375	0.014766
28.216669	274.127014	9.769592	36.3778760	-0.223469 	-0.000083	32.156624	0.015192
28.233335	274.290985	9.791431	36.3776890	-0.223656 	-0.000073	32.172749	0.015619
28.250002	274.454987	9.800138	36.3776890	-0.223656 	-0.000072	32.189251	0.016065
28.266668	274.618988	9.794161	36.3774380	-0.223907 	-0.000073	32.206123	0.016531
28.283335	274.782013	9.791449	36.3774680	-0.223877 	-0.000082	32.223499	0.016957
28.300001	274.942993	9.811074	36.3775940	-0.223751 	-0.000081	32.240875	0.017246
28.316668	275.106995	9.872231	36.3773420	-0.224003 	-0.000065	32.258499	0.017349
28.333334	275.269989	9.948586	36.3773770	-0.223968 	-0.000059	32.276501	0.017432
28.350002	275.431	10.027072	36.3771250	-0.224220 	-0.000053	32.293125	0.017419
28.366669	275.593994	10.096353	36.3769680	-0.224377 	-0.000062	32.310249	0.017345
28.383335	275.770996	10.151501	36.3770640	-0.224281 	-0.000059	32.328499	0.017224
28.400002	275.947998	10.1646	36.3772200	-0.224125 	-0.000055	32.345501	0.016992
28.416668	276.121002	10.15423	36.3770940	-0.224251 	-0.000061	32.363499	0.016701
28.433334	276.290985	10.136785	36.3769990	-0.224346 	-0.000064	32.379749	0.016381
28.450001	276.458008	10.093706	36.3768120	-0.224533 	-0.00007	32.396252	0.016011
28.466669	276.625	10.009161	36.3769070	-0.224438 	-0.000089	32.412376	0.015562
28.483335	276.785004	9.966081	36.3766860	-0.224659 	-0.000101	32.426876	0.015
28.500002	276.947998	9.947504	36.3765640	-0.224781 	-0.000106	32.441624	0.014378
28.516668	277.118011	9.894587	36.3764380	-0.224907 	-0.000112	32.456001	0.01387
28.533335	277.285004	9.838923	36.3764990	-0.224846 	-0.000108	32.470875	0.013369
28.550001	277.445007	9.785972	36.3762820	-0.225063 	-0.000108	32.484123	0.012878
28.566668	277.618011	9.731406	36.3761560	-0.225189 	-0.000104	32.494499	0.012374
28.583334	277.783997	9.646894	36.3759690	-0.225376 	-0.000101	32.506001	0.0118
28.600002	277.931	9.556857	36.3758430	-0.225502 	-0.000097	32.519001	0.011223
28.616669	278.088013	9.476724	36.3759080	-0.225437 	-0.000095	32.53075	0.010557
28.633335	278.247986	9.424938	36.3758430	-0.225502 	-0.000081	32.541374	0.009876
28.650002	278.404999	9.398754	36.3756260	-0.225719 	-0.000064	32.550751	0.009211
28.666668	278.558014	9.429299	36.3755950	-0.225750 	-0.000038	32.559502	0.008463
28.683334	278.714996	9.499062	36.3755610	-0.225784 	-0.000034	32.568249	0.007659
28.700001	278.868011	9.512178	36.3754690	-0.225876 	-0.000037	32.574375	0.007023
28.716669	279.028015	9.499678	36.3754390	-0.225906 	-0.000032	32.579876	0.006587
28.733335	279.194	9.510531	36.3755950	-0.225750 	-0.000037	32.586124	0.006288
28.750002	279.356995	9.530657	36.3757820	-0.225563 	-0.000051	32.592251	0.006292
28.766668	279.519989	9.538846	36.3754390	-0.225906 	-0.000058	32.596748	0.006571
28.783335	279.670013	9.536116	36.3753430	-0.226002 	-0.000063	32.603001	0.007092
28.800001	279.820007	9.514876	36.3753430	-0.226002 	-0.000062	32.610126	0.007633
28.816668	279.983002	9.505637	36.3750950	-0.226250 	-0.000071	32.616249	0.008191
28.833334	280.144989	9.515442	36.3750000	-0.226345 	-0.000061	32.626625	0.00869
28.850002	280.304993	9.54106	36.3750610	-0.226284 	-0.000048	32.637375	0.009135
28.866669	280.462006	9.581376	36.3750310	-0.226314 	-0.000043	32.647751	0.009454
28.883335	280.621002	9.607028	36.3751870	-0.226158 	-0.000035	32.65675	0.009712
28.900002	280.783997	9.61908	36.3749390	-0.226406 	-0.000029	32.667	0.009886
28.916668	280.942993	9.648592	36.3750610	-0.226284 	-0.000034	32.675625	0.009938
28.933334	281.102997	9.68568	36.3748130	-0.226532 	-0.000045	32.685001	0.01006
28.950001	281.261993	9.715143	36.3748440	-0.226501 	-0.000052	32.695374	0.010211
28.966669	281.424988	9.721702	36.3749050	-0.226440 	-0.000056	32.706249	0.010461
28.983335	281.591003	9.724965	36.3747830	-0.226562 	-0.000049	32.716499	0.010736
29.000002	281.756012	9.744074	36.3747180	-0.226627 	-0.000058	32.727749	0.011016
29.016668	281.919006	9.772372	36.3746260	-0.226719 	-0.000068	32.739124	0.011242
29.033335	282.07901	9.796892	36.3745610	-0.226784 	-0.000089	32.749374	0.011344
29.050001	282.237	9.80345	36.3745610	-0.226784 	-0.000105	32.761501	0.011493
29.066668	282.399994	9.806148	36.3745310	-0.226814 	-0.000113	32.773998	0.011623
29.083334	282.56601	9.812122	36.3743440	-0.227001 	-0.000116	32.785252	0.011703
29.100002	282.734985	9.831265	36.3740620	-0.227283 	-0.000111	32.797375	0.01173
29.116669	282.899994	9.845448	36.3739050	-0.227440 	-0.000108	32.807751	0.011706
29.133335	283.062012	9.837276	36.3738140	-0.227531 	-0.000101	32.820873	0.011656
29.150002	283.225006	9.808943	36.3736880	-0.227657 	-0.000087	32.8325	0.011712
29.166668	283.386993	9.758156	36.3737180	-0.227627 	-0.000071	32.844376	0.011667
29.183334	283.553009	9.715111	36.3737490	-0.227596 	-0.000052	32.855251	0.011609
29.200001	283.714996	9.680686	36.3736270	-0.227718 	-0.000045	32.866001	0.011594
29.216669	283.873993	9.653386	36.3735920	-0.227753 	-0.00004	32.878502	0.011615
29.233335	284.036011	9.623407	36.3735620	-0.227783 	-0.000038	32.892124	0.011733
29.250002	284.191986	9.592929	36.3734360	-0.227909 	-0.000043	32.901001	0.01189
29.266668	284.354004	9.580344	36.3735010	-0.227844 	-0.000034	32.912624	0.012076
29.283335	284.511993	9.589133	36.3734050	-0.227940 	-0.000031	32.9245	0.012236
29.300001	284.671997	9.60821	36.3734360	-0.227909 	-0.00004	32.938251	0.012312
29.316668	284.830994	9.646929	36.3733750	-0.227970 	-0.00005	32.950748	0.012383
29.333334	284.989014	9.690574	36.3732800	-0.228065 	-0.000064	32.963627	0.012515
29.350002	285.153992	9.716725	36.3734700	-0.227875 	-0.000081	32.97625	0.012323
29.366669	285.31601	9.753312	36.3732490	-0.228096 	-0.000081	32.988998	0.012026
29.383335	285.477997	9.796342	36.3730320	-0.228313 	-0.000092	33.000999	0.011674
29.400002	285.647003	9.835593	36.3729360	-0.228409 	-0.000094	33.012875	0.011464
29.416668	285.80899	9.873198	36.3727490	-0.228596 	-0.000089	33.02475	0.011161
29.433334	285.970001	9.892889	36.3726880	-0.228657 	-0.000083	33.033501	0.010884
29.450001	286.13501	9.902726	36.3728140	-0.228531 	-0.000065	33.043751	0.010575
29.466669	286.303986	9.881453	36.3725620	-0.228783 	-0.000061	33.054501	0.010357
29.483335	286.468994	9.845997	36.3725620	-0.228783 	-0.000059	33.067123	0.010142
29.500002	286.636993	9.830767	36.3725930	-0.228752 	-0.000058	33.075874	0.009964
29.516668	286.802002	9.814886	36.3725930	-0.228752 	-0.000062	33.085999	0.009898
29.533335	286.963013	9.790866	36.3724670	-0.228878 	-0.000067	33.094624	0.009794
29.550001	287.118988	9.764749	36.3722500	-0.229095 	-0.000061	33.105	0.00972
29.566668	287.279999	9.751065	36.3722500	-0.229095 	-0.000056	33.113876	0.009685
29.583334	287.445007	9.781594	36.3721890	-0.229156 	-0.000045	33.123001	0.009815
29.600002	287.609985	9.835028	36.3721580	-0.229187 	-0.000045	33.133251	0.009878
29.616669	287.773987	9.882519	36.3720930	-0.229252 	-0.000037	33.143623	0.010012
29.633335	287.936005	9.915827	36.3720630	-0.229282 	-0.000038	33.153999	0.010082
29.650002	288.097992	9.907121	36.3721890	-0.229156 	-0.000043	33.164001	0.010158
29.666668	288.274994	9.879838	36.3722500	-0.229095 	-0.000039	33.174374	0.010233
29.683334	288.442993	9.866222	36.3719060	-0.229439 	-0.000035	33.183876	0.010242
29.700001	288.604004	9.861877	36.3719370	-0.229408 	-0.000032	33.194874	0.01029
29.716669	288.765991	9.865157	36.3717800	-0.229565 	-0.00004	33.204876	0.010381
29.733335	288.924011	9.856484	36.3718110	-0.229534 	-0.000049	33.214626	0.010456
29.750002	289.084991	9.837341	36.3719060	-0.229439 	-0.000048	33.225876	0.010525
29.766668	289.252991	9.871716	36.3719060	-0.229439 	-0.000042	33.235874	0.010602
29.783335	289.420013	9.903276	36.3718760	-0.229469 	-0.000052	33.247002	0.010597
29.800001	289.588013	9.946405	36.3716550	-0.229690 	-0.000063	33.258251	0.010632
29.816668	289.752014	9.965415	36.3715930	-0.229752 	-0.000081	33.268375	0.010694
29.833334	289.916992	9.951249	36.3715630	-0.229782 	-0.000089	33.279125	0.010777
29.850002	290.088013	9.914711	36.3714680	-0.229877 	-0.000093	33.289875	0.010849
29.866669	290.247986	9.864474	36.3713760	-0.229969 	-0.000101	33.299751	0.010838
29.883335	290.420013	9.795194	36.3711890	-0.230156 	-0.000103	33.310623	0.010853
29.900002	290.579987	9.703609	36.3710940	-0.230251 	-0.000112	33.322376	0.010929
29.916668	290.740997	9.619612	36.3711550	-0.230190 	-0.000115	33.334625	0.010957
29.933334	290.903015	9.553628	36.3709680	-0.230377 	-0.000103	33.344875	0.010936
29.950001	291.059998	9.540061	36.3707200	-0.230625 	-0.000082	33.354874	0.010875
29.966669	291.213989	9.530756	36.3706250	-0.230720 	-0.000059	33.365875	0.010692
29.983335	291.363007	9.569009	36.3704990	-0.230846 	-0.000047	33.377499	0.010438
30.000002	291.523987	9.616366	36.3704680	-0.230877 	-0.000042	33.388126	0.010223
30.016668	291.687012	9.663225	36.3706250	-0.230720 	-0.00003	33.398125	0.010069
30.033335	291.855011	9.716175	36.3707200	-0.230625 	-0.000023	33.408127	0.009855
30.050001	292.018005	9.759288	36.3707500	-0.230595 	-0.000023	33.417252	0.009626
30.066668	292.183014	9.769592	36.3705940	-0.230751 	-0.000028	33.426125	0.009528
30.083334	292.346985	9.737415	36.3704380	-0.230907 	-0.00004	33.436001	0.009564
30.100002	292.506989	9.704074	36.3704070	-0.230938 	-0.000048	33.445374	0.009606
30.116669	292.667999	9.664257	36.3703420	-0.231003 	-0.000058	33.453876	0.009578
30.133335	292.82901	9.644681	36.3703770	-0.230968 	-0.00006	33.463375	0.009536
30.150002	292.985992	9.632147	36.3703120	-0.231033 	-0.000068	33.474751	0.009445
30.166668	293.145996	9.633878	36.3702510	-0.231094 	-0.000067	33.4855	0.009269
30.183334	293.30899	9.656183	36.3703120	-0.231033 	-0.000073	33.494499	0.009077
30.200001	293.467987	9.702009	36.3700640	-0.231281 	-0.000069	33.502251	0.008848
30.216669	293.630005	9.75491	36.3699990	-0.231346 	-0.000065	33.51075	0.008514
30.233335	293.791992	9.798606	36.3696860	-0.231659 	-0.000063	33.519249	0.008149
30.250002	293.95401	9.830816	36.3698770	-0.231468 	-0.000059	33.527126	0.008008
30.266668	294.118988	9.84881	36.3697510	-0.231594 	-0.000051	33.535126	0.008137
30.283335	294.290009	9.861296	36.3698770	-0.231468 	-0.000044	33.542873	0.008344
30.300001	294.455994	9.863975	36.3698430	-0.231502 	-0.000042	33.549873	0.008533
30.316668	294.617004	9.871615	36.3696560	-0.231689 	-0.000035	33.556999	0.008739
30.333334	294.782013	9.872697	36.3696560	-0.231689 	-0.000046	33.567001	0.009069
30.350002	294.944	9.865673	36.3696560	-0.231689 	-0.000052	33.578499	0.009451
30.366669	295.105988	9.89397	36.3694690	-0.231876 	-0.000061	33.588001	0.009899
30.383335	295.270996	9.970359	36.3694690	-0.231876 	-0.000056	33.597	0.010281
30.400002	295.438995	10.036344	36.3695300	-0.231815 	-0.000057	33.606125	0.010582
30.416668	295.604004	10.071234	36.3694380	-0.231907 	-0.000058	33.617748	0.010716
30.433334	295.769012	10.095819	36.3692510	-0.232094 	-0.000071	33.629124	0.010866
30.450001	295.946991	10.089311	36.3692170	-0.232128 	-0.000079	33.641376	0.01103
30.466669	296.125	10.079456	36.3692820	-0.232063 	-0.000084	33.651875	0.010677
30.483335	296.289001	10.05492	36.3690640	-0.232281 	-0.000085	33.663502	0.010077
30.500002	296.450989	10.033647	36.3691250	-0.232220 	-0.000081	33.674	0.009342
30.516668	296.615997	9.994946	36.3687520	-0.232593 	-0.000084	33.685749	0.008569
30.533335	296.777008	9.942028	36.3686870	-0.232658 	-0.000089	33.695999	0.007798
30.550001	296.947998	9.84653	36.3687820	-0.232563 	-0.000083	33.696751	0.007165
30.566668	297.113007	9.762518	36.3687520	-0.232593 	-0.000075	33.702251	0.006676
30.583336	297.281006	9.669783	36.3686260	-0.232719 	-0.000078	33.709373	0.006423
30.600002	297.445007	9.574884	36.3684040	-0.232941 	-0.000072	33.715248	0.006302
30.616669	297.609985	9.497947	36.3683740	-0.232971 	-0.000081	33.721127	0.006472
30.633335	297.748993	9.420012	36.3684690	-0.232876 	-0.000088	33.727875	0.006956
30.650002	297.899994	9.386186	36.3683130	-0.233032 	-0.000075	33.735748	0.007185
30.666668	298.054993	9.395458	36.3681260	-0.233219 	-0.000069	33.743752	0.00734
30.683334	298.213013	9.440219	36.3680610	-0.233284 	-0.000058	33.750126	0.007526
30.700001	298.373993	9.511197	36.3679700	-0.233375 	-0.000053	33.757626	0.00756
30.716669	298.532013	9.613137	36.3679390	-0.233406 	-0.000041	33.766624	0.007496
30.733335	298.694	9.663308	36.3680950	-0.233250 	-0.000024	33.77425	0.007423
30.750002	298.860992	9.697115	36.3678740	-0.233471 	-0.00002	33.781502	0.007427
30.766668	299.022003	9.731457	36.3679390	-0.233406 	-0.000013	33.789501	0.007441
30.783335	299.183014	9.758224	36.3679390	-0.233406 	-0.000018	33.795124	0.007462
30.800001	299.343994	9.783841	36.3680310	-0.233314 	-0.000025	33.801876	0.007445
30.816668	299.505005	9.796975	36.3679700	-0.233375 	-0.00004	33.80975	0.007516
30.833336	299.669006	9.799106	36.3677480	-0.233597 	-0.000051	33.818375	0.007609
30.850002	299.837006	9.807245	36.3679390	-0.233406 	-0.000064	33.8255	0.007759
30.866669	300.001007	9.829635	36.3677180	-0.233627 	-0.000073	33.834373	0.007979
30.883335	300.165009	9.844882	36.3677180	-0.233627 	-0.000083	33.841373	0.008033
30.900002	300.32901	9.859597	36.3675310	-0.233814 	-0.000081	33.849251	0.008082
30.916668	300.48999	9.862344	36.3673440	-0.234001 	-0.000075	33.857124	0.008193
30.933334	300.651001	9.853039	36.3674050	-0.233940 	-0.000084	33.866249	0.008385
30.950001	300.821014	9.84375	36.3673440	-0.234001 	-0.00008	33.875126	0.008505
30.966669	300.984985	9.828503	36.3671880	-0.234157 	-0.000068	33.881874	0.008637
30.983335	301.152008	9.817083	36.3671880	-0.234157 	-0.000052	33.890999	0.008741
31.000002	301.31601	9.79859	36.3671880	-0.234157 	-0.000053	33.900749	0.008855
31.016668	301.47699	9.767978	36.3669700	-0.234375 	-0.000064	33.910374	0.008858
31.033335	301.636993	9.749984	36.3668750	-0.234470 	-0.000067	33.918625	0.008914
31.050001	301.798004	9.769076	36.3670920	-0.234253 	-0.000071	33.926876	0.008851
31.066668	301.962006	9.778282	36.3670620	-0.234283 	-0.000076	33.936375	0.008682
31.083336	302.122009	9.800654	36.3667830	-0.234562 	-0.000078	33.946125	0.008407
31.100002	302.28299	9.825206	36.3666270	-0.234718 	-0.000076	33.953625	0.008113
31.116669	302.453003	9.837191	36.3665920	-0.234753 	-0.000083	33.963123	0.007806
31.133335	302.622986	9.838806	36.3664700	-0.234875 	-0.000094	33.96925	0.007445
31.150002	302.78299	9.834461	36.3664700	-0.234875 	-0.00009	33.977627	0.006981
31.166668	302.946991	9.821411	36.3664050	-0.234940 	-0.000082	33.983501	0.006551
31.183334	303.109985	9.788753	36.3663140	-0.235031 	-0.000079	33.989876	0.006219
31.200001	303.270996	9.731523	36.3662190	-0.235126 	-0.000069	33.995876	0.00593
31.216669	303.43399	9.681369	36.3660930	-0.235252 	-0.000066	34.001877	0.005843
31.233335	303.597992	9.612671	36.3660010	-0.235344 	-0.000062	34.006374	0.005833
31.250002	303.757996	9.544506	36.3659060	-0.235439 	-0.000056	34.011623	0.006103
31.266668	303.917999	9.495915	36.3659060	-0.235439 	-0.000048	34.017124	0.00651
31.283335	304.075012	9.462591	36.3660620	-0.235283 	-0.000044	34.023251	0.006935
31.300001	304.231995	9.436923	36.3658450	-0.235500 	-0.000036	34.030251	0.007415
31.316668	304.377014	9.421093	36.3658750	-0.235470 	-0.000032	34.037998	0.008029
31.333336	304.536011	9.432562	36.3657800	-0.235565 	-0.000031	34.047874	0.008536
31.350002	304.696991	9.454385	36.3657800	-0.235565 	-0.000031	34.057877	0.008921
31.366669	304.856995	9.489857	36.3656580	-0.235687 	-0.000017	34.065498	0.009174
31.383335	305.015991	9.529108	36.3657490	-0.235596 	-0.000005	34.074623	0.009333
31.400002	305.173004	9.570507	36.3656880	-0.235657 	-0.000009	34.086124	0.009356
31.416668	305.334015	9.589649	36.3656880	-0.235657 	-0.000003	34.095249	0.009366
31.433334	305.493011	9.612587	36.3656880	-0.235657 	-0.000001	34.104	0.009385
31.450001	305.653015	9.651789	36.3659710	-0.235374 	-0.00001	34.112999	0.009433
31.466669	305.812988	9.685014	36.3657490	-0.235596 	-0.000021	34.122749	0.009432
31.483335	305.972992	9.733521	36.3655930	-0.235752 	-0.000028	34.131248	0.009406
31.500002	306.139008	9.7772	36.3657190	-0.235626 	-0.000042	34.141876	0.009487
31.516668	306.302002	9.815985	36.3657190	-0.235626 	-0.000056	34.151001	0.00955
31.533335	306.467987	9.834045	36.3654670	-0.235878 	-0.000069	34.160252	0.009699
31.550001	306.627991	9.858598	36.3655010	-0.235844 	-0.00007	34.170502	0.00978
31.566668	306.796997	9.86842	36.3654670	-0.235878 	-0.000074	34.18	0.0099
31.583336	306.963013	9.886414	36.3653110	-0.236034 	-0.000088	34.189625	0.010046
31.600002	307.126007	9.917558	36.3652500	-0.236095 	-0.000089	34.199001	0.010303
31.616669	307.286011	9.925697	36.3651580	-0.236187 	-0.000082	34.211124	0.010582
31.633335	307.454987	9.919689	36.3650020	-0.236343 	-0.000091	34.220249	0.01081
31.650002	307.618011	9.883667	36.3650020	-0.236343 	-0.000083	34.230873	0.010942
31.666668	307.790009	9.858549	36.3648110	-0.236534 	-0.000078	34.242874	0.011026
31.683334	307.959015	9.835077	36.3648110	-0.236534 	-0.000072	34.254875	0.010989
31.700001	308.118988	9.81655	36.3647800	-0.236565 	-0.000063	34.266998	0.010767
31.716669	308.278015	9.8433	36.3645630	-0.236782 	-0.000049	34.278	0.010562
31.733335	308.437012	9.895602	36.3646890	-0.236656 	-0.000036	34.287125	0.010287
31.750002	308.600006	9.916876	36.3645320	-0.236813 	-0.000024	34.298	0.009968
31.766668	308.761993	9.957741	36.3645320	-0.236813 	-0.00002	34.307377	0.009621
31.783335	308.928009	10.000871	36.3645320	-0.236813 	-0.000009	34.315624	0.009414
31.800001	309.113007	10.047729	36.3645940	-0.236751 	-0.000012	34.324749	0.009448
31.816668	309.285004	10.069602	36.3646550	-0.236690 	-0.000027	34.334999	0.009382
31.833336	309.444	10.082187	36.3645630	-0.236782 	-0.000015	34.34425	0.009385
31.850002	309.609985	10.066922	36.3645320	-0.236813 	-0.000018	34.351875	0.009456
31.866669	309.772003	10.026006	36.3646240	-0.236721 	-0.000028	34.362373	0.009537
31.883335	309.944	9.946423	36.3643110	-0.237034 	-0.000046	34.374626	0.009564
31.900002	310.109009	9.852056	36.3642200	-0.237125 	-0.00006	34.380749	0.009471
31.916668	310.281006	9.765864	36.3645940	-0.236751 	-0.000071	34.391876	0.009334
31.933334	310.444	9.649158	36.3644370	-0.236908 	-0.000085	34.401249	0.009081
31.950001	310.609009	9.525247	36.3642500	-0.237095 	-0.000089	34.410873	0.008671
31.966669	310.765015	9.407926	36.3640330	-0.237312 	-0.000089	34.420502	0.008279
31.983335	310.904999	9.339745	36.3639370	-0.237408 	-0.000102	34.427876	0.008071
32	311.059998	9.311429	36.3638110	-0.237534 	-0.00012	34.435249	0.007683
32.01667	311.213013	9.337614	36.3636860	-0.237659 	-0.000114	34.441624	0.007346
32.033337	311.36499	9.386137	36.3637500	-0.237595 	-0.000104	34.448502	0.006928
32.050003	311.523987	9.47401	36.3635940	-0.237751 	-0.000101	34.455624	0.006635
32.066669	311.686005	9.562417	36.3634680	-0.237877 	-0.000098	34.463627	0.006546
32.083336	311.851013	9.608743	36.3632810	-0.238064 	-0.000097	34.470123	0.006488
32.100002	312.013	9.650208	36.3631860	-0.238159 	-0.000103	34.47575	0.0064
32.116669	312.171997	9.684565	36.3631860	-0.238159 	-0.000105	34.4795	0.006351
32.133335	312.334015	9.701977	36.3629990	-0.238346 	-0.000094	34.486374	0.00628
32.150002	312.492004	9.726462	36.3630290	-0.238316 	-0.00008	34.494373	0.006284
32.166668	312.653992	9.746687	36.3628770	-0.238468 	-0.000062	34.500999	0.006469
32.183334	312.81601	9.777849	36.3626560	-0.238689 	-0.000049	34.506126	0.006808
32.200001	312.980988	9.824174	36.3626860	-0.238659 	-0.000043	34.5135	0.007146
32.216667	313.145996	9.850342	36.3626860	-0.238659 	-0.000033	34.519127	0.007311
32.233334	313.313995	9.8569	36.3627200	-0.238625 	-0.000033	34.526375	0.007516
32.25	313.476013	9.879305	36.3627820	-0.238563 	-0.000027	34.534874	0.007841
32.26667	313.640015	9.874911	36.3627820	-0.238563 	-0.000025	34.54475	0.008282
32.283337	313.80899	9.873297	36.3626250	-0.238720 	-0.000044	34.552876	0.008668
32.300003	313.970001	9.861827	36.3625950	-0.238750 	-0.000056	34.560001	0.009047
32.316669	314.127991	9.84543	36.3624990	-0.238846 	-0.000066	34.568748	0.009294
32.333336	314.303009	9.841037	36.3624690	-0.238876 	-0.000077	34.578251	0.009373
32.350002	314.460999	9.831249	36.3624690	-0.238876 	-0.000077	34.589626	0.009301
32.366669	314.628998	9.824224	36.3621860	-0.239159 	-0.000069	34.599998	0.009115
32.383335	314.790009	9.852007	36.3622170	-0.239128 	-0.000066	34.609749	0.00885
32.400002	314.951996	9.901078	36.3621560	-0.239189 	-0.000063	34.619373	0.008408
32.416668	315.115997	9.923418	36.3620000	-0.239345 	-0.000059	34.626999	0.007863
32.433334	315.279999	9.951782	36.3620300	-0.239315 	-0.000058	34.633625	0.007311
32.450001	315.445007	9.947969	36.3620300	-0.239315 	-0.000043	34.639	0.006837
32.466667	315.615997	9.970309	36.3619690	-0.239376 	-0.000045	34.646374	0.006464
32.483334	315.791992	9.975236	36.3618740	-0.239471 	-0.000038	34.652626	0.006245
32.5	315.957001	9.956161	36.3618740	-0.239471 	-0.000041	34.658375	0.006181
32.51667	316.11499	9.922868	36.3617170	-0.239628 	-0.000048	34.664749	0.006215
32.533337	316.276001	9.862893	36.3618740	-0.239471 	-0.000053	34.670124	0.006349
32.550003	316.446991	9.761453	36.3617170	-0.239628 	-0.000061	34.675999	0.006598
32.566669	316.610992	9.660595	36.3617820	-0.239563 	-0.000075	34.682877	0.006924
32.583336	316.772003	9.596774	36.3615610	-0.239784 	-0.000091	34.689377	0.007272
32.600002	316.93399	9.552096	36.3615300	-0.239815 	-0.000109	34.696377	0.007579
32.616669	317.091003	9.505687	36.3614390	-0.239906 	-0.000123	34.704498	0.007757
32.633335	317.23999	9.46314	36.3612520	-0.240093 	-0.00012	34.714748	0.007782
32.650002	317.394012	9.45217	36.3610610	-0.240284 	-0.00011	34.722752	0.007657
32.666668	317.552002	9.473394	36.3609390	-0.240406 	-0.000096	34.730999	0.007421
32.683334	317.713013	9.508866	36.3606870	-0.240658 	-0.000078	34.738876	0.007146
32.700001	317.873993	9.553545	36.3607480	-0.240597 	-0.000071	34.744499	0.006791
32.716667	318.033997	9.590665	36.3607480	-0.240597 	-0.000065	34.750626	0.006453
32.733334	318.191986	9.604863	36.3608440	-0.240501 	-0.000062	34.756374	0.006217
32.75	318.355988	9.595077	36.3606870	-0.240658 	-0.000065	34.761749	0.006094
32.76667	318.516998	9.572754	36.3608130	-0.240532 	-0.00006	34.768875	0.00608
32.783337	318.674988	9.545571	36.3604700	-0.240875 	-0.000083	34.774624	0.006194
32.800003	318.832001	9.532471	36.3603440	-0.241001 	-0.000093	34.780876	0.006381
32.816669	318.993011	9.537947	36.3602830	-0.241062 	-0.000094	34.786125	0.006547
32.833336	319.149994	9.577148	36.3601880	-0.241157 	-0.000087	34.793251	0.006742
32.850002	319.307007	9.644714	36.3603440	-0.241001 	-0.000086	34.799873	0.00691
32.866669	319.463013	9.712364	36.3599050	-0.241440 	-0.000076	34.806999	0.007163
32.883335	319.625	9.758672	36.3599360	-0.241409 	-0.000078	34.815498	0.007478
32.900002	319.790009	9.807745	36.3600010	-0.241344 	-0.000085	34.821877	0.007861
32.916668	319.963989	9.850358	36.3599050	-0.241440 	-0.000082	34.829876	0.008249
32.933334	320.131989	9.87819	36.3597790	-0.241566 	-0.000074	34.837502	0.008672
32.950001	320.294006	9.917475	36.3596270	-0.241718 	-0.000047	34.846001	0.009095
32.966667	320.451996	9.936052	36.3595620	-0.241783 	-0.00005	34.855873	0.009546
32.983334	320.619995	9.919656	36.3594060	-0.241939 	-0.000056	34.866123	0.009962
33	320.782013	9.888594	36.3595010	-0.241844 	-0.000047	34.876999	0.010193
33.01667	320.946014	9.901628	36.3595920	-0.241753 	-0.000039	34.887375	0.010345
33.033337	321.121002	9.940896	36.3596880	-0.241657 	-0.000029	34.898251	0.010314
33.050003	321.289001	10.01239	36.3594360	-0.241909 	-0.000023	34.91	0.010084
33.066669	321.446991	10.057117	36.3592190	-0.242126 	-0.000018	34.919624	0.009766
33.083336	321.608002	10.091475	36.3593440	-0.242001 	-0.000024	34.928749	0.009383
33.100002	321.778992	10.089828	36.3593140	-0.242031 	-0.000026	34.938751	0.009026
33.116669	321.950012	10.062061	36.3593750	-0.241970 	-0.000018	34.947376	0.008691
33.133335	322.131012	10.042386	36.3593750	-0.241970 	-0.000014	34.95475	0.008463
33.150002	322.299011	10.042953	36.3594060	-0.241939 	-0.000033	34.962749	0.008375
33.166668	322.463013	10.029269	36.3593140	-0.242031 	-0.000056	34.970375	0.008239
33.183334	322.623993	9.985074	36.3592800	-0.242065 	-0.00007	34.978748	0.008022
33.200001	322.786011	9.941395	36.3593140	-0.242031 	-0.000087	34.987125	0.007957
33.216667	322.946991	9.877591	36.3590930	-0.242252 	-0.000096	34.996376	0.007877
33.233334	323.118011	9.843217	36.3587490	-0.242596 	-0.000112	35.005001	0.007769
33.25	323.289001	9.800121	36.3587800	-0.242565 	-0.00011	35.011375	0.007671
33.26667	323.453003	9.769609	36.3587490	-0.242596 	-0.00011	35.016998	0.007469
33.283337	323.617004	9.730341	36.3585930	-0.242752 	-0.000096	35.026001	0.007283
33.300003	323.772003	9.685614	36.3585620	-0.242783 	-0.000077	35.032749	0.007128
33.316669	323.929993	9.649076	36.3582500	-0.243095 	-0.000058	35.040375	0.007016
33.333336	324.084991	9.644714	36.3583760	-0.242969 	-0.00006	35.048126	0.007064
33.350002	324.25	9.664906	36.3582190	-0.243126 	-0.000055	35.053749	0.007006
33.366669	324.411011	9.683983	36.3583760	-0.242969 	-0.000056	35.060749	0.006838
33.383335	324.571991	9.729858	36.3582500	-0.243095 	-0.000058	35.067749	0.006773
33.400002	324.739014	9.77134	36.3583110	-0.243034 	-0.00006	35.07375	0.00668
33.416668	324.903992	9.822577	36.3580930	-0.243252 	-0.00008	35.082375	0.006679
33.433334	325.065002	9.839472	36.3580930	-0.243252 	-0.000101	35.087875	0.006685
33.450001	325.222992	9.851424	36.3578450	-0.243500 	-0.000116	35.094002	0.006628
33.466667	325.390015	9.847629	36.3578450	-0.243500 	-0.000116	35.100876	0.006514
33.483334	325.557007	9.836143	36.3577190	-0.243626 	-0.000116	35.107124	0.006424
33.5	325.727997	9.826938	36.3575330	-0.243812 	-0.000105	35.114876	0.006213
33.51667	325.889008	9.824758	36.3572200	-0.244125 	-0.000104	35.120625	0.006039
33.533337	326.049988	9.798007	36.3573110	-0.244034 	-0.000096	35.126999	0.005908
33.550003	326.210999	9.766296	36.3572810	-0.244064 	-0.0001	35.132	0.005867
33.566669	326.375	9.737965	36.3571890	-0.244156 	-0.000095	35.138374	0.005862
33.583336	326.536011	9.759805	36.3571550	-0.244190 	-0.000093	35.142624	0.005966
33.600002	326.700012	9.847595	36.3569680	-0.244377 	-0.000094	35.146873	0.006249
33.616669	326.856995	9.909252	36.3569070	-0.244438 	-0.000109	35.154125	0.006618
33.633335	327.023987	9.93973	36.3566860	-0.244659 	-0.000111	35.161999	0.006996
33.650002	327.184998	9.957159	36.3566550	-0.244690 	-0.000115	35.168125	0.00733
33.666668	327.362	9.96703	36.3564990	-0.244846 	-0.000104	35.176498	0.00764
33.683334	327.541992	9.981812	36.3564380	-0.244907 	-0.000082	35.185001	0.007786
33.700001	327.701996	10.027655	36.3562510	-0.245094 	-0.000063	35.194	0.007669
33.716667	327.859985	10.032548	36.3562510	-0.245094 	-0.000055	35.201248	0.007478
33.733334	328.023987	10.025424	36.3560300	-0.245315 	-0.000056	35.209126	0.007321
33.75	328.187012	9.969277	36.3562200	-0.245125 	-0.000056	35.216373	0.007136
33.76667	328.358002	9.945839	36.3563120	-0.245033 	-0.000061	35.223251	0.006994
33.783337	328.536987	9.978599	36.3563120	-0.245033 	-0.000072	35.2285	0.006787
33.800003	328.700989	10.007496	36.3559990	-0.245346 	-0.000083	35.234501	0.006607
33.816669	328.86499	9.985124	36.3558730	-0.245472 	-0.000088	35.241875	0.006378
33.833336	329.022003	9.934354	36.3557820	-0.245563 	-0.0001	35.249874	0.006189
33.850002	329.188995	9.877159	36.3556860	-0.245659 	-0.000103	35.257126	0.005978
33.866669	329.359009	9.83248	36.3554690	-0.245876 	-0.000096	35.261623	0.005676
33.883335	329.528992	9.819397	36.3554990	-0.245846 	-0.000087	35.26675	0.00522
33.900002	329.686005	9.790982	36.3554690	-0.245876 	-0.000087	35.2715	0.004824
33.916668	329.843994	9.753812	36.3554380	-0.245907 	-0.000086	35.277	0.004515
33.933334	330.01001	9.693787	36.3552820	-0.246063 	-0.000081	35.281376	0.004392
33.950001	330.174011	9.636524	36.3551860	-0.246159 	-0.000069	35.284126	0.004344
33.966667	330.334015	9.610373	36.3550300	-0.246315 	-0.000078	35.286625	0.004268
33.983334	330.490997	9.62722	36.3549390	-0.246406 	-0.000078	35.292374	0.00421
34	330.648987	9.665938	36.3549080	-0.246437 	-0.000078	35.297001	0.004098
34.01667	330.80899	9.69645	36.3549080	-0.246437 	-0.000071	35.302502	0.00404
34.033337	330.96701	9.747237	36.3550000	-0.246345 	-0.000066	35.306	0.004021
34.050003	331.130005	9.81437	36.3546870	-0.246658 	-0.000067	35.30975	0.003988
34.066669	331.29599	9.864075	36.3546560	-0.246689 	-0.000069	35.313625	0.003931
34.083336	331.468994	9.902777	36.3545300	-0.246815 	-0.000071	35.316124	0.003996
34.100002	331.632996	9.92345	36.3545610	-0.246784 	-0.000077	35.319626	0.004148
34.116669	331.799011	9.926663	36.3545000	-0.246845 	-0.000083	35.32375	0.004386
34.133335	331.966003	9.939831	36.3543430	-0.247002 	-0.000078	35.328625	0.004673
34.150002	332.126007	9.933871	36.3543130	-0.247032 	-0.000086	35.334	0.004993
34.166668	332.291992	9.92673	36.3543130	-0.247032 	-0.000093	35.339249	0.005277
34.183334	332.455994	9.935968	36.3541260	-0.247219 	-0.000098	35.345001	0.005411
34.200001	332.618988	9.915227	36.3539700	-0.247375 	-0.000097	35.349876	0.005482
34.216667	332.795013	9.886364	36.3539050	-0.247440 	-0.000094	35.356251	0.005319
34.233334	332.958008	9.899464	36.3537830	-0.247562 	-0.00009	35.362499	0.005166
34.25	333.123993	9.899531	36.3536570	-0.247688 	-0.000076	35.367626	0.004962
34.26667	333.287994	9.88638	36.3536570	-0.247688 	-0.000062	35.372124	0.004731
34.283337	333.444	9.856884	36.3535610	-0.247784 	-0.000056	35.37775	0.004439
34.300003	333.604004	9.801769	36.3535000	-0.247845 	-0.000059	35.37925	0.004069
34.316669	333.779999	9.791414	36.3535000	-0.247845 	-0.000053	35.38475	0.003679
34.333336	333.946014	9.764182	36.3535920	-0.247753 	-0.000044	35.388374	0.003314
34.350002	334.105988	9.741277	36.3534390	-0.247906 	-0.000046	35.392376	0.002894
34.366669	334.265991	9.744023	36.3533130	-0.248032 	-0.00005	35.394749	0.002446
34.383335	334.423004	9.727128	36.3531570	-0.248188 	-0.00006	35.397125	0.002131
34.400002	334.588989	9.683467	36.3532490	-0.248096 	-0.00006	35.398499	0.001787
34.416668	334.746002	9.707969	36.3533440	-0.248001 	-0.000057	35.400002	0.001548
34.433334	334.906006	9.753845	36.3531570	-0.248188 	-0.00004	35.400124	0.001378
34.450001	335.075012	9.776766	36.3530310	-0.248314 	-0.000039	35.400623	0.00139
34.466667	335.238007	9.792015	36.3528750	-0.248470 	-0.00003	35.4025	0.001512
34.483334	335.394989	9.791465	36.3530310	-0.248314 	-0.000032	35.404999	0.001696
34.5	335.566986	9.793063	36.3530010	-0.248344 	-0.000029	35.405876	0.00194
34.51667	335.733002	9.743408	36.3530920	-0.248253 	-0.00002	35.407249	0.002268
34.533337	335.890015	9.658863	36.3528440	-0.248501 	-0.000021	35.410252	0.002608
34.550003	336.052002	9.587452	36.3530310	-0.248314 	-0.000027	35.413376	0.002898
34.566669	336.214996	9.527493	36.3529360	-0.248409 	-0.000051	35.415627	0.003208
34.583336	336.375	9.458197	36.3528750	-0.248470 	-0.000076	35.418999	0.003574
34.600002	336.524994	9.427601	36.3528440	-0.248501 	-0.00009	35.423126	0.003871
34.616669	336.675995	9.44503	36.3527180	-0.248627 	-0.000094	35.427876	0.004068
34.633335	336.832001	9.466919	36.3526880	-0.248657 	-0.000106	35.431751	0.004216
34.650002	336.992004	9.493086	36.3524060	-0.248939 	-0.0001	35.436127	0.004334
34.666668	337.151001	9.535051	36.3521230	-0.249222 	-0.000097	35.441124	0.004395
34.683334	337.309998	9.577048	36.3521880	-0.249157 	-0.000094	35.445751	0.004437
34.700001	337.47699	9.615801	36.3521580	-0.249187 	-0.000091	35.449875	0.004423
34.716667	337.639008	9.64578	36.3520930	-0.249252 	-0.000087	35.453751	0.004398
34.733334	337.79599	9.672529	36.3520930	-0.249252 	-0.000077	35.458	0.004283
34.75	337.954987	9.69873	36.3519670	-0.249378 	-0.000071	35.463001	0.004161
34.76667	338.110992	9.733105	36.3518450	-0.249500 	-0.000084	35.467999	0.004057
34.783337	338.277008	9.781645	36.3516880	-0.249657 	-0.000091	35.471626	0.004039
34.800003	338.442993	9.838873	36.3516240	-0.249721 	-0.000094	35.475376	0.004227
34.816669	338.608002	9.904341	36.3515630	-0.249782 	-0.000095	35.478249	0.004474
34.833336	338.770996	9.969294	36.3515930	-0.249752 	-0.00009	35.482124	0.004789
34.850002	338.938995	10.015635	36.3513450	-0.250000 	-0.00008	35.485748	0.005143
34.866669	339.110992	10.051658	36.3512500	-0.250095 	-0.000074	35.491001	0.005629
34.883335	339.273987	10.078408	36.3511890	-0.250156 	-0.000059	35.499626	0.006162
34.900002	339.441986	10.084984	36.3511240	-0.250221 	-0.000048	35.506248	0.00663
34.916668	339.614014	10.089328	36.3510630	-0.250282 	-0.000041	35.513126	0.006946
34.933334	339.779999	10.080022	36.3510930	-0.250252 	-0.000026	35.519001	0.007193
34.950001	339.95401	10.038008	36.3510020	-0.250343 	-0.000025	35.527126	0.007364
34.966667	340.119995	10.026523	36.3512190	-0.250126 	-0.00003	35.535625	0.007438
34.983334	340.282013	10.029753	36.3510930	-0.250252 	-0.000049	35.5425	0.007582
35	340.450989	10.010077	36.3510020	-0.250343 	-0.000063	35.549126	0.007662
35.01667	340.618988	10.05046	36.3510020	-0.250343 	-0.00008	35.557125	0.007624
35.033337	340.774994	10.072831	36.3508760	-0.250469 	-0.000093	35.566124	0.007518
35.050003	340.946991	10.10674	36.3507800	-0.250565 	-0.000113	35.57375	0.007386
35.066669	341.123993	10.127447	36.3504370	-0.250908 	-0.00011	35.581501	0.007289
35.083336	341.283997	10.1117	36.3504980	-0.250847 	-0.000111	35.588501	0.007098
35.100002	341.467987	10.104626	36.3503460	-0.250999 	-0.000114	35.594124	0.006704
35.116669	341.632996	10.10842	36.3502810	-0.251064 	-0.000107	35.601749	0.006361
35.133335	341.799011	10.049494	36.3500630	-0.251282 	-0.000102	35.608002	0.005979
35.150002	341.963989	9.997692	36.3501240	-0.251221 	-0.000107	35.61475	0.005698
35.166668	342.125	9.93437	36.3499680	-0.251377 	-0.000115	35.620251	0.005378
35.183334	342.294006	9.825789	36.3498120	-0.251533 	-0.000109	35.623375	0.004947
35.200001	342.464996	9.764165	36.3497810	-0.251564 	-0.000097	35.629749	0.004435
35.216667	342.623993	9.725464	36.3496550	-0.251690 	-0.000087	35.632626	0.004047
35.233334	342.790009	9.689542	36.3493120	-0.252033 	-0.000086	35.639	0.003664
35.25	342.941986	9.658947	36.3493420	-0.252003 	-0.000074	35.641876	0.003385
35.26667	343.096985	9.642017	36.3493770	-0.251968 	-0.00007	35.643124	0.003147
35.283337	343.256012	9.652954	36.3494680	-0.251877 	-0.000069	35.6455	0.002903
35.300003	343.424011	9.700428	36.3493120	-0.252033 	-0.000074	35.649376	0.002759
35.316669	343.584015	9.748369	36.3491860	-0.252159 	-0.000076	35.651501	0.00253
35.333336	343.744995	9.792015	36.3491860	-0.252159 	-0.000088	35.654373	0.002413
35.350002	343.912994	9.839988	36.3489990	-0.252346 	-0.000092	35.656624	0.002278
35.366669	344.078003	9.879172	36.3489380	-0.252407 	-0.000084	35.66	0.00208
35.383335	344.243011	9.920072	36.3486560	-0.252689 	-0.000072	35.661877	0.001905
35.400002	344.40799	9.946855	36.3486560	-0.252689 	-0.000063	35.662998	0.001812
35.416668	344.563995	9.930559	36.3486560	-0.252689 	-0.000057	35.663876	0.001655
35.433334	344.738007	9.904408	36.3486560	-0.252689 	-0.000045	35.665001	0.001514
35.450001	344.90799	9.870034	36.3487510	-0.252594 	-0.000053	35.666752	0.001459
35.466667	345.079987	9.831348	36.3485950	-0.252750 	-0.000071	35.669125	0.001516
35.483334	345.238007	9.809592	36.3485300	-0.252815 	-0.000097	35.671001	0.001527
35.5	345.393005	9.783891	36.3484690	-0.252876 	-0.000121	35.671375	0.001578
35.51667	345.558014	9.727145	36.3484690	-0.252876 	-0.000138	35.672249	0.001591
35.533337	345.716003	9.703708	36.3480950	-0.253250 	-0.000138	35.674999	0.001632
35.550003	345.877014	9.708602	36.3477820	-0.253563 	-0.000127	35.677124	0.001697
35.566669	346.045013	9.748302	36.3476870	-0.253658 	-0.000116	35.67725	0.001815
35.583336	346.205994	9.773371	36.3475610	-0.253784 	-0.000104	35.679874	0.001967
35.600002	346.367004	9.772289	36.3475000	-0.253845 	-0.000094	35.681374	0.002019
35.616669	346.531006	9.774453	36.3476260	-0.253719 	-0.000079	35.684124	0.002104
35.633335	346.696014	9.786471	36.3475610	-0.253784 	-0.000076	35.686375	0.002252
35.650002	346.859985	9.791981	36.3475000	-0.253845 	-0.000075	35.688625	0.002501
35.666668	347.020996	9.828536	36.3473740	-0.253971 	-0.000079	35.691002	0.002669
35.683334	347.182007	9.866672	36.3471870	-0.254158 	-0.000069	35.692375	0.002903
35.700001	347.342987	9.867204	36.3470310	-0.254314 	-0.000063	35.696251	0.003115
35.716667	347.514008	9.88415	36.3469390	-0.254406 	-0.000054	35.699123	0.003488
35.733334	347.678009	9.892972	36.3470310	-0.254314 	-0.000046	35.703625	0.003898
35.75	347.847992	9.90053	36.3468740	-0.254471 	-0.000043	35.707001	0.00415
35.76667	348.015991	9.905457	36.3471870	-0.254158 	-0.000044	35.71125	0.004466
35.783337	348.17099	9.907138	36.3470950	-0.254250 	-0.000059	35.715248	0.004654
35.800003	348.341003	9.863459	36.3469390	-0.254406 	-0.000082	35.722252	0.004747
35.816669	348.502014	9.813837	36.3468440	-0.254501 	-0.000105	35.728001	0.004805
35.833336	348.665985	9.74404	36.3466570	-0.254688 	-0.000123	35.730125	0.004671
35.850002	348.833008	9.686712	36.3465610	-0.254784 	-0.000149	35.737	0.004273
35.866669	349.001007	9.666537	36.3463130	-0.255032 	-0.000158	35.741749	0.003768
35.883335	349.154999	9.616865	36.3461570	-0.255188 	-0.000156	35.744877	0.003344
35.900002	349.309998	9.585205	36.3460920	-0.255253 	-0.000156	35.750374	0.003036
35.916668	349.464996	9.573287	36.3459050	-0.255440 	-0.000159	35.750999	0.002811
35.933334	349.622986	9.595592	36.3457180	-0.255627 	-0.000161	35.750626	0.002604
35.950001	349.790009	9.617965	36.3454700	-0.255875 	-0.000155	35.751877	0.002629
35.966667	349.947998	9.707419	36.3454700	-0.255875 	-0.000154	35.757	0.002801
35.983334	350.105988	9.764731	36.3453140	-0.256031 	-0.000142	35.759499	0.003052
36	350.27301	9.807312	36.3450010	-0.256344 	-0.000124	35.761875	0.003493
36.01667	350.442993	9.838408	36.3449060	-0.256439 	-0.000114	35.766499	0.003929
36.033337	350.597992	9.896717	36.3448450	-0.256500 	-0.000104	35.770626	0.004083
36.050003	350.773987	9.93988	36.3446880	-0.256657 	-0.000106	35.774876	0.004048
36.066669	350.932007	9.975869	36.3447800	-0.256565 	-0.000108	35.779499	0.004026
36.083336	351.096008	9.981829	36.3447190	-0.256626 	-0.000102	35.784	0.003917
36.100002	351.263	9.981296	36.3445010	-0.256844 	-0.000103	35.789875	0.00384
36.116669	351.442993	9.988903	36.3444370	-0.256908 	-0.000107	35.791874	0.003725
36.133335	351.601013	9.96703	36.3442190	-0.257126 	-0.000108	35.794498	0.003661
36.150002	351.770996	9.961536	36.3439670	-0.257378 	-0.000116	35.797127	0.003594
36.166668	351.934998	9.929926	36.3440320	-0.257313 	-0.000113	35.800251	0.003467
36.183334	352.097992	9.888511	36.3440020	-0.257343 	-0.000109	35.806252	0.003397
36.200001	352.261993	9.871632	36.3438450	-0.257500 	-0.000111	35.80875	0.003401
36.216667	352.428986	9.894004	36.3437810	-0.257564 	-0.000112	35.813374	0.003391
36.233334	352.589996	9.873297	36.3435940	-0.257751 	-0.00012	35.81675	0.003364
36.25	352.753998	9.852056	36.3434980	-0.257847 	-0.00013	35.818249	0.003278
36.26667	352.917999	9.841702	36.3433460	-0.257999 	-0.000127	35.821877	0.00311
36.283337	353.091003	9.861861	36.3431890	-0.258156 	-0.00012	35.824001	0.002947
36.300003	353.255005	9.919639	36.3430330	-0.258312 	-0.000114	35.828125	0.002646
36.316669	353.411987	9.961587	36.3428760	-0.258469 	-0.000102	35.831875	0.002389
36.333336	353.570007	9.966531	36.3428420	-0.258503 	-0.000091	35.834873	0.002106
36.350002	353.737	9.962203	36.3428420	-0.258503 	-0.000075	35.836876	0.001648
36.366669	353.912994	9.937616	36.3427200	-0.258625 	-0.000067	35.837124	0.001316
36.383335	354.092987	9.919106	36.3426250	-0.258720 	-0.000054	35.83725	0.00097
36.400002	354.252991	9.890792	36.3425940	-0.258751 	-0.000049	35.838375	0.000683
36.416668	354.411011	9.842785	36.3425640	-0.258781 	-0.000057	35.838749	0.000445
36.433334	354.575012	9.758256	36.3425940	-0.258751 	-0.000067	35.837502	0.000368
36.450001	354.734985	9.69114	36.3424070	-0.258938 	-0.00008	35.839748	0.000479
36.466667	354.893005	9.619129	36.3424990	-0.258846 	-0.000103	35.8405	0.00071
36.483334	355.053009	9.586886	36.3424070	-0.258938 	-0.000125	35.840126	0.001017
36.5	355.21701	9.535018	36.3421550	-0.259190 	-0.000147	35.839127	0.001395
36.51667	355.375	9.472845	36.3420300	-0.259315 	-0.000169	35.8405	0.001794
36.533337	355.541992	9.470697	36.3417820	-0.259563 	-0.000181	35.843376	0.002214
36.550003	355.690002	9.494084	36.3414990	-0.259846 	-0.000189	35.847	0.002638
36.566669	355.843994	9.530124	36.3414080	-0.259937 	-0.00019	35.850498	0.002978
36.583336	355.994995	9.591763	36.3411870	-0.260158 	-0.00019	35.853374	0.003222
36.600002	356.149994	9.667669	36.3409390	-0.260406 	-0.000187	35.856377	0.003342
36.616669	356.322998	9.733122	36.3408130	-0.260532 	-0.000177	35.861874	0.003434
36.633335	356.48999	9.824191	36.3407520	-0.260593 	-0.000163	35.864124	0.003453
36.650002	356.656006	9.896785	36.3404690	-0.260876 	-0.000156	35.866249	0.003437
36.666668	356.825989	9.955728	36.3402180	-0.261127 	-0.000135	35.869751	0.00339
36.683334	356.989014	9.969311	36.3401260	-0.261219 	-0.0001	35.874126	0.003245
36.700001	357.149994	9.932722	36.3400310	-0.261314 	-0.000074	35.878876	0.002949
36.716667	357.313995	9.92946	36.3400000	-0.261345 	-0.000044	35.8815	0.002726
36.733334	357.484009	9.916926	36.3398440	-0.261501 	-0.000018	35.883999	0.002426
36.750004	357.653015	9.884199	36.3399390	-0.261406 	-0.000011	35.886501	0.002086
36.76667	357.816986	9.901046	36.3402180	-0.261127 	-0.000003	35.888126	0.001687
36.783337	357.97699	9.922352	36.3400960	-0.261249 	-0.000009	35.888126	0.001322
36.800003	358.147003	9.932673	36.3401870	-0.261158 	-0.000027	35.8895	0.001052
36.816669	358.308014	9.911399	36.3400610	-0.261284 	-0.000054	35.890625	0.000769
36.833336	358.464996	9.873779	36.3398130	-0.261532 	-0.000091	35.892502	0.000509
36.850002	358.640991	9.852555	36.3400310	-0.261314 	-0.00013	35.89225	0.000321
36.866669	358.809998	9.823075	36.3397830	-0.261562 	-0.000148	35.89225	0.000119
36.883335	358.97699	9.766363	36.3395610	-0.261784 	-0.000145	35.89225	-0.000159
36.900002	359.134003	9.733122	36.3393140	-0.262031 	-0.000128	35.891499	-0.000341
36.916668	359.287994	9.700462	36.3391570	-0.262188 	-0.000118	35.890999	-0.000302
36.933334	359.451996	9.661726	36.3388440	-0.262501 	-0.00011	35.890999	-0.000088
36.950001	359.612	9.695484	36.3387490	-0.262596 	-0.000091	35.889626	0.00015
36.966667	359.769012	9.782244	36.3390620	-0.262283 	-0.000079	35.888248	0.000458
36.983334	359.932007	9.876043	36.3390620	-0.262283 	-0.00007	35.888748	0.000817
37.000004	360.096008	9.949152	36.3388440	-0.262501 	-0.000084	35.892124	0.001167
37.01667	360.263	9.99328	36.3388440	-0.262501 	-0.000096	35.894001	0.001512
37.033337	360.437988	10.037392	36.3386270	-0.262718 	-0.000112	35.895126	0.001927
37.050003	360.614014	10.055953	36.3385010	-0.262844 	-0.00013	35.897251	0.002219
37.066669	360.777008	10.029202	36.3384360	-0.262909 	-0.00013	35.899376	0.002343
37.083336	360.94101	10.027039	36.3380010	-0.263344 	-0.000126	35.901501	0.002352
37.100002	361.106995	9.975769	36.3379670	-0.263378 	-0.00012	35.903999	0.002261
37.116669	361.273987	9.882485	36.3380320	-0.263313 	-0.000108	35.908127	0.002143
37.133335	361.437012	9.782077	36.3379360	-0.263409 	-0.000104	35.9105	0.001881
37.150002	361.596985	9.715576	36.3377800	-0.263565 	-0.000093	35.912624	0.001608
37.166668	361.776001	9.657232	36.3376240	-0.263721 	-0.000082	35.914375	0.001309
37.183334	361.929993	9.594028	36.3376240	-0.263721 	-0.00009	35.91325	0.001017
37.200001	362.080994	9.596191	36.3375320	-0.263813 	-0.000093	35.914623	0.000752
37.216667	362.231995	9.643616	36.3373450	-0.264000 	-0.000086	35.914249	0.00066
37.233334	362.391998	9.700977	36.3374060	-0.263939 	-0.00009	35.915249	0.000647
37.250004	362.554993	9.756576	36.3372500	-0.264095 	-0.000099	35.915749	0.000682
37.26667	362.712006	9.853139	36.3371240	-0.264221 	-0.000102	35.916626	0.000807
37.283337	362.890991	9.951848	36.3370930	-0.264252 	-0.000095	35.917252	0.000897
37.300003	363.063995	10.000388	36.3370630	-0.264282 	-0.000099	35.918751	0.000906
37.316669	363.230011	10.004749	36.3367500	-0.264595 	-0.000106	35.91975	0.000815
37.333336	363.395996	9.992715	36.3365940	-0.264751 	-0.000109	35.920124	0.000629
37.350002	363.556	9.970892	36.3366550	-0.264690 	-0.000107	35.921501	0.00041
37.366669	363.727997	9.901662	36.3366890	-0.264656 	-0.000103	35.9235	0.000032
37.383335	363.888	9.855302	36.3363760	-0.264969 	-0.000097	35.922127	-0.000364
37.400002	364.052002	9.855302	36.3363110	-0.265034 	-0.000092	35.921875	-0.000683
37.416668	364.217987	9.873846	36.3360940	-0.265251 	-0.000102	35.920124	-0.001014
37.433334	364.384003	9.873297	36.3361550	-0.265190 	-0.000112	35.91975	-0.001314
37.450001	364.544006	9.855286	36.3361240	-0.265221 	-0.000123	35.916	-0.001581
37.466667	364.70401	9.873829	36.3359990	-0.265346 	-0.00012	35.914749	-0.001816
37.483334	364.876007	9.90762	36.3357810	-0.265564 	-0.000118	35.914124	-0.001985
37.500004	365.04599	9.928861	36.3355940	-0.265751 	-0.000119	35.911751	-0.002071
37.51667	365.203003	9.928278	36.3355330	-0.265812 	-0.000128	35.910374	-0.002088
37.533337	365.365997	9.935419	36.3352510	-0.266094 	-0.000137	35.907501	-0.002027
37.550003	365.535004	9.930526	36.3352200	-0.266125 	-0.000135	35.903	-0.002184
37.566669	365.709991	9.877625	36.3352810	-0.266064 	-0.000129	35.902	-0.002424
37.583336	365.872986	9.860196	36.3350640	-0.266281 	-0.000122	35.900124	-0.002622
37.600002	366.029999	9.865124	36.3349080	-0.266437 	-0.000129	35.899376	-0.00285
37.616669	366.196014	9.827487	36.3345950	-0.266750 	-0.000128	35.897373	-0.003018
37.633335	366.362	9.807828	36.3345640	-0.266781 	-0.000129	35.892624	-0.003275
37.650002	366.515991	9.812756	36.3344990	-0.266846 	-0.000119	35.887627	-0.003551
37.666668	366.684998	9.870001	36.3344690	-0.266876 	-0.0001	35.883877	-0.003722
37.683334	366.851013	9.901078	36.3341260	-0.267219 	-0.000085	35.880001	-0.003871
37.700001	367.007996	9.895085	36.3340950	-0.267250 	-0.000071	35.876625	-0.003873
37.716667	367.179993	9.894054	36.3340950	-0.267250 	-0.000066	35.871376	-0.003754
37.733334	367.348999	9.852622	36.3341260	-0.267219 	-0.000057	35.869125	-0.003612
37.750004	367.520996	9.752796	36.3340610	-0.267284 	-0.000055	35.865875	-0.003528
37.76667	367.678009	9.634444	36.3339690	-0.267376 	-0.000062	35.861374	-0.00338
37.783337	367.837006	9.526995	36.3339080	-0.267437 	-0.000086	35.85775	-0.003221
37.800003	368.001007	9.405894	36.3339080	-0.267437 	-0.000103	35.8545	-0.003064
37.816669	368.14801	9.309281	36.3338740	-0.267471 	-0.000117	35.852123	-0.00286
37.833336	368.299011	9.25688	36.3336870	-0.267658 	-0.000131	35.848751	-0.002491
37.850002	368.446014	9.271545	36.3333440	-0.268001 	-0.00014	35.846874	-0.002142
37.866669	368.602997	9.298246	36.3331570	-0.268188 	-0.000128	35.844376	-0.001848
37.883335	368.76001	9.372437	36.3331570	-0.268188 	-0.000121	35.841251	-0.001621
37.900002	368.912994	9.482599	36.3330310	-0.268314 	-0.000109	35.841499	-0.001396
37.916668	369.072998	9.593346	36.3327830	-0.268562 	-0.000088	35.841873	-0.001215
37.933334	369.235992	9.697598	36.3327180	-0.268627 	-0.000067	35.839874	-0.001026
37.950001	369.394989	9.7904	36.3330000	-0.268345 	-0.000062	35.838875	-0.000803
37.966667	369.565002	9.874378	36.3327830	-0.268562 	-0.000067	35.83725	-0.000722
37.983334	369.72699	9.950217	36.3326570	-0.268688 	-0.000079	35.837002	-0.000744
38.000004	369.895996	9.974188	36.3326570	-0.268688 	-0.000084	35.835377	-0.000745
38.01667	370.062012	9.965981	36.3326260	-0.268719 	-0.000102	35.83625	-0.00071
38.033337	370.234009	9.976884	36.3324700	-0.268875 	-0.000125	35.83675	-0.000764
38.050003	370.399994	9.946855	36.3323140	-0.269031 	-0.000123	35.834625	-0.000957
38.066669	370.567993	9.917442	36.3320010	-0.269344 	-0.000123	35.834126	-0.001253
38.083336	370.72699	9.87819	36.3320620	-0.269283 	-0.000126	35.832874	-0.001632
38.100002	370.885986	9.858582	36.3318750	-0.269470 	-0.000136	35.831501	-0.002128
38.116669	371.059998	9.83298	36.3316570	-0.269688 	-0.000138	35.829876	-0.00259
38.133335	371.218994	9.831398	36.3316570	-0.269688 	-0.000134	35.826	-0.002786
38.150002	371.380005	9.810675	36.3316270	-0.269718 	-0.000124	35.823124	-0.003015
38.166668	371.545013	9.786138	36.3314700	-0.269875 	-0.000131	35.818748	-0.003151
38.183334	371.713013	9.759338	36.3310620	-0.270283 	-0.000122	35.814499	-0.003242
38.200001	371.875	9.751648	36.3309670	-0.270378 	-0.000116	35.810001	-0.003347
38.216667	372.040009	9.779464	36.3309670	-0.270378 	-0.000114	35.810001	-0.003398
38.233334	372.195007	9.839422	36.3309670	-0.270378 	-0.000108	35.806499	-0.003403
38.250004	372.351013	9.866655	36.3307190	-0.270626 	-0.000104	35.803501	-0.003278
38.26667	372.515991	9.903193	36.3307190	-0.270626 	-0.000099	35.799873	-0.003114
38.283337	372.690002	9.932639	36.3306240	-0.270721 	-0.000112	35.794624	-0.00308
38.300003	372.855011	9.981179	36.3305320	-0.270813 	-0.000128	35.790375	-0.003086
38.316669	373.035004	10.035745	36.3304060	-0.270939 	-0.000134	35.788124	-0.003001
38.333336	373.192993	10.042885	36.3301540	-0.271191 	-0.000129	35.786877	-0.002881
38.350002	373.360992	9.997126	36.3300630	-0.271282 	-0.000126	35.785751	-0.002728
38.366669	373.519989	9.931607	36.3298760	-0.271469 	-0.000128	35.781376	-0.002601
38.383335	373.694	9.848194	36.3296890	-0.271656 	-0.000129	35.779251	-0.002567
38.400002	373.862	9.735834	36.3296550	-0.271690 	-0.000119	35.775124	-0.002674
38.416668	374.02301	9.653503	36.3296240	-0.271721 	-0.000115	35.773125	-0.002857
38.433334	374.182007	9.557473	36.3296240	-0.271721 	-0.000116	35.770748	-0.002989
38.450001	374.342987	9.499645	36.3292810	-0.272064 	-0.000117	35.768002	-0.003099
38.466667	374.493011	9.4685	36.3291240	-0.272221 	-0.000121	35.765877	-0.003343
38.483334	374.644989	9.487576	36.3291890	-0.272156 	-0.000132	35.762123	-0.003656
38.500004	374.798004	9.529008	36.3289380	-0.272407 	-0.000133	35.7575	-0.004124
38.51667	374.955994	9.555775	36.3288420	-0.272503 	-0.000125	35.754002	-0.004642
38.533337	375.121002	9.601651	36.3286860	-0.272659 	-0.0001	35.749249	-0.005221
38.550003	375.291992	9.658863	36.3285640	-0.272781 	-0.000096	35.744251	-0.005717
38.566669	375.455994	9.694386	36.3283770	-0.272968 	-0.000102	35.737877	-0.006119
38.583336	375.61499	9.705239	36.3283770	-0.272968 	-0.000101	35.731125	-0.006448
38.600002	375.766998	9.692738	36.3283420	-0.273003 	-0.000099	35.723625	-0.006752
38.616669	375.932007	9.665505	36.3284680	-0.272877 	-0.000101	35.715248	-0.006919
38.633335	376.092987	9.631131	36.3281860	-0.273159 	-0.000098	35.709251	-0.007017
38.650002	376.255005	9.619696	36.3279380	-0.273407 	-0.000094	35.702126	-0.007019
38.666668	376.415985	9.623474	36.3277820	-0.273563 	-0.000099	35.695499	-0.006916
38.683334	376.578003	9.655118	36.3278120	-0.273533 	-0.000109	35.688251	-0.006753
38.700001	376.739014	9.652405	36.3276250	-0.273720 	-0.000128	35.681625	-0.006474
38.716667	376.894989	9.651323	36.3276860	-0.273659 	-0.000124	35.674374	-0.006094
38.733334	377.053009	9.683467	36.3276250	-0.273720 	-0.000121	35.6675	-0.005607
38.750004	377.213989	9.732022	36.3274990	-0.273846 	-0.00012	35.662125	-0.005189
38.76667	377.38501	9.771273	36.3271870	-0.274158 	-0.000123	35.656376	-0.004722
38.783337	377.544006	9.815418	36.3268130	-0.274532 	-0.000111	35.653	-0.004257
38.800003	377.701996	9.856884	36.3268430	-0.274502 	-0.000112	35.651127	-0.003769
38.816669	377.875	9.861245	36.3268430	-0.274502 	-0.000108	35.647877	-0.003309
38.833336	378.042999	9.869451	36.3268130	-0.274532 	-0.00011	35.642624	-0.002906
38.850002	378.20401	9.865057	36.3267170	-0.274628 	-0.000105	35.639751	-0.002542
38.866669	378.368988	9.906571	36.3267820	-0.274563 	-0.000107	35.637249	-0.002231
38.883335	378.53299	9.942028	36.3265000	-0.274845 	-0.000128	35.635502	-0.00196
38.900002	378.69101	9.940413	36.3263440	-0.275001 	-0.00014	35.634377	-0.001618
38.916668	378.862	9.970392	36.3260000	-0.275345 	-0.000134	35.633373	-0.001364
38.933334	379.026001	10.009078	36.3259700	-0.275375 	-0.000123	35.632126	-0.001325
38.950001	379.200012	10.009677	36.3259050	-0.275440 	-0.000109	35.631874	-0.001357
38.966667	379.369995	10.014021	36.3256570	-0.275688 	-0.000088	35.630123	-0.001392
38.983334	379.532013	10.014521	36.3255920	-0.275753 	-0.000079	35.629375	-0.001613
39.000004	379.701996	9.989968	36.3257480	-0.275597 	-0.000077	35.626999	-0.001937
39.01667	379.868988	9.931558	36.3256870	-0.275658 	-0.000098	35.624374	-0.002311
39.033337	380.027008	9.825206	36.3256260	-0.275719 	-0.00011	35.622623	-0.002712
39.050003	380.195007	9.717257	36.3254700	-0.275875 	-0.000118	35.622124	-0.003151
39.066669	380.362	9.63704	36.3253140	-0.276031 	-0.000141	35.617126	-0.003593
39.083336	380.528992	9.568342	36.3250920	-0.276253 	-0.000154	35.612499	-0.003945
39.100002	380.678986	9.519836	36.3247490	-0.276596 	-0.000146	35.60825	-0.004285
39.116669	380.828003	9.488175	36.3247180	-0.276627 	-0.000132	35.604126	-0.004534
39.133335	380.979004	9.457148	36.3246570	-0.276688 	-0.000123	35.598	-0.004801
39.150002	381.140991	9.474093	36.3243750	-0.276970 	-0.000111	35.59325	-0.004981
39.166668	381.304993	9.539013	36.3244060	-0.276939 	-0.000097	35.588749	-0.005239
39.183334	381.463013	9.640453	36.3244360	-0.276909 	-0.000084	35.583752	-0.005417
39.200001	381.621002	9.724415	36.3244060	-0.276939 	-0.000088	35.58025	-0.00556
39.216667	381.782013	9.780063	36.3240930	-0.277252 	-0.000082	35.573124	-0.005727
39.233334	381.949005	9.772922	36.3240320	-0.277313 	-0.00008	35.56575	-0.005889
39.250004	382.117004	9.779447	36.3240010	-0.277344 	-0.000094	35.55875	-0.005865
39.26667	382.281006	9.795244	36.3239670	-0.277378 	-0.000099	35.554375	-0.005838
39.283337	382.445007	9.808894	36.3237800	-0.277565 	-0.0001	35.548626	-0.005776
39.300003	382.609009	9.801752	36.3238450	-0.277500 	-0.000097	35.541126	-0.005445
39.316669	382.760986	9.787021	36.3236580	-0.277687 	-0.000104	35.535999	-0.005139
39.333336	382.928009	9.782643	36.3234370	-0.277908 	-0.000108	35.533375	-0.004941
39.350002	383.09201	9.777233	36.3234060	-0.277939 	-0.000108	35.526875	-0.00484
39.366669	383.259003	9.768477	36.3232800	-0.278065 	-0.000098	35.521252	-0.004886
39.383335	383.42099	9.753246	36.3231540	-0.278191 	-0.000093	35.518875	-0.005075
39.400002	383.584991	9.737466	36.3230630	-0.278282 	-0.00008	35.514626	-0.005526
39.416668	383.748993	9.662709	36.3230020	-0.278343 	-0.000087	35.509377	-0.006045
39.433334	383.907013	9.581493	36.3229060	-0.278439 	-0.000092	35.504375	-0.006506
39.450001	384.066986	9.500277	36.3229680	-0.278377 	-0.000101	35.495499	-0.006944
39.466667	384.225006	9.46647	36.3228760	-0.278469 	-0.000103	35.487499	-0.007307
39.483334	384.384003	9.46369	36.3227810	-0.278564 	-0.000109	35.4785	-0.007347
39.500004	384.535004	9.50404	36.3223760	-0.278969 	-0.000109	35.470627	-0.007223
39.51667	384.687012	9.559604	36.3224070	-0.278938 	-0.0001	35.462002	-0.006998
39.533337	384.84201	9.612537	36.3221550	-0.279190 	-0.000111	35.456001	-0.006523
39.550003	385.009003	9.667603	36.3222200	-0.279125 	-0.000109	35.450249	-0.005942
39.566669	385.175995	9.750549	36.3220630	-0.279282 	-0.000099	35.445999	-0.005243
39.583336	385.346008	9.829102	36.3220940	-0.279251 	-0.000095	35.440125	-0.004627
39.600002	385.506989	9.888561	36.3221550	-0.279190 	-0.000111	35.43375	-0.003956
39.616669	385.667999	9.912048	36.3216860	-0.279659 	-0.000108	35.430126	-0.003418
39.633335	385.82901	9.908219	36.3216250	-0.279720 	-0.000108	35.428249	-0.002846
39.650002	386.002014	9.880371	36.3216550	-0.279690 	-0.000099	35.426998	-0.002286
39.666668	386.165009	9.824142	36.3214070	-0.279938 	-0.000086	35.423874	-0.001637
39.683334	386.333008	9.763634	36.3211560	-0.280189 	-0.000073	35.423626	-0.00105
39.700001	386.497009	9.713928	36.3213120	-0.280033 	-0.000058	35.421623	-0.000676
39.716667	386.662994	9.658831	36.3213120	-0.280033 	-0.000071	35.421501	-0.000324
39.733334	386.817993	9.606495	36.3212810	-0.280064 	-0.000079	35.421249	-0.0001
39.750004	386.968994	9.619096	36.3213420	-0.280003 	-0.000074	35.422501	0.000039
39.76667	387.122009	9.652887	36.3211860	-0.280159 	-0.000072	35.4235	-0.000009
39.783337	387.287994	9.699263	36.3209690	-0.280376 	-0.000093	35.423126	-0.000136
39.800003	387.449005	9.765265	36.3206860	-0.280659 	-0.000104	35.424873	-0.000467
39.816669	387.613007	9.863992	36.3206560	-0.280689 	-0.000103	35.423248	-0.000809
39.833336	387.786011	9.95721	36.3207170	-0.280628 	-0.000104	35.421875	-0.001266
39.850002	387.954987	10.004683	36.3207510	-0.280594 	-0.000098	35.420502	-0.001724
39.866669	388.115997	9.992715	36.3204380	-0.280907 	-0.00009	35.418373	-0.002128
39.883335	388.28299	9.991084	36.3203130	-0.281032 	-0.000086	35.415249	-0.002572
39.900002	388.453003	9.959972	36.3203740	-0.280971 	-0.000093	35.413876	-0.002926
39.916668	388.622986	9.941978	36.3201870	-0.281158 	-0.000092	35.410126	-0.003283
39.933334	388.786011	9.920788	36.3200300	-0.281315 	-0.000096	35.406376	-0.00361
39.950001	388.944	9.896801	36.3200300	-0.281315 	-0.000093	35.403126	-0.003964
39.966667	389.113007	9.851507	36.3199390	-0.281406 	-0.000096	35.398624	-0.004376
39.983334	389.273987	9.834545	36.3198430	-0.281502 	-0.000103	35.393623	-0.004831
40.000004	389.446991	9.823109	36.3199080	-0.281437 	-0.000099	35.389252	-0.005184
40.01667	389.605011	9.835576	36.3195610	-0.281784 	-0.000093	35.38475	-0.005516
40.033337	389.765015	9.856851	36.3194390	-0.281906 	-0.00009	35.378376	-0.005804
40.050003	389.925995	9.870483	36.3194050	-0.281940 	-0.000085	35.37125	-0.005933
40.066669	390.097992	9.884715	36.3192830	-0.282062 	-0.000079	35.364624	-0.00594
40.083336	390.259003	9.883052	36.3192480	-0.282097 	-0.000082	35.358376	-0.005957
40.100002	390.424988	9.895585	36.3192830	-0.282062 	-0.000077	35.352249	-0.005896
40.116669	390.592987	9.899431	36.3192180	-0.282127 	-0.000083	35.346127	-0.00572
40.133335	390.761993	9.92623	36.3190960	-0.282249 	-0.000093	35.341499	-0.00551
40.150002	390.923004	9.950217	36.3190610	-0.282284 	-0.000101	35.33725	-0.005193
40.166668	391.085999	9.972024	36.3187830	-0.282562 	-0.000104	35.33075	-0.00482
40.183334	391.246002	9.986789	36.3186870	-0.282658 	-0.000109	35.325127	-0.004462
40.200001	391.412994	10.009094	36.3185920	-0.282753 	-0.000112	35.320251	-0.00419
40.216667	391.591003	10.024375	36.3184700	-0.282875 	-0.000103	35.31575	-0.003949
40.233334	391.761993	10.08217	36.3183750	-0.282970 	-0.000097	35.314125	-0.003635
40.250004	391.921997	10.115496	36.3184050	-0.282940 	-0.000091	35.311874	-0.003265
40.26667	392.091003	10.11438	36.3182490	-0.283096 	-0.000092	35.308498	-0.002945
40.283337	392.260986	10.051159	36.3180310	-0.283314 	-0.000095	35.304001	-0.002739
40.300003	392.424011	9.962786	36.3181270	-0.283218 	-0.000099	35.300999	-0.002771
40.316669	392.602997	9.895719	36.3180010	-0.283344 	-0.000094	35.299126	-0.003032
40.333336	392.769012	9.869518	36.3178140	-0.283531 	-0.000087	35.297001	-0.003278
40.350002	392.929993	9.847678	36.3177490	-0.283596 	-0.000083	35.295624	-0.003488
40.366669	393.084015	9.839472	36.3175930	-0.283752 	-0.000081	35.292873	-0.003803
40.383335	393.242004	9.873746	36.3175010	-0.283844 	-0.000103	35.286999	-0.004207
40.400002	393.402008	9.889076	36.3175930	-0.283752 	-0.000113	35.28075	-0.004657
40.416668	393.574005	9.98123	36.3175930	-0.283752 	-0.000122	35.276001	-0.005194
40.433334	393.746002	10.064142	36.3173450	-0.284000 	-0.000131	35.271873	-0.005756
40.450001	393.912994	10.131226	36.3172490	-0.284096 	-0.000135	35.265625	-0.00622
40.466667	394.088989	10.148721	36.3168110	-0.284534 	-0.000147	35.260502	-0.006631
40.483334	394.252014	10.132874	36.3166890	-0.284656 	-0.000153	35.254375	-0.007298
40.500004	394.431	10.080505	36.3165930	-0.284752 	-0.000147	35.245377	-0.008171
40.51667	394.593994	10.042336	36.3165320	-0.284813 	-0.000124	35.236626	-0.00904
40.533337	394.76001	10.025407	36.3164670	-0.284878 	-0.000111	35.228374	-0.009731
40.550003	394.923004	9.997576	36.3162190	-0.285126 	-0.000097	35.219376	-0.010391
40.566669	395.088989	10.000288	36.3161890	-0.285156 	-0.000094	35.206123	-0.010958
40.583336	395.252991	9.984009	36.3160630	-0.285282 	-0.000096	35.192875	-0.011311
40.600002	395.421997	9.999805	36.3161540	-0.285191 	-0.000097	35.181126	-0.011627
40.616669	395.592987	10.003069	36.3159370	-0.285408 	-0.000089	35.171001	-0.011777
40.633335	395.757996	9.99443	36.3157810	-0.285564 	-0.000073	35.159	-0.011719
40.650002	395.927002	9.982494	36.3157810	-0.285564 	-0.000073	35.145874	-0.01156
40.666668	396.09201	9.957925	36.3156240	-0.285721 	-0.000066	35.134998	-0.011423
40.683334	396.256989	9.940962	36.3155330	-0.285812 	-0.000056	35.122749	-0.011281
40.700001	396.421997	9.919705	36.3155940	-0.285751 	-0.000041	35.112373	-0.011127
40.716667	396.584015	9.904374	36.3156550	-0.285690 	-0.000041	35.102001	-0.010859
40.733334	396.752014	9.893953	36.3154370	-0.285908 	-0.000057	35.089748	-0.010515
40.750004	396.914001	9.919588	36.3154680	-0.285877 	-0.000074	35.07925	-0.010253
40.76667	397.084991	9.990018	36.3155630	-0.285782 	-0.000084	35.069874	-0.009922
40.783337	397.247009	10.046131	36.3154370	-0.285908 	-0.000099	35.059624	-0.009605
40.800003	397.408997	10.069053	36.3152500	-0.286095 	-0.000114	35.049999	-0.009263
40.816669	397.575989	10.047231	36.3149380	-0.286407 	-0.000124	35.041874	-0.008842
40.833336	397.75	10.049977	36.3147510	-0.286594 	-0.000138	35.032375	-0.008437
40.850002	397.933014	10.057633	36.3148770	-0.286468 	-0.000134	35.02425	-0.00811
40.866669	398.097992	10.057651	36.3147200	-0.286625 	-0.000126	35.016499	-0.007862
40.883335	398.256012	10.036926	36.3144990	-0.286846 	-0.000112	35.008251	-0.007651
40.900002	398.411987	9.958374	36.3143120	-0.287033 	-0.000099	35.001625	-0.007435
40.916668	398.584991	9.843816	36.3142200	-0.287125 	-0.000097	34.995876	-0.007168
40.933334	398.759003	9.732555	36.3143420	-0.287003 	-0.000097	34.987999	-0.006889
40.950001	398.920013	9.67258	36.3140640	-0.287281 	-0.000079	34.979252	-0.00665
40.966667	399.084991	9.63491	36.3140640	-0.287281 	-0.000071	34.972626	-0.006479
40.983334	399.237	9.597307	36.3139990	-0.287346 	-0.000075	34.966873	-0.006384
41.000004	399.389008	9.566212	36.3138730	-0.287472 	-0.000078	34.961124	-0.006263
41.01667	399.544006	9.56781	36.3138430	-0.287502 	-0.000079	34.956627	-0.006197
41.033337	399.701996	9.616899	36.3139080	-0.287437 	-0.000076	34.950375	-0.006193
41.050003	399.865997	9.665488	36.3136860	-0.287659 	-0.00008	34.943375	-0.006458
41.066669	400.029999	9.738014	36.3134690	-0.287876 	-0.000092	34.937	-0.006861
41.083336	400.200012	9.792563	36.3135300	-0.287815 	-0.000101	34.931252	-0.007249
41.100002	400.362	9.863459	36.3134990	-0.287846 	-0.000107	34.922874	-0.007612
41.116669	400.526001	9.89675	36.3133130	-0.288032 	-0.000113	34.916374	-0.007896
41.133335	400.686005	9.887961	36.3132820	-0.288063 	-0.00011	34.906624	-0.008111
41.150002	400.850006	9.876459	36.3129690	-0.288376 	-0.000115	34.896999	-0.008408
41.166668	401.014008	9.87864	36.3128740	-0.288471 	-0.000129	34.889126	-0.008685
41.183334	401.192993	9.8836	36.3128740	-0.288471 	-0.000135	34.881001	-0.008826
41.200001	401.354004	9.897749	36.3126870	-0.288658 	-0.000131	34.872124	-0.009083
41.216667	401.510986	9.879788	36.3125950	-0.288750 	-0.000108	34.86425	-0.009305
41.233334	401.674988	9.873846	36.3124390	-0.288906 	-0.000083	34.853626	-0.009672
41.250004	401.845001	9.858615	36.3122180	-0.289127 	-0.000062	34.84375	-0.009977
41.26667	402.005005	9.818249	36.3120960	-0.289249 	-0.000065	34.834999	-0.010151
41.283337	402.174988	9.808444	36.3120610	-0.289284 	-0.000062	34.82325	-0.010204
41.300003	402.32901	9.787221	36.3124050	-0.288940 	-0.000063	34.811874	-0.010221
41.316669	402.502014	9.774652	36.3123130	-0.289032 	-0.000058	34.7995	-0.010039
41.333336	402.665009	9.763717	36.3124050	-0.288940 	-0.000057	34.791	-0.009853
41.350002	402.821991	9.776751	36.3118740	-0.289471 	-0.000062	34.782124	-0.009545
41.366669	402.980011	9.805631	36.3118130	-0.289532 	-0.000078	34.773125	-0.009114
41.383335	403.140015	9.865024	36.3117490	-0.289596 	-0.000091	34.763	-0.008842
41.400002	403.312012	9.886829	36.3117830	-0.289562 	-0.000091	34.755001	-0.008482
41.416668	403.476013	9.928278	36.3117180	-0.289627 	-0.000089	34.745998	-0.008213
41.433334	403.640991	9.953913	36.3117180	-0.289627 	-0.000074	34.738998	-0.007872
41.450001	403.813995	9.978398	36.3115310	-0.289814 	-0.000075	34.731251	-0.007383
41.466667	403.983002	9.969727	36.3115010	-0.289844 	-0.000088	34.721127	-0.006856
41.483337	404.145996	9.93487	36.3112830	-0.290062 	-0.000099	34.716251	-0.006445
41.500004	404.30899	9.895053	36.3112180	-0.290127 	-0.000107	34.709999	-0.006066
41.51667	404.468994	9.846031	36.3111570	-0.290188 	-0.000119	34.703876	-0.005781
41.533337	404.640991	9.778348	36.3111880	-0.290157 	-0.000117	34.700375	-0.005624
41.550003	404.803009	9.706321	36.3108750	-0.290470 	-0.000114	34.695625	-0.005665
41.566669	404.966003	9.650757	36.3108140	-0.290531 	-0.000112	34.689751	-0.00603
41.583336	405.122986	9.6164	36.3106230	-0.290722 	-0.000118	34.683998	-0.006355
41.600002	405.285004	9.582559	36.3104060	-0.290939 	-0.000123	34.678501	-0.006781
41.616669	405.441986	9.536216	36.3104360	-0.290909 	-0.000122	34.670624	-0.007381
41.633335	405.592987	9.556375	36.3104360	-0.290909 	-0.000114	34.661877	-0.0079
41.650002	405.752014	9.570057	36.3102490	-0.291096 	-0.000113	34.653	-0.008372
41.666668	405.917999	9.608294	36.3100620	-0.291283 	-0.000103	34.646126	-0.008904
41.683334	406.076996	9.644814	36.3099060	-0.291439 	-0.000104	34.637375	-0.009467
41.700001	406.234009	9.690075	36.3098750	-0.291470 	-0.000109	34.626373	-0.009818
41.716667	406.404999	9.744007	36.3097190	-0.291626 	-0.000109	34.616875	-0.010105
41.733337	406.561005	9.772872	36.3096580	-0.291687 	-0.000095	34.606876	-0.010423
41.750004	406.726013	9.762502	36.3096890	-0.291656 	-0.00008	34.594875	-0.010723
41.76667	406.889008	9.755444	36.3094370	-0.291908 	-0.000078	34.582127	-0.010756
41.783337	407.050995	9.724298	36.3093760	-0.291969 	-0.000078	34.573002	-0.010638
41.800003	407.218994	9.697016	36.3092500	-0.292095 	-0.000077	34.562752	-0.010432
41.816669	407.384003	9.713346	36.3093110	-0.292034 	-0.000075	34.550999	-0.010026
41.833336	407.536987	9.725881	36.3093450	-0.292000 	-0.000086	34.539875	-0.009497
41.850002	407.696014	9.733071	36.3090930	-0.292252 	-0.000081	34.531376	-0.008965
41.866669	407.85199	9.747819	36.3090320	-0.292313 	-0.000091	34.522251	-0.008425
41.883335	408.019989	9.77124	36.3089370	-0.292408 	-0.000094	34.514374	-0.007907
41.900002	408.187988	9.78216	36.3089370	-0.292408 	-0.000093	34.507751	-0.007395
41.916668	408.355988	9.811673	36.3085940	-0.292751 	-0.000092	34.500626	-0.007009
41.933334	408.515015	9.79313	36.3086890	-0.292656 	-0.000101	34.493874	-0.006735
41.950001	408.679993	9.805215	36.3084370	-0.292908 	-0.000106	34.489124	-0.006486
41.966667	408.846985	9.768127	36.3084980	-0.292847 	-0.000108	34.480999	-0.006321
41.983337	409	9.762618	36.3085330	-0.292812 	-0.000103	34.474751	-0.006101
42.000004	409.165009	9.77129	36.3083420	-0.293003 	-0.000094	34.468498	-0.005949
42.01667	409.320007	9.823626	36.3078770	-0.293468 	-0.000106	34.462875	-0.005875
42.033337	409.497009	9.875993	36.3079680	-0.293377 	-0.000116	34.457127	-0.005949
42.050003	409.652008	9.920172	36.3078770	-0.293468 	-0.000127	34.451374	-0.006036
42.066669	409.821991	9.96703	36.3079380	-0.293407 	-0.000132	34.447876	-0.006328
42.083336	409.985992	9.986655	36.3078120	-0.293533 	-0.000135	34.441002	-0.006642
42.100002	410.160004	9.999224	36.3075290	-0.293816 	-0.000138	34.434502	-0.007041
42.116669	410.329987	9.956126	36.3072510	-0.294094 	-0.000156	34.426125	-0.007522
42.133335	410.492004	9.944141	36.3072510	-0.294094 	-0.000169	34.417999	-0.008001
42.150002	410.654999	9.890192	36.3070640	-0.294281 	-0.000165	34.409	-0.008462
42.166668	410.822998	9.790933	36.3067820	-0.294563 	-0.000152	34.401627	-0.00871
42.183334	410.987	9.657815	36.3066560	-0.294689 	-0.000126	34.392624	-0.008887
42.200001	411.144989	9.540029	36.3065640	-0.294781 	-0.000104	34.382374	-0.008939
42.216667	411.30899	9.452703	36.3062820	-0.295063 	-0.000104	34.373249	-0.008958
42.233337	411.470001	9.381808	36.3064380	-0.294907 	-0.000098	34.36375	-0.008915
42.250004	411.613007	9.342541	36.3062820	-0.295063 	-0.00009	34.355125	-0.008826
42.26667	411.761993	9.347984	36.3063740	-0.294971 	-0.000095	34.346375	-0.00863
42.283337	411.914001	9.390531	36.3063430	-0.295002 	-0.000097	34.338001	-0.008447
42.300003	412.071991	9.458746	36.3059690	-0.295376 	-0.000099	34.329498	-0.00836
42.316669	412.231995	9.548151	36.3058130	-0.295532 	-0.000117	34.321251	-0.008285
42.333336	412.395996	9.653986	36.3058130	-0.295532 	-0.000122	34.313751	-0.008167
42.350002	412.55899	9.714578	36.3056260	-0.295719 	-0.000138	34.305874	-0.007976
42.366669	412.722992	9.767445	36.3055950	-0.295750 	-0.000139	34.297249	-0.007868
42.383335	412.890015	9.751099	36.3055000	-0.295845 	-0.000138	34.288376	-0.007731
42.400002	413.049988	9.7364	36.3052830	-0.296062 	-0.000159	34.280251	-0.007662
42.416668	413.210999	9.711831	36.3051570	-0.296188 	-0.00017	34.273998	-0.007784
42.433334	413.371002	9.695435	36.3048740	-0.296471 	-0.000165	34.268002	-0.007998
42.450001	413.540985	9.676309	36.3047830	-0.296562 	-0.000156	34.259251	-0.008331
42.466667	413.688995	9.670282	36.3045620	-0.296783 	-0.000131	34.252499	-0.008785
42.483337	413.855011	9.665439	36.3041880	-0.297157 	-0.000108	34.244125	-0.009353
42.500004	414.015991	9.663774	36.3042180	-0.297127 	-0.00009	34.23275	-0.009982
42.51667	414.178986	9.645231	36.3042490	-0.297096 	-0.000063	34.222	-0.010533
42.533337	414.338989	9.612537	36.3042490	-0.297096 	-0.000055	34.210499	-0.010918
42.550003	414.502991	9.619596	36.3043750	-0.296970 	-0.000051	34.199123	-0.011281
42.566669	414.658997	9.614702	36.3041880	-0.297157 	-0.000046	34.187626	-0.011502
42.583336	414.821991	9.604382	36.3040920	-0.297253 	-0.000061	34.175877	-0.011571
42.600002	414.97699	9.586952	36.3041880	-0.297157 	-0.000076	34.164249	-0.011597
42.616669	415.132996	9.601135	36.3039050	-0.297440 	-0.000086	34.153126	-0.01162
42.633335	415.29599	9.637157	36.3037490	-0.297596 	-0.000099	34.141125	-0.011593
42.650002	415.464996	9.684049	36.3038440	-0.297501 	-0.000106	34.12875	-0.011602
42.666668	415.618988	9.694935	36.3036880	-0.297657 	-0.000113	34.117374	-0.011536
42.683334	415.776001	9.702026	36.3035620	-0.297783 	-0.000125	34.106625	-0.011449
42.700001	415.944	9.663275	36.3035010	-0.297844 	-0.000133	34.094376	-0.011311
42.716667	416.113007	9.612005	36.3032800	-0.298065 	-0.000142	34.083752	-0.011153
42.733337	416.274994	9.544355	36.3030620	-0.298283 	-0.000154	34.071251	-0.011007
42.750004	416.428986	9.492037	36.3030320	-0.298313 	-0.000147	34.061127	-0.010839
42.76667	416.585999	9.430947	36.3028110	-0.298534 	-0.000134	34.050377	-0.010595
42.783337	416.735992	9.370988	36.3025320	-0.298813 	-0.00012	34.040375	-0.010227
42.800003	416.895996	9.286477	36.3025020	-0.298843 	-0.000094	34.029373	-0.009925
42.816669	417.046997	9.224288	36.3023450	-0.299000 	-0.000078	34.018749	-0.009575
42.833336	417.200012	9.178411	36.3023760	-0.298969 	-0.000075	34.009624	-0.009079
42.850002	417.359009	9.153858	36.3024060	-0.298939 	-0.000055	34.001125	-0.008499
42.866669	417.519012	9.133135	36.3023110	-0.299034 	-0.000055	33.9935	-0.007802
42.883335	417.657013	9.146201	36.3024060	-0.298939 	-0.00006	33.984123	-0.006841
42.900002	417.804993	9.199601	36.3022190	-0.299126 	-0.000061	33.975876	-0.005972
42.916668	417.954987	9.262873	36.3019980	-0.299347 	-0.000076	33.9725	-0.005179
42.933334	418.114014	9.344671	36.3021890	-0.299156 	-0.000095	33.966751	-0.004513
42.950001	418.264008	9.441733	36.3018460	-0.299499 	-0.000111	33.963375	-0.003956
42.966667	418.432007	9.554693	36.3018760	-0.299469 	-0.000115	33.963749	-0.003642
42.983337	418.593994	9.623441	36.3018760	-0.299469 	-0.000115	33.959625	-0.003707
43.000004	418.756012	9.681202	36.3016240	-0.299721 	-0.000113	33.956749	-0.004094
43.01667	418.92099	9.68608	36.3013420	-0.300003 	-0.000121	33.952499	-0.004603
43.033337	419.079987	9.725913	36.3011860	-0.300159 	-0.000111	33.948875	-0.005212
43.050003	419.238007	9.716159	36.3013110	-0.300034 	-0.000112	33.942249	-0.005819
43.066669	419.399994	9.711282	36.3010940	-0.300251 	-0.000108	33.934875	-0.006134
43.083336	419.566986	9.735268	36.3010940	-0.300251 	-0.000092	33.927876	-0.006453
43.100002	419.720001	9.76911	36.3009070	-0.300438 	-0.000085	33.919624	-0.006604
43.116669	419.894989	9.80072	36.3008770	-0.300468 	-0.000085	33.91375	-0.006652
43.133335	420.053009	9.824142	36.3007510	-0.300594 	-0.000089	33.907249	-0.006601
43.150002	420.210999	9.857999	36.3006250	-0.300720 	-0.000088	33.902	-0.006443
43.166668	420.382996	9.888045	36.3006550	-0.300690 	-0.000102	33.894501	-0.006323
43.183334	420.549988	9.922968	36.3004990	-0.300846 	-0.000117	33.888626	-0.00622
43.200001	420.709991	9.940463	36.3004380	-0.300907 	-0.000127	33.882374	-0.006163
43.216667	420.873993	9.98028	36.3003770	-0.300968 	-0.000114	33.874874	-0.006046
43.233337	421.046997	10.009194	36.3001860	-0.301159 	-0.00011	33.870377	-0.005735
43.250004	421.213013	10.042469	36.2998730	-0.301472 	-0.00011	33.863998	-0.005374
43.26667	421.377014	10.115029	36.2996250	-0.301720 	-0.0001	33.857876	-0.005206
43.283337	421.549011	10.177168	36.2996560	-0.301689 	-0.0001	33.852749	-0.005115
43.300003	421.713013	10.162403	36.2999380	-0.301407 	-0.00009	33.847752	-0.005093
43.316669	421.882996	10.099632	36.2997170	-0.301628 	-0.00008	33.846626	-0.005349
43.333336	422.061005	10.072332	36.2995640	-0.301781 	-0.000068	33.841873	-0.005689
43.350002	422.239014	10.054887	36.2995300	-0.301815 	-0.000083	33.834625	-0.006152
43.366669	422.406006	10.053756	36.2992820	-0.302063 	-0.000111	33.827999	-0.006694
43.383335	422.557007	10.049361	36.2993430	-0.302002 	-0.00013	33.821877	-0.007328
43.400002	422.712006	10.000838	36.2991870	-0.302158 	-0.000133	33.812626	-0.008031
43.416668	422.88501	9.901528	36.2992170	-0.302128 	-0.000137	33.803749	-0.008524
43.433334	423.057007	9.812589	36.2988130	-0.302532 	-0.000124	33.795376	-0.008922
43.450001	423.234985	9.749866	36.2985950	-0.302750 	-0.000113	33.787251	-0.009351
43.466667	423.398987	9.695352	36.2985610	-0.302784 	-0.000111	33.777248	-0.009786
43.483337	423.556	9.645762	36.2983740	-0.302971 	-0.000102	33.766624	-0.010122
43.500004	423.701996	9.583041	36.2982830	-0.303062 	-0.000095	33.756374	-0.010481
43.51667	423.855988	9.576516	36.2985610	-0.302784 	-0.00008	33.746124	-0.010743
43.533337	424.010986	9.585321	36.2983440	-0.303001 	-0.000072	33.735001	-0.010973
43.550003	424.167999	9.650224	36.2982180	-0.303127 	-0.000082	33.722874	-0.011189
43.566669	424.341003	9.733653	36.2980920	-0.303253 	-0.000086	33.711376	-0.011462
43.583336	424.506989	9.824191	36.2979700	-0.303375 	-0.000098	33.699875	-0.011803
43.600002	424.678986	9.885831	36.2978740	-0.303471 	-0.000109	33.690125	-0.012234
43.616669	424.837006	9.915793	36.2979390	-0.303406 	-0.000106	33.678123	-0.012606
43.633335	425	9.904308	36.2976260	-0.303719 	-0.00012	33.664749	-0.012942
43.650002	425.162994	9.882535	36.2976260	-0.303719 	-0.000132	33.651001	-0.013259
43.666668	425.329987	9.86842	36.2974700	-0.303875 	-0.00014	33.637001	-0.013457
43.683334	425.498993	9.87879	36.2974050	-0.303940 	-0.000139	33.621376	-0.013572
43.700001	425.661987	9.899997	36.2972180	-0.304127 	-0.000139	33.608002	-0.013457
43.716667	425.821991	9.881486	36.2968440	-0.304501 	-0.000124	33.594501	-0.01312
43.733337	425.992004	9.856401	36.2967190	-0.304626 	-0.000121	33.581375	-0.012689
43.750004	426.152008	9.83298	36.2966880	-0.304657 	-0.00011	33.5695	-0.012212
43.76667	426.324005	9.789867	36.2967190	-0.304626 	-0.000097	33.556751	-0.011765
43.783337	426.484985	9.759888	36.2965930	-0.304752 	-0.000089	33.544876	-0.011446
43.800003	426.641998	9.733137	36.2965620	-0.304783 	-0.000091	33.535126	-0.011169
43.816669	426.804993	9.675276	36.2964060	-0.304939 	-0.00011	33.524624	-0.010845
43.833336	426.971008	9.655134	36.2963450	-0.305000 	-0.000144	33.514126	-0.010429
43.850002	427.125	9.658447	36.2963140	-0.305031 	-0.000165	33.502876	-0.009975
43.866669	427.286011	9.734237	36.2960620	-0.305283 	-0.000173	33.492001	-0.009586
43.883335	427.449005	9.818714	36.2957800	-0.305565 	-0.00018	33.481251	-0.009292
43.900002	427.602997	9.89452	36.2955630	-0.305782 	-0.000164	33.473125	-0.009028
43.916668	427.769012	9.933738	36.2951550	-0.306190 	-0.000157	33.466625	-0.008845
43.933334	427.94101	9.983959	36.2951550	-0.306190 	-0.00014	33.458752	-0.008755
43.950001	428.118988	10.016651	36.2950940	-0.306251 	-0.000118	33.4505	-0.008736
43.966667	428.287994	10.027006	36.2949370	-0.306408 	-0.000112	33.441376	-0.008803
43.983337	428.457001	10.020513	36.2951550	-0.306190 	-0.000113	33.431751	-0.009054
44.000004	428.610992	9.959456	36.2948460	-0.306499 	-0.000119	33.421875	-0.009296
44.01667	428.777008	9.888062	36.2948460	-0.306499 	-0.000134	33.411877	-0.009382
44.033337	428.946991	9.794845	36.2946890	-0.306656 	-0.000151	33.403374	-0.00937
44.050003	429.109985	9.727145	36.2943120	-0.307033 	-0.000167	33.394627	-0.009245
44.066669	429.27301	9.68345	36.2941550	-0.307190 	-0.000172	33.383999	-0.00915
44.083336	429.433014	9.675276	36.2939680	-0.307377 	-0.000166	33.3745	-0.009121
44.100002	429.596008	9.646878	36.2939380	-0.307407 	-0.000163	33.366001	-0.009026
44.116669	429.747009	9.640936	36.2936550	-0.307690 	-0.000153	33.357498	-0.008991
44.133335	429.903992	9.686745	36.2934680	-0.307877 	-0.000137	33.349625	-0.008921
44.150002	430.066986	9.75759	36.2935640	-0.307781 	-0.000134	33.339748	-0.00882
44.166668	430.233002	9.802851	36.2932510	-0.308094 	-0.00012	33.329498	-0.008689
44.183334	430.395996	9.853105	36.2931860	-0.308159 	-0.000114	33.322376	-0.008648
44.200001	430.562012	9.916975	36.2930300	-0.308315 	-0.00011	33.313126	-0.008722
44.216667	430.734009	9.979698	36.2929690	-0.308376 	-0.000113	33.304375	-0.00888
44.233337	430.904999	10.013505	36.2927820	-0.308563 	-0.000123	33.29575	-0.008973
44.250004	431.05899	10.041305	36.2929080	-0.308437 	-0.000121	33.289375	-0.009133
44.26667	431.226013	10.075112	36.2927170	-0.308628 	-0.00013	33.279877	-0.009432
44.283337	431.394012	10.088678	36.2924690	-0.308876 	-0.000137	33.268623	-0.009681
44.300003	431.571991	10.0985	36.2923430	-0.309002 	-0.000135	33.2575	-0.00994
44.316669	431.738007	10.111617	36.2921560	-0.309189 	-0.000128	33.248375	-0.010224
44.333336	431.907013	10.117643	36.2920300	-0.309315 	-0.000128	33.238499	-0.010417
44.350002	432.078003	10.069053	36.2918740	-0.309471 	-0.000119	33.227501	-0.010372
44.366669	432.243988	9.998724	36.2917180	-0.309627 	-0.000101	33.216751	-0.010319
44.383335	432.412994	9.921836	36.2918130	-0.309532 	-0.000091	33.206501	-0.010436
44.400002	432.578003	9.879272	36.2917520	-0.309593 	-0.000084	33.195126	-0.010586
44.416668	432.739014	9.858016	36.2915610	-0.309784 	-0.000088	33.185623	-0.010692
44.433334	432.901001	9.823642	36.2913740	-0.309971 	-0.000096	33.176498	-0.010738
44.450001	433.061005	9.813837	36.2915000	-0.309845 	-0.0001	33.165501	-0.010932
44.466667	433.223999	9.828503	36.2913740	-0.309971 	-0.000112	33.152374	-0.011089
44.483337	433.389008	9.877542	36.2912480	-0.310097 	-0.000109	33.14175	-0.011274
44.500004	433.561005	9.935336	36.2910000	-0.310345 	-0.000111	33.130501	-0.011478
44.51667	433.717987	9.965364	36.2908440	-0.310501 	-0.000111	33.120125	-0.011591
44.533337	433.884003	9.987771	36.2908740	-0.310471 	-0.000117	33.106377	-0.01159
44.550003	434.054993	9.999273	36.2906880	-0.310657 	-0.000107	33.095875	-0.011475
44.566669	434.22699	10.008045	36.2906880	-0.310657 	-0.000099	33.083374	-0.011403
44.583336	434.394989	9.998258	36.2904360	-0.310909 	-0.000096	33.071999	-0.011278
44.600002	434.554993	9.980863	36.2904360	-0.310909 	-0.000108	33.060749	-0.011207
44.616669	434.721008	9.922968	36.2903140	-0.311031 	-0.000129	33.049252	-0.011071
44.633335	434.889008	9.841685	36.2903140	-0.311031 	-0.000128	33.039501	-0.011115
44.650002	435.058014	9.745107	36.2901570	-0.311188 	-0.000131	33.029125	-0.011072
44.666668	435.220001	9.663824	36.2899700	-0.311375 	-0.000129	33.018375	-0.011138
44.683334	435.377014	9.592846	36.2896880	-0.311657 	-0.000137	33.006001	-0.0113
44.700001	435.536987	9.517506	36.2894060	-0.311939 	-0.000132	32.994999	-0.011503
44.716667	435.692993	9.452621	36.2895620	-0.311783 	-0.000128	32.982498	-0.011743
44.733337	435.843994	9.447709	36.2894360	-0.311909 	-0.000118	32.972252	-0.011906
44.750004	436.001007	9.490872	36.2893140	-0.312031 	-0.000112	32.960125	-0.011984
44.76667	436.15799	9.566179	36.2890930	-0.312252 	-0.000109	32.946999	-0.011976
44.783337	436.316986	9.637673	36.2891240	-0.312221 	-0.000115	32.934624	-0.011972
44.800003	436.473999	9.706921	36.2890010	-0.312344 	-0.000119	32.922375	-0.011945
44.816669	436.644989	9.818181	36.2888450	-0.312500 	-0.000107	32.910374	-0.011903
44.833336	436.811005	9.873281	36.2886580	-0.312687 	-0.000109	32.898876	-0.01167
44.850002	436.979004	9.921869	36.2885320	-0.312813 	-0.000116	32.887627	-0.011413
44.866669	437.140991	9.957858	36.2883760	-0.312969 	-0.000119	32.876251	-0.011189
44.883335	437.300995	9.976418	36.2885020	-0.312843 	-0.000127	32.863998	-0.010982
44.900002	437.481995	9.97264	36.2884670	-0.312878 	-0.000128	32.853127	-0.010758
44.916668	437.638	10.002586	36.2880940	-0.313251 	-0.000132	32.84375	-0.010524
44.933334	437.806	10.023875	36.2878760	-0.313469 	-0.000143	32.833126	-0.010238
44.950001	437.973999	10.046215	36.2879370	-0.313408 	-0.000151	32.82275	-0.009829
44.966667	438.140015	10.042953	36.2875630	-0.313782 	-0.000162	32.812374	-0.009415
44.983337	438.308014	10.036909	36.2875330	-0.313812 	-0.000152	32.803001	-0.009013
45.000004	438.481995	10.072865	36.2873760	-0.313969 	-0.000137	32.793751	-0.008638
45.01667	438.647003	10.076111	36.2871550	-0.314190 	-0.000126	32.785374	-0.008336
45.033337	438.812988	10.0712	36.2870640	-0.314281 	-0.000124	32.778873	-0.008144
45.050003	438.976013	10.051525	36.2869070	-0.314438 	-0.000117	32.770874	-0.008091
45.066669	439.149994	10.046664	36.2869070	-0.314438 	-0.000116	32.764252	-0.008123
45.083336	439.317993	10.066905	36.2867510	-0.314594 	-0.000113	32.756748	-0.00834
45.100002	439.485992	10.110518	36.2867510	-0.314594 	-0.000117	32.747124	-0.008753
45.116669	439.651001	10.152516	36.2865640	-0.314781 	-0.000123	32.738125	-0.009299
45.133335	439.812988	10.14867	36.2863430	-0.315002 	-0.000131	32.7285	-0.009825
45.150002	439.987	10.143844	36.2863120	-0.315033 	-0.000136	32.720249	-0.010466
45.166668	440.164001	10.159657	36.2861560	-0.315189 	-0.000136	32.709	-0.011051
45.183334	440.334991	10.161854	36.2859380	-0.315407 	-0.000132	32.696999	-0.011608
45.200001	440.506989	10.160223	36.2858430	-0.315502 	-0.000118	32.68475	-0.012278
45.216667	440.662994	10.098617	36.2856560	-0.315689 	-0.000116	32.672874	-0.013013
45.233337	440.837006	9.988437	36.2856250	-0.315720 	-0.000124	32.658749	-0.013736
45.250004	441.007996	9.858648	36.2854690	-0.315876 	-0.000128	32.6455	-0.0143
45.26667	441.173004	9.745156	36.2854690	-0.315876 	-0.000132	32.631374	-0.014853
45.283337	441.341003	9.648077	36.2854390	-0.315906 	-0.000145	32.615376	-0.015347
45.300003	441.492004	9.560752	36.2851260	-0.316219 	-0.000147	32.598373	-0.015588
45.316669	441.64801	9.449457	36.2849040	-0.316441 	-0.000154	32.582249	-0.01566
45.333336	441.799011	9.405828	36.2847180	-0.316627 	-0.00016	32.566376	-0.015592
45.350002	441.954987	9.426003	36.2845950	-0.316750 	-0.000154	32.549374	-0.015217
45.366669	442.114014	9.439636	36.2843440	-0.317001 	-0.000142	32.533127	-0.014675
45.383335	442.266998	9.51381	36.2843740	-0.316971 	-0.000127	32.520626	-0.01407
45.400002	442.423004	9.576499	36.2842180	-0.317127 	-0.000119	32.505749	-0.013584
45.416668	442.591003	9.638172	36.2839700	-0.317375 	-0.000123	32.492374	-0.013207
45.433334	442.76001	9.684582	36.2840920	-0.317253 	-0.000131	32.48175	-0.012746
45.450001	442.910004	9.719421	36.2839390	-0.317406 	-0.000136	32.469624	-0.012342
45.466667	443.078003	9.735834	36.2837490	-0.317596 	-0.000142	32.457874	-0.011934
45.483337	443.23999	9.736867	36.2836270	-0.317718 	-0.000141	32.444126	-0.011368
45.500004	443.402008	9.725946	36.2833440	-0.318001 	-0.000141	32.430248	-0.010784
45.51667	443.56601	9.729259	36.2831570	-0.318188 	-0.000142	32.42075	-0.010116
45.533337	443.727997	9.777832	36.2830620	-0.318283 	-0.000141	32.410751	-0.009284
45.550003	443.88501	9.783808	36.2830310	-0.318314 	-0.000135	32.402626	-0.00845
45.566669	444.049988	9.815968	36.2828750	-0.318470 	-0.000131	32.395	-0.007543
45.583336	444.214996	9.871033	36.2827490	-0.318596 	-0.000126	32.388126	-0.006708
45.600002	444.377014	9.907087	36.2827490	-0.318596 	-0.000129	32.3825	-0.006143
45.616669	444.548004	9.941995	36.2823750	-0.318970 	-0.000139	32.376877	-0.005706
45.633335	444.709991	9.960555	36.2823450	-0.319000 	-0.000156	32.370499	-0.005379
45.650002	444.877991	9.946389	36.2821880	-0.319157 	-0.000152	32.366375	-0.005116
45.666668	445.052002	9.939248	36.2820630	-0.319282 	-0.00015	32.362999	-0.005039
45.683334	445.213013	9.937584	36.2819060	-0.319439 	-0.000148	32.357498	-0.005062
45.700001	445.377991	9.943625	36.2816890	-0.319656 	-0.000136	32.351501	-0.005212
45.716667	445.540009	9.975253	36.2813760	-0.319969 	-0.000144	32.347252	-0.005471
45.733337	445.701996	9.986689	36.2815020	-0.319843 	-0.000143	32.342876	-0.00585
45.750004	445.869995	10.001371	36.2813760	-0.319969 	-0.000141	32.335999	-0.006201
45.76667	446.037994	10.042269	36.2811890	-0.320156 	-0.000144	32.33025	-0.006372
45.783337	446.210999	10.070119	36.2811240	-0.320221 	-0.000142	32.322624	-0.00653
45.800003	446.381989	10.083185	36.2808110	-0.320534 	-0.00014	32.314999	-0.006715
45.816669	446.546997	10.050508	36.2807200	-0.320625 	-0.000153	32.307625	-0.006907
45.833336	446.713989	9.991666	36.2805940	-0.320751 	-0.000146	32.300625	-0.007166
45.850002	446.881989	9.909834	36.2803420	-0.321003 	-0.000145	32.295502	-0.007482
45.866669	447.049988	9.795343	36.2802810	-0.321064 	-0.000139	32.288876	-0.007885
45.883335	447.213989	9.666055	36.2802200	-0.321125 	-0.000133	32.28175	-0.008441
45.900002	447.369995	9.529658	36.2799680	-0.321377 	-0.000135	32.272751	-0.008926
45.916668	447.532013	9.42061	36.2799680	-0.321377 	-0.00013	32.261623	-0.00934
45.933334	447.687988	9.319736	36.2796860	-0.321659 	-0.000129	32.252377	-0.00968
45.950001	447.838013	9.273876	36.2796860	-0.321659 	-0.000141	32.240623	-0.00987
45.966667	447.984985	9.292919	36.2794690	-0.321876 	-0.000153	32.2285	-0.00986
45.983337	448.131989	9.336565	36.2793430	-0.322002 	-0.000162	32.220375	-0.009534
46.000004	448.294006	9.376331	36.2792820	-0.322063 	-0.000172	32.211876	-0.009077
46.01667	448.446014	9.448393	36.2790950	-0.322250 	-0.000168	32.202751	-0.008551
46.033337	448.610992	9.546536	36.2787820	-0.322563 	-0.000169	32.192623	-0.007884
46.050003	448.778992	9.648026	36.2785610	-0.322784 	-0.000166	32.184376	-0.007225
46.066669	448.937012	9.730325	36.2783430	-0.323002 	-0.000162	32.179001	-0.006579
46.083336	449.092987	9.769043	36.2782520	-0.323093 	-0.000159	32.172127	-0.005924
46.100002	449.255005	9.818698	36.2782170	-0.323128 	-0.000144	32.166874	-0.005228
46.116669	449.421997	9.838408	36.2780950	-0.323250 	-0.000132	32.162125	-0.004533
46.133335	449.589996	9.836226	36.2778740	-0.323471 	-0.000126	32.158001	-0.003965
46.150002	449.756989	9.871099	36.2777820	-0.323563 	-0.000133	32.15575	-0.003508
46.166668	449.919006	9.906072	36.2775960	-0.323749 	-0.00014	32.151127	-0.003028
46.183334	450.085999	9.919673	36.2775610	-0.323784 	-0.00016	32.148376	-0.002545
46.200001	450.251007	9.920255	36.2773740	-0.323971 	-0.000173	32.146626	-0.002051
46.216667	450.406006	9.919722	36.2772830	-0.324062 	-0.000176	32.144749	-0.001454
46.233337	450.576996	9.909351	36.2769700	-0.324375 	-0.000176	32.142624	-0.000778
46.250004	450.747009	9.937117	36.2769050	-0.324440 	-0.000178	32.141251	-0.000017
46.26667	450.914001	9.957275	36.2764360	-0.324909 	-0.000185	32.141998	0.00076
46.283337	451.07901	9.986139	36.2762790	-0.325066 	-0.000173	32.142502	0.001596
46.300003	451.243011	10.038474	36.2762490	-0.325096 	-0.000162	32.145626	0.002429
46.316669	451.402008	10.067372	36.2762180	-0.325127 	-0.000152	32.148998	0.003323
46.333336	451.578003	10.090792	36.2759360	-0.325409 	-0.000146	32.151749	0.004084
46.350002	451.744995	10.11751	36.2756880	-0.325657 	-0.000138	32.156876	0.004546
46.366669	451.912994	10.117558	36.2757800	-0.325565 	-0.000153	32.162624	0.004891
46.383335	452.088989	10.118674	36.2756230	-0.325722 	-0.000175	32.1675	0.005019
46.400002	452.261993	10.098533	36.2753450	-0.326000 	-0.000187	32.175251	0.005043
46.416668	452.425995	10.043501	36.2752490	-0.326096 	-0.000192	32.181	0.005025
46.433334	452.592987	10.019498	36.2750320	-0.326313 	-0.000197	32.18375	0.004931
46.450001	452.752014	9.984025	36.2747190	-0.326626 	-0.000209	32.188751	0.005545
46.466671	452.921997	9.933854	36.2744060	-0.326939 	-0.000207	32.192749	0.006541
46.483337	453.085999	9.860763	36.2742810	-0.327064 	-0.000207	32.196751	0.00742
46.500004	453.251007	9.784424	36.2740940	-0.327251 	-0.000203	32.202	0.008319
46.51667	453.42099	9.697648	36.2739980	-0.327347 	-0.000188	32.207626	0.008995
46.533337	453.584991	9.644731	36.2737500	-0.327595 	-0.000173	32.228249	0.009319
46.550003	453.746002	9.599504	36.2735630	-0.327782 	-0.000162	32.243999	0.009278
46.566669	453.893005	9.601635	36.2732510	-0.328094 	-0.000166	32.251877	0.00889
46.583336	454.045013	9.615234	36.2732200	-0.328125 	-0.000166	32.259876	0.00821
46.600002	454.200989	9.619046	36.2731550	-0.328190 	-0.000171	32.264999	0.00729
46.616669	454.368011	9.645797	36.2729680	-0.328377 	-0.000166	32.270748	0.006062
46.633335	454.535004	9.695369	36.2728770	-0.328468 	-0.000163	32.274124	0.005501
46.650002	454.704987	9.74176	36.2725300	-0.328815 	-0.000168	32.278751	0.005449
46.666668	454.868988	9.757074	36.2724080	-0.328937 	-0.000177	32.284752	0.005606
46.683334	455.023987	9.756576	36.2721250	-0.329220 	-0.000173	32.290749	0.005969
46.700001	455.183014	9.745072	36.2720950	-0.329250 	-0.000165	32.294998	0.006507
46.716671	455.346985	9.752796	36.2719380	-0.329407 	-0.00015	32.302376	0.00724
46.733337	455.505005	9.771406	36.2716560	-0.329689 	-0.000134	32.309502	0.008007
46.750004	455.669006	9.814986	36.2715300	-0.329815 	-0.000143	32.317749	0.008943
46.76667	455.835999	9.855868	36.2715300	-0.329815 	-0.000144	32.325874	0.009962
46.783337	456.002991	9.874378	36.2713430	-0.330002 	-0.000151	32.33675	0.010968
46.800003	456.170013	9.854237	36.2713740	-0.329971 	-0.000146	32.348499	0.011898
46.816669	456.334015	9.84653	36.2711870	-0.330158 	-0.000147	32.360748	0.012844
46.833336	456.498993	9.82747	36.2707180	-0.330627 	-0.000161	32.376251	0.01374
46.850002	456.660004	9.814936	36.2706570	-0.330688 	-0.000183	32.390373	0.014549
46.866669	456.824005	9.82524	36.2705310	-0.330814 	-0.00019	32.403999	0.015174
46.883335	456.979004	9.832281	36.2705000	-0.330845 	-0.0002	32.419876	0.015806
46.900002	457.145996	9.855735	36.2702480	-0.331097 	-0.0002	32.436375	0.016369
46.916668	457.312012	9.910367	36.2699700	-0.331375 	-0.000204	32.453499	0.016872
46.933334	457.479004	9.968179	36.2695920	-0.331753 	-0.000217	32.470501	0.017392
46.950001	457.648987	10.012341	36.2695310	-0.331814 	-0.000225	32.487251	0.018005
46.966671	457.809998	10.019964	36.2693140	-0.332031 	-0.00023	32.506626	0.01863
46.983337	457.97699	9.99105	36.2690620	-0.332283 	-0.000225	32.525002	0.019385
47.000004	458.153015	9.935386	36.2687490	-0.332596 	-0.000211	32.54425	0.020357
47.01667	458.320007	9.905423	36.2686230	-0.332722 	-0.000203	32.562752	0.021626
47.033337	458.485992	9.867837	36.2684060	-0.332939 	-0.000197	32.585125	0.023108
47.050003	458.640991	9.860147	36.2681580	-0.333187 	-0.000181	32.608002	0.024904
47.066669	458.804993	9.828519	36.2679370	-0.333408 	-0.000176	32.632626	0.026922
47.083336	458.959991	9.776134	36.2679370	-0.333408 	-0.000178	32.660126	0.029083
47.100002	459.132996	9.714544	36.2676540	-0.333691 	-0.000191	32.690876	0.031374
47.116669	459.294006	9.646961	36.2676240	-0.333721 	-0.000189	32.722626	0.033702
47.133335	459.463989	9.627286	36.2675020	-0.333843 	-0.000204	32.759876	0.036026
47.150002	459.625	9.606563	36.2671240	-0.334221 	-0.000219	32.796001	0.038219
47.166668	459.779999	9.627303	36.2668420	-0.334503 	-0.000241	32.834999	0.04028
47.183334	459.925995	9.660544	36.2665330	-0.334812 	-0.000246	32.876751	0.042258
47.200001	460.078003	9.732506	36.2665630	-0.334782 	-0.000253	32.921875	0.04415
47.216671	460.247986	9.796392	36.2660290	-0.335316 	-0.000255	32.966751	0.045907
47.233337	460.414001	9.899446	36.2658770	-0.335468 	-0.000246	33.012749	0.047665
47.250004	460.587006	10.001487	36.2654990	-0.335846 	-0.000236	33.061249	0.049225
47.26667	460.761993	10.090925	36.2654080	-0.335937 	-0.000229	33.112125	0.050479
47.283337	460.928986	10.119307	36.2651860	-0.336159 	-0.000226	33.16375	0.05145
47.300003	461.09201	10.100797	36.2648430	-0.336502 	-0.000211	33.217251	0.052212
47.316669	461.261993	10.104559	36.2646870	-0.336658 	-0.000216	33.2715	0.052695
47.333336	461.428009	10.090409	36.2645950	-0.336750 	-0.000217	33.326126	0.052933
47.350002	461.597992	10.075728	36.2643430	-0.337002 	-0.000227	33.378624	0.052877
47.366669	461.764008	10.085483	36.2641560	-0.337189 	-0.000245	33.431	0.052725
47.383335	461.932007	10.083219	36.2638740	-0.337471 	-0.000255	33.483124	0.052486
47.400002	462.106995	10.08763	36.2635610	-0.337784 	-0.000269	33.535374	0.052226
47.416668	462.27301	10.106706	36.2633440	-0.338001 	-0.000277	33.588501	0.052085
47.433334	462.437012	10.088162	36.2630620	-0.338283 	-0.000274	33.639	0.052192
47.450001	462.605988	10.063011	36.2625310	-0.338814 	-0.000274	33.691376	0.0525
47.466671	462.769989	10.033065	36.2624050	-0.338940 	-0.000271	33.743374	0.052901
47.483337	462.945007	9.996027	36.2621570	-0.339188 	-0.000265	33.794624	0.053576
47.500004	463.117004	9.982361	36.2619360	-0.339409 	-0.000261	33.847626	0.054446
47.51667	463.274994	9.967696	36.2617490	-0.339596 	-0.000248	33.902748	0.055586
47.533337	463.437988	9.96991	36.2614060	-0.339939 	-0.000242	33.959499	0.056844
47.550003	463.605011	9.99929	36.2611240	-0.340221 	-0.000253	34.014874	0.058242
47.566669	463.769012	10.030868	36.2609060	-0.340439 	-0.000257	34.075127	0.059801
47.583336	463.934998	10.052174	36.2606540	-0.340691 	-0.000268	34.135124	0.061466
47.600002	464.101013	10.079456	36.2605320	-0.340813 	-0.000271	34.19725	0.063273
47.616669	464.276001	10.096335	36.2601550	-0.341190 	-0.000265	34.261002	0.065276
47.633335	464.450989	10.084334	36.2598110	-0.341534 	-0.00026	34.325626	0.06752
47.650002	464.623993	10.067988	36.2595940	-0.341751 	-0.000266	34.393623	0.069798
47.666668	464.781006	10.062528	36.2591860	-0.342159 	-0.000263	34.4645	0.072231
47.683334	464.944	10.011274	36.2590290	-0.342316 	-0.000266	34.537998	0.074728
47.700001	465.115997	9.948071	36.2588420	-0.342503 	-0.000264	34.61425	0.077227
47.716671	465.278015	9.916943	36.2586860	-0.342659 	-0.000264	34.693748	0.079508
47.733337	465.444	9.913096	36.2582170	-0.343128 	-0.000265	34.774876	0.081477
47.750004	465.618988	9.951249	36.2580950	-0.343250 	-0.000271	34.858002	0.083101
47.76667	465.77301	9.971458	36.2577170	-0.343628 	-0.000291	34.944	0.08425
47.783337	465.937012	9.997659	36.2573740	-0.343971 	-0.000294	35.03125	0.084865
47.800003	466.105988	10.059265	36.2571560	-0.344189 	-0.000299	35.116749	0.084934
47.816669	466.272003	10.121987	36.2569390	-0.344406 	-0.000293	35.203499	0.084448
47.833336	466.444	10.18907	36.2565310	-0.344814 	-0.000296	35.289875	0.083378
47.850002	466.613007	10.280107	36.2560920	-0.345253 	-0.0003	35.373627	0.081444
47.866669	466.786011	10.328114	36.2560310	-0.345314 	-0.000306	35.455502	0.079004
47.883335	466.960999	10.34779	36.2556270	-0.345718 	-0.000305	35.5355	0.076181
47.900002	467.135986	10.344526	36.2554050	-0.345940 	-0.000307	35.612125	0.073131
47.916668	467.309998	10.329229	36.2550930	-0.346252 	-0.000297	35.685623	0.070169
47.933334	467.481995	10.320506	36.2546230	-0.346722 	-0.000287	35.749001	0.067507
47.950001	467.653992	10.310136	36.2543110	-0.347034 	-0.000296	35.812874	0.065193
47.966671	467.822998	10.299866	36.2542190	-0.347126 	-0.000297	35.873501	0.063433
47.983337	467.989014	10.304793	36.2537800	-0.347565 	-0.0003	35.934376	0.062337
48.000004	468.161987	10.324918	36.2536240	-0.347721 	-0.000302	35.99575	0.061951
48.01667	468.335999	10.354381	36.2534370	-0.347908 	-0.000302	36.057125	0.062172
48.033337	468.510986	10.397493	36.2529370	-0.348408 	-0.000306	36.117748	0.06263
48.050003	468.683014	10.450895	36.2525630	-0.348782 	-0.00031	36.1805	0.063133
48.066669	468.858002	10.490711	36.2523120	-0.349033 	-0.0003	36.244125	0.063441
48.083336	469.03299	10.507092	36.2519380	-0.349407 	-0.000307	36.309502	0.063386
48.100002	469.207001	10.517994	36.2516560	-0.349689 	-0.000302	36.374126	0.062797
48.116669	469.38501	10.517462	36.2514380	-0.349907 	-0.000306	36.441002	0.061631
48.133335	469.562988	10.515282	36.2511860	-0.350159 	-0.000315	36.50375	0.059712
48.150002	469.737	10.496804	36.2509690	-0.350376 	-0.000319	36.564877	0.057127
48.166668	469.911987	10.479891	36.2504690	-0.350876 	-0.000319	36.622124	0.053959
48.183334	470.087006	10.461882	36.2502820	-0.351063 	-0.000324	36.674252	0.050416
48.200001	470.259003	10.450928	36.2496260	-0.351719 	-0.000323	36.723625	0.046692
48.216671	470.433014	10.433483	36.2493440	-0.352001 	-0.00032	36.767624	0.043082
48.233337	470.605011	10.411611	36.2491870	-0.352158 	-0.000316	36.807625	0.039696
48.250004	470.779999	10.36412	36.2489050	-0.352440 	-0.000312	36.843876	0.036606
48.26667	470.95401	10.237543	36.2485620	-0.352783 	-0.000316	36.877125	0.033839
48.283337	471.131989	10.121887	36.2483750	-0.352970 	-0.000311	36.909126	0.031553
48.300003	471.300995	10.012273	36.2480010	-0.353344 	-0.000323	36.938374	0.029691
48.316669	471.468994	9.902161	36.2476580	-0.353687 	-0.000345	36.967499	0.028216
48.333336	471.631989	9.78985	36.2471890	-0.354156 	-0.000356	36.993374	0.027113
48.350002	471.772003	9.719522	36.2468760	-0.354469 	-0.000354	37.017502	0.026318
48.366669	471.937988	9.674843	36.2465630	-0.354782 	-0.000337	37.044624	0.025837
48.383335	472.104004	9.682967	36.2462500	-0.355095 	-0.000309	37.068748	0.025608
48.400002	472.264008	9.726563	36.2456890	-0.355656 	-0.000283	37.093498	0.025472
48.416668	472.423004	9.781078	36.2453770	-0.355968 	-0.000249	37.118874	0.025498
48.433334	472.59201	9.834495	36.2452510	-0.356094 	-0.00022	37.144375	0.025725
48.450001	472.755005	9.829635	36.2452510	-0.356094 	-0.000203	37.171501	0.02593
48.466671	472.92099	9.820828	36.2450640	-0.356281 	-0.000189	37.197498	0.02627
48.483337	473.088989	9.833429	36.2448120	-0.356533 	-0.000184	37.222126	0.026581
48.500004	473.248993	9.849243	36.2447510	-0.356594 	-0.000199	37.247501	0.026756
48.51667	473.408997	9.83561	36.2446250	-0.356720 	-0.000231	37.276875	0.026799
48.533337	473.575012	9.862943	36.2442170	-0.357128 	-0.000262	37.304127	0.026743
48.550003	473.734985	9.903342	36.2439990	-0.357346 	-0.00028	37.331875	0.026603
48.566669	473.903015	9.92623	36.2436870	-0.357658 	-0.000306	37.359749	0.026473
48.583336	474.071991	9.977467	36.2433740	-0.357971 	-0.000337	37.38525	0.026157
48.600002	474.231995	10.034197	36.2429390	-0.358406 	-0.000356	37.410252	0.025695
48.616669	474.406006	10.080539	36.2425920	-0.358753 	-0.000354	37.435749	0.025279
48.633335	474.578003	10.116611	36.2423740	-0.358971 	-0.000359	37.459625	0.024975
48.650002	474.737	10.106156	36.2418440	-0.359501 	-0.000358	37.486252	0.024765
48.666668	474.908997	10.089277	36.2413750	-0.359970 	-0.000358	37.510376	0.024764
48.683334	475.083008	10.073464	36.2410320	-0.360313 	-0.000364	37.534374	0.024935
48.700001	475.253998	10.036377	36.2409060	-0.360439 	-0.00038	37.557499	0.025217
48.716671	475.420013	10.005848	36.2405010	-0.360844 	-0.000385	37.583374	0.025746
48.733337	475.579987	10.011258	36.2401580	-0.361187 	-0.000376	37.608002	0.026409
48.750004	475.744995	10.009061	36.2397190	-0.361626 	-0.000375	37.634377	0.027224
48.76667	475.911011	10.025374	36.2391890	-0.362156 	-0.000376	37.662498	0.027899
48.783337	476.07901	10.02922	36.2386550	-0.362690 	-0.000376	37.690376	0.028382
48.800003	476.242004	10.0581	36.2384380	-0.362907 	-0.000365	37.721249	0.028661
48.816669	476.415985	10.065773	36.2381860	-0.363159 	-0.000356	37.752625	0.02883
48.833336	476.589996	10.032998	36.2378120	-0.363533 	-0.000348	37.782623	0.028731
48.850002	476.760986	9.995927	36.2375300	-0.363815 	-0.00034	37.809875	0.028307
48.866669	476.917999	9.90812	36.2371860	-0.364159 	-0.000325	37.83675	0.027594
48.883335	477.088989	9.802385	36.2368130	-0.364532 	-0.000326	37.865002	0.026514
48.900002	477.248993	9.699846	36.2364390	-0.364906 	-0.000308	37.893002	0.025089
48.916668	477.40799	9.613653	36.2360000	-0.365345 	-0.000296	37.919498	0.023392
48.933334	477.574005	9.550415	36.2357180	-0.365627 	-0.000286	37.943001	0.021364
48.950001	477.721985	9.542775	36.2356870	-0.365658 	-0.000284	37.964626	0.018803
48.966671	477.876007	9.516574	36.2352830	-0.366062 	-0.000283	37.983501	0.01591
48.983337	478.040985	9.525812	36.2352830	-0.366062 	-0.000288	37.997501	0.012942
49.000004	478.197998	9.562333	36.2348440	-0.366501 	-0.000311	38.009125	0.010162
49.01667	478.354004	9.610324	36.2345620	-0.366783 	-0.000332	38.017124	0.007621
49.033337	478.522003	9.65943	36.2340620	-0.367283 	-0.000362	38.019627	0.005516
49.050003	478.678986	9.695385	36.2337800	-0.367565 	-0.000375	38.021999	0.004041
49.066669	478.838989	9.702576	36.2334060	-0.367939 	-0.000397	38.023499	0.003283
49.083336	479.006989	9.724948	36.2327800	-0.368565 	-0.00041	38.025749	0.003278
49.100002	479.171997	9.759322	36.2326240	-0.368721 	-0.000419	38.025749	0.003992
49.116669	479.325989	9.753912	36.2320940	-0.369251 	-0.000407	38.028374	0.005302
49.133335	479.493988	9.775186	36.2317500	-0.369595 	-0.000398	38.033375	0.00689
49.150002	479.653015	9.785522	36.2312810	-0.370064 	-0.000388	38.040249	0.008608
49.166668	479.81601	9.757724	36.2306560	-0.370689 	-0.000378	38.051376	0.010398
49.183334	479.987	9.770791	36.2303730	-0.370972 	-0.000384	38.063999	0.012124
49.200001	480.143005	9.788753	36.2302510	-0.371094 	-0.000384	38.078499	0.013603
49.216671	480.30899	9.801835	36.2299390	-0.371406 	-0.000396	38.093876	0.014834
49.233337	480.473999	9.824707	36.2294690	-0.371876 	-0.00039	38.108749	0.015531
49.250004	480.627014	9.795277	36.2290610	-0.372284 	-0.000394	38.125874	0.015764
49.26667	480.798004	9.764165	36.2285920	-0.372753 	-0.00041	38.14225	0.01551
49.283337	480.959991	9.76633	36.2280620	-0.373283 	-0.000415	38.160126	0.014693
49.300003	481.131012	9.755993	36.2275310	-0.373814 	-0.0004	38.178375	0.0133
49.316669	481.294006	9.739014	36.2274360	-0.373909 	-0.000395	38.190624	0.011466
49.333336	481.444	9.747154	36.2269060	-0.374439 	-0.000385	38.203625	0.009278
49.350002	481.605988	9.739531	36.2265010	-0.374844 	-0.000373	38.21225	0.006948
49.366669	481.770996	9.750483	36.2262800	-0.375065 	-0.000357	38.216873	0.004535
49.383335	481.936005	9.771756	36.2260320	-0.375313 	-0.000352	38.217377	0.002273
49.400002	482.092987	9.821478	36.2253460	-0.375999 	-0.000366	38.216999	0.00038
49.416668	482.260986	9.860263	36.2250940	-0.376251 	-0.000364	38.216	-0.001319
49.433334	482.428986	9.880454	36.2247510	-0.376594 	-0.000378	38.213749	-0.002412
49.450001	482.591003	9.860828	36.2245640	-0.376781 	-0.000394	38.209873	-0.003041
49.466671	482.759003	9.816085	36.2241250	-0.377220 	-0.000399	38.20525	-0.003278
49.483337	482.924011	9.730974	36.2235640	-0.377781 	-0.000399	38.2005	-0.003359
49.500004	483.083008	9.598389	36.2232510	-0.378094 	-0.000404	38.1945	-0.003177
49.51667	483.253998	9.513794	36.2226870	-0.378658 	-0.000401	38.193001	-0.00276
49.533337	483.407013	9.460876	36.2222820	-0.379063 	-0.000389	38.19075	-0.002217
49.550003	483.559998	9.43689	36.2219390	-0.379406 	-0.000372	38.189499	-0.001785
49.566669	483.704987	9.477756	36.2215000	-0.379845 	-0.000358	38.186874	-0.001513
49.583336	483.852997	9.551447	36.2212830	-0.380062 	-0.000354	38.187	-0.001454
49.600002	484.020996	9.631614	36.2209700	-0.380375 	-0.000343	38.187374	-0.001741
49.616669	484.183014	9.746171	36.2207490	-0.380596 	-0.00034	38.187126	-0.00224
49.633335	484.350006	9.819297	36.2202800	-0.381065 	-0.000341	38.183998	-0.002909
49.650002	484.523987	9.90221	36.2198750	-0.381470 	-0.000349	38.180874	-0.003642
49.666668	484.69101	9.927779	36.2195010	-0.381844 	-0.000355	38.176998	-0.004358
49.683334	484.855988	9.913013	36.2191890	-0.382156 	-0.000356	38.171875	-0.00495
49.700001	485.018005	9.909768	36.2189060	-0.382439 	-0.000351	38.164501	-0.005315
49.716671	485.171997	9.901662	36.2185330	-0.382812 	-0.000348	38.157749	-0.005414
49.733337	485.345001	9.885315	36.2180330	-0.383312 	-0.00035	38.151249	-0.005359
49.750004	485.506989	9.908219	36.2178420	-0.383503 	-0.000353	38.147125	-0.005118
49.76667	485.674988	9.927878	36.2174680	-0.383877 	-0.000364	38.14175	-0.004744
49.783337	485.84201	9.948586	36.2172200	-0.384125 	-0.000374	38.137249	-0.004328
49.800003	486.01001	9.985107	36.2166860	-0.384659 	-0.000382	38.133373	-0.003939
49.816669	486.171997	9.977434	36.2163120	-0.385033 	-0.000386	38.129749	-0.003663
49.833336	486.34201	9.993231	36.2160000	-0.385345 	-0.000392	38.126751	-0.003445
49.850002	486.503998	10.004666	36.2155000	-0.385845 	-0.000385	38.123501	-0.003191
49.866669	486.669006	10.021545	36.2150960	-0.386249 	-0.000377	38.119877	-0.002991
49.883335	486.842987	10.037925	36.2146570	-0.386688 	-0.000359	38.117748	-0.002826
49.900002	487.006989	10.059765	36.2143440	-0.387001 	-0.000347	38.113998	-0.002655
49.916668	487.174988	10.048328	36.2140620	-0.387283 	-0.000336	38.111752	-0.002528
49.933334	487.345001	10.041321	36.2137790	-0.387566 	-0.000319	38.109627	-0.002321
49.950001	487.513	10.036926	36.2134360	-0.387909 	-0.000302	38.107376	-0.002102
49.966671	487.679993	10.039124	36.2131580	-0.388187 	-0.000293	38.105125	-0.002078
49.983337	487.847992	10.092057	36.2128450	-0.388500 	-0.000295	38.1035	-0.002129
50.000004	488.009003	10.140547	36.2125020	-0.388843 	-0.000304	38.100876	-0.002306
50.01667	488.174011	10.184709	36.2122500	-0.389095 	-0.000326	38.100498	-0.002705
50.033337	488.346985	10.238192	36.2120930	-0.389252 	-0.000351	38.099377	-0.003338
50.050003	488.519989	10.279125	36.2117200	-0.389625 	-0.000372	38.094624	-0.004279
50.066669	488.700012	10.246948	36.2113420	-0.390003 	-0.000397	38.0905	-0.005388
50.083336	488.872986	10.177668	36.2109070	-0.390438 	-0.00041	38.08675	-0.006615
50.100002	489.042999	10.074563	36.2102510	-0.391094 	-0.000426	38.079124	-0.007901
50.116669	489.216003	9.972075	36.2097820	-0.391563 	-0.000437	38.07	-0.008995
50.133335	489.384003	9.868902	36.2094690	-0.391876 	-0.000427	38.057999	-0.00984
50.150002	489.531006	9.793579	36.2089080	-0.392437 	-0.000413	38.047127	-0.010637
50.166668	489.686005	9.733054	36.2087170	-0.392628 	-0.000398	38.034874	-0.011262
50.183334	489.847992	9.710699	36.2082480	-0.393097 	-0.000369	38.022999	-0.01172
50.200001	490.018005	9.714495	36.2077830	-0.393562 	-0.000351	38.012123	-0.012242
50.216671	490.178986	9.707952	36.2075610	-0.393784 	-0.000331	38.001251	-0.012803
50.233337	490.347992	9.743392	36.2071880	-0.394157 	-0.000315	37.988377	-0.013513
50.250004	490.502991	9.75273	36.2067490	-0.394596 	-0.000312	37.975876	-0.014286
50.26667	490.670013	9.72658	36.2066570	-0.394688 	-0.000304	37.961124	-0.015117
50.283337	490.834991	9.683516	36.2063450	-0.395000 	-0.000308	37.943748	-0.015974
50.300003	490.981995	9.687894	36.2061880	-0.395157 	-0.000324	37.92675	-0.016696
50.316669	491.148987	9.688443	36.2057500	-0.395595 	-0.000331	37.909248	-0.017221
50.333336	491.31601	9.732589	36.2054060	-0.395939 	-0.000347	37.891125	-0.017585
50.350002	491.473999	9.757641	36.2050320	-0.396313 	-0.000366	37.873375	-0.017694
50.366669	491.631012	9.789885	36.2045940	-0.396751 	-0.000377	37.854752	-0.01761
50.383335	491.800995	9.812256	36.2041550	-0.397190 	-0.000393	37.837124	-0.017441
50.400002	491.963013	9.770741	36.2039070	-0.397438 	-0.000392	37.8195	-0.017068
50.416668	492.132996	9.73144	36.2034070	-0.397938 	-0.000387	37.802124	-0.016327
50.433334	492.296997	9.715659	36.2031250	-0.398220 	-0.000382	37.7855	-0.015269
50.450001	492.458008	9.695484	36.2026860	-0.398659 	-0.000378	37.769375	-0.013899
50.466671	492.614014	9.667103	36.2021560	-0.399189 	-0.000367	37.75375	-0.012381
50.483337	492.769989	9.674194	36.2018740	-0.399471 	-0.000365	37.740623	-0.010751
50.500004	492.928009	9.667669	36.2016260	-0.399719 	-0.000347	37.732498	-0.009298
50.51667	493.09201	9.692188	36.2012180	-0.400127 	-0.000355	37.725876	-0.008261
50.533337	493.256012	9.73144	36.2008130	-0.400532 	-0.000355	37.721001	-0.007752
50.550003	493.42099	9.778381	36.2006260	-0.400719 	-0.000349	37.716125	-0.007862
50.566669	493.588013	9.811707	36.2001880	-0.401157 	-0.00036	37.712002	-0.008599
50.583336	493.746002	9.802401	36.2000310	-0.401314 	-0.000363	37.70425	-0.009894
50.600002	493.910004	9.798556	36.1992800	-0.402065 	-0.000359	37.692875	-0.01165
50.616669	494.074005	9.821461	36.1989670	-0.402378 	-0.000361	37.679375	-0.013557
50.633335	494.239014	9.8171	36.1988140	-0.402531 	-0.000374	37.663876	-0.01544
50.650002	494.403015	9.804482	36.1982800	-0.403065 	-0.000391	37.647751	-0.017064
50.666668	494.558014	9.74995	36.1980320	-0.403313 	-0.000398	37.630001	-0.018079
50.683334	494.727997	9.6561	36.1977200	-0.403625 	-0.000391	37.607498	-0.018373
50.700001	494.901001	9.585172	36.1972810	-0.404064 	-0.000403	37.587124	-0.017858
50.716671	495.056	9.537165	36.1967510	-0.404594 	-0.00041	37.56575	-0.016709
50.733337	495.214996	9.477173	36.1960640	-0.405281 	-0.000414	37.546249	-0.015044
50.750004	495.358002	9.456532	36.1959080	-0.405437 	-0.000427	37.530624	-0.013085
50.76667	495.507996	9.457697	36.1955300	-0.405815 	-0.00042	37.519501	-0.011045
50.783337	495.671997	9.47674	36.1951260	-0.406219 	-0.000407	37.514	-0.009374
50.800003	495.835999	9.558571	36.1947820	-0.406563 	-0.000394	37.508373	-0.008141
50.816669	495.985992	9.628934	36.1941870	-0.407158 	-0.000382	37.504124	-0.007692
50.833336	496.153015	9.704224	36.1937180	-0.407627 	-0.000382	37.498001	-0.007884
50.850002	496.325012	9.75273	36.1935310	-0.407814 	-0.000375	37.491123	-0.00844
50.866669	496.480988	9.761436	36.1931570	-0.408188 	-0.000373	37.48225	-0.009283
50.883335	496.647003	9.794727	36.1927490	-0.408596 	-0.000371	37.472	-0.010048
50.900002	496.806	9.849243	36.1924710	-0.408874 	-0.000373	37.457375	-0.010738
50.916668	496.96701	9.859564	36.1921580	-0.409187 	-0.000382	37.445	-0.011272
50.933334	497.135986	9.879272	36.1917190	-0.409626 	-0.000393	37.435501	-0.011701
50.950001	497.296997	9.927862	36.1912500	-0.410095 	-0.000392	37.4235	-0.01226
50.966671	497.46701	9.931075	36.1908450	-0.410500 	-0.000398	37.412624	-0.012893
50.983337	497.636993	9.920754	36.1903420	-0.411003 	-0.000409	37.400749	-0.013726
51.000004	497.800995	9.919073	36.1899990	-0.411346 	-0.000411	37.387749	-0.014955
51.01667	497.96701	9.91418	36.1896860	-0.411659 	-0.000402	37.374126	-0.016378
51.033337	498.134003	9.914129	36.1893770	-0.411968 	-0.000404	37.354752	-0.017756
51.050003	498.291992	9.903725	36.1888120	-0.412533 	-0.000408	37.336498	-0.019104
51.066669	498.450012	9.884699	36.1883430	-0.413002 	-0.000405	37.31525	-0.020223
51.083336	498.622986	9.863409	36.1880000	-0.413345 	-0.000412	37.292751	-0.021023
51.100002	498.791992	9.82682	36.1877170	-0.413628 	-0.000415	37.270374	-0.021328
51.116669	498.955994	9.793046	36.1870960	-0.414249 	-0.000413	37.247875	-0.021121
51.133335	499.122986	9.789817	36.1867180	-0.414627 	-0.00041	37.225376	-0.020663
51.150002	499.281006	9.325644	36.1864360	-0.414909 	-0.000394	37.203876	-0.01919
51.166668	499.438995	8.486805	36.1859360	-0.415409 	-0.000366	37.183376	-0.017032
51.183334	499.596985	7.408431	36.1855620	-0.415783 	-0.000323	37.166374	-0.01445
51.200005	499.757996	6.171886	36.1851580	-0.416187 	-0.000266	37.14975	-0.011642
51.216671	499.927002	4.852978	36.1846580	-0.416687 	-0.000214	37.133625	-0.008818
