TPASCII2	ASCIIVERSION	VERSION	測定ﾃﾞｰﾀ数	分割表示種別
#IH	ASCII_VERSION	"TP2 MeasFile Version 1.30"	1	左右に並べて表示
ユーザー情報	ユーザー名	会社名	住所
#IU	""	""	""
X軸	最小値	最大値	単位系	色	TIME単位	TIME最小	TIME最大	TEMP単位	TEMP最小	TEMP最大	SS単位	SS最小	SS最大
#IX	1	0	Time	0	min	0.000000	51.433334	℃	25.757999	499.924011	""	0.000000	0.000000
Y軸	ｸﾞﾗﾌﾃﾞｰﾀID	ｸﾞﾗﾌﾃﾞｰﾀ種別	描画有無	ｸﾞﾗﾌ色	ｸﾞﾗﾌ線種	Y軸単位	生ﾃﾞｰﾀ最小値	生ﾃﾞｰﾀ最大値	ﾚｺｰﾄﾞ最小値	ﾚｺｰﾄﾞ最大値
#IY	1	Temp.	1	255	実線	℃	20.504841	589.912964	0	0
#IY	2	TG	1	32768	実線	mg	29.864033	34.864033	0	0
#IY	3	DTA	1	16711680	実線	μV	-68.741127	131.258881	0	0
ﾍﾟｰｼﾞ設定ﾃﾞｰﾀ	ﾌｧｲﾙ名	用紙向き	ｶﾗｰ出力	多重出力	温度ﾌﾟﾛｸﾞﾗﾑ出力	ﾕｰｻﾞｰ名出力
#IP	""	Portrait	1	0	0	0
ｱｸｾｽ情報	作成日付	作成種別	作成者	更新日付	更新種別
#IA	"2023/07/18 14:44:17"	2	""	"2023/07/18 14:44:17"	2
#MS	3087
測定ﾃﾞｰﾀ	装置ID	装置情報	ﾄﾞｷｭﾒﾝﾄ用ﾓｼﾞｭｰﾙ種別	ﾄﾞｷｭﾒﾝﾄ用ﾌｧｲﾙ名	描画有無
#MI	-65279	TG_DTA_TWIN	TG-DTA	"D:\吉田研究室\23 伊藤\230718-29-Ir(ppy)2(phen).MES"	1
温度ﾌﾟﾛｸﾞﾗﾑ	ﾌｧｲﾙ名	装置種別	装置ID	開始温度	開始温度単位	元ｻﾝﾌﾟﾘﾝｸﾞ時間	ｻﾝﾌﾟﾘﾝｸﾞ時間	ｽﾃｯﾌﾟ数	ﾀﾞｲﾅﾐｯｸTG測定ﾓｰﾄﾞ	質量変化速度	質量変化速度単位	感度	分解能	制御周期値	制御振幅	DRC測定ﾓｰﾄﾞ	理論収縮率	制御定数	CRD収縮速度	制御開始温度	制御開始温度単位	制御終了温度	制御終了温度単位	多段の膨張／収縮	関数の膨張／収縮
#TI	"D:\吉田研究室\23 伊藤\al500-10.TPG"	4	0	30.000000	℃	1.000000	1.000000	1	""	0.000000	""	0	0	0	0	""	0.000000	0.000000	0.000000	0.000000	""	0.000000	""	""	""
ｽﾃｯﾌﾟ情報	設定温度	設定温度単位	昇温速度	昇温速度単位	保持時間	保持時間単位	記録	ﾊﾞﾙﾌﾞ1	ﾊﾞﾙﾌﾞ2	湿度	繰り返し回数	繰り返し開始ｽﾃｯﾌﾟ	荷重ﾓｰﾄﾞ	設定速度(mN/m)	設定値(mN)	周期(Hz)	振幅(mN)
#TL	500.000000	℃	10.000000	℃/min	0	min	1	0	0	0.0	1	0	""	0.000000	0.000000	0.000000	0.000000
測定条件	ﾌｧｲﾙ名	装置種別	装置ID	試料名	基準試料名	雰囲気	ｵﾍﾟﾚｰﾀ名	機種名	備考1	備考2	ﾃﾞｨｽｸ保存	自動解析	自動解析ﾌｧｲﾙ名	試料重量(mg)	試料容器	試料長	試料形状	半径(mm)	横(mm)	縦(mm)	基準試料長(mm)	TMA荷重(mN)	荷重補正長(mm)
#MC	"D:\吉田研究室\23 伊藤\Ito.MCD                                                                                                                                                                                                                                  "	0	0	"Ir(ppy)2(phen)"	"Al2O3"	"N2 200mL/min"	""	"TG8120"	"2021-10-13"	""	1	0	""	6.300000	"Al"	0.000000	""	0.000000	0.000000	0.000000	0.000000	0.000000	0.000000
昇降温ﾃﾞｰﾀ	昇温／降温	開始ﾚｺｰﾄﾞ番号	終了ﾚｺｰﾄﾞ番号
#HD	HEATING	0	3086
X軸	最小値	最大値	単位系	色	TIME単位	TIME最小	TIME最大	TEMP単位	TEMP最小	TEMP最大	SS単位	SS最小	SS最大
#MX	1	0	Time	0	min	0.000000	51.433334	℃	25.757999	499.924011	""	0.000000	0.000000
Y軸	ｸﾞﾗﾌﾃﾞｰﾀID	ｸﾞﾗﾌﾃﾞｰﾀ種別	描画有無	ｸﾞﾗﾌ色	ｸﾞﾗﾌ線種	Y軸単位	生ﾃﾞｰﾀ最小値	生ﾃﾞｰﾀ最大値	ﾚｺｰﾄﾞ最小値	ﾚｺｰﾄﾞ最大値
#MY	1	Temp.	1	255	実線	℃	20.504841	589.912964	0	0
#MY	2	TG	1	32768	実線	mg	29.864033	34.864033	0	0
#MY	3	DTA	1	16711680	実線	μV	-68.741127	131.258881	0	0
ｸﾞﾗﾌﾃﾞｰﾀ	ｸﾞﾗﾌID	ｸﾞﾗﾌ種別	描画有無	最小	最大	TMAベース演算	基準温度	基準TMA	補正初期長さ	ｸﾞﾗﾌ色	ｸﾞﾗﾌ線種	親ｸﾞﾗﾌﾃﾞｰﾀID	子ｸﾞﾗﾌﾃﾞｰﾀID	子ｸﾞﾗﾌﾃﾞｰﾀID	子ｸﾞﾗﾌﾃﾞｰﾀID	子ｸﾞﾗﾌﾃﾞｰﾀID	ﾚｺｰﾄﾞ数
#GI	1	Temp.	1	25.757999	499.924011	0	0.000000	0.000000	0.000000	255	実線	0	0	0	0	0	3087
#GI	-1	DTemp.	0	0.000000	0.000000	0	0.000000	0.000000	0.000000	0	実線	0	0	0	0	0	0
#GI	2	TG	1	32.856186	34.809593	0	0.000000	0.000000	0.000000	32768	実線	0	0	0	0	0	3087
#GI	-1	DTG	0	0.000000	0.000000	0	0.000000	0.000000	0.000000	0	実線	0	0	0	0	0	0
#GI	3	DTA	1	-0.197750	48.139626	0	0.000000	0.000000	0.000000	16711680	実線	0	0	0	0	0	3087
#GI	-1	DDTA	0	0.000000	0.000000	0	0.000000	0.000000	0.000000	0	実線	0	0	0	0	0	0
	Time(min)	Temp.(℃)	DTemp.(℃/min)	TG(mg)	DTG(mg/s)	DTA(μV)	DDTA(μV/s)
#GD	0.000000	25.784000	-0.130915	34.808811	0.000021	-0.197750	0.000258
#GD	0.016667	25.768000	-0.130915	34.808876	0.000025	-0.196250	0.000382
#GD	0.033333	25.768000	-0.122188	34.808876	0.000027	-0.196750	0.000500
#GD	0.050000	25.768000	-0.104732	34.808968	0.000027	-0.196625	0.000560
#GD	0.066667	25.768000	-0.062184	34.808998	0.000024	-0.196125	0.000576
#GD	0.083333	25.768000	-0.014181	34.808998	0.000017	-0.194750	0.000542
#GD	0.100000	25.768000	0.052910	34.809032	0.000004	-0.193375	0.000624
#GD	0.116667	25.768000	0.070363	34.809032	0.000002	-0.192625	0.000769
#GD	0.133333	25.768000	0.051818	34.809032	-0.000003	-0.192875	0.000866
#GD	0.150000	25.774000	0.033272	34.808998	-0.000001	-0.192875	0.000978
#GD	0.166667	25.774000	0.014726	34.808968	-0.000003	-0.193000	0.001030
#GD	0.183333	25.778999	-0.003819	34.808846	-0.000004	-0.189500	0.001119
#GD	0.200000	25.778999	-0.035999	34.809032	-0.000000	-0.188250	0.001275
#GD	0.216667	25.768000	-0.065452	34.808998	-0.000003	-0.187125	0.001405
#GD	0.233333	25.768000	-0.078544	34.809063	-0.000005	-0.185000	0.001445
#GD	0.250000	25.768000	-0.071998	34.808968	-0.000011	-0.184625	0.001350
#GD	0.266667	25.768000	-0.062179	34.808968	-0.000016	-0.183125	0.001153
#GD	0.283333	25.763000	-0.046360	34.809032	-0.000022	-0.181000	0.001041
#GD	0.300000	25.763000	-0.035454	34.808876	-0.000016	-0.180000	0.000911
#GD	0.316667	25.768000	-0.049092	34.808876	-0.000005	-0.179125	0.000772
#GD	0.333333	25.768000	-0.057276	34.808811	0.000008	-0.179375	0.000693
#GD	0.350000	25.768000	-0.060004	34.808811	0.000012	-0.178750	0.000525
#GD	0.366667	25.763000	-0.057279	34.808907	0.000015	-0.178250	0.000418
#GD	0.383333	25.757999	-0.065459	34.808968	0.000015	-0.177875	0.000315
#GD	0.400000	25.757999	-0.070912	34.809093	0.000015	-0.177375	0.000217
#GD	0.416667	25.757999	-0.057276	34.809093	0.000008	-0.176625	0.000159
#GD	0.433333	25.757999	-0.024545	34.808998	0.000000	-0.177375	0.000091
#GD	0.450000	25.757999	0.024545	34.808998	-0.000014	-0.176375	0.000060
#GD	0.466667	25.757999	0.043642	34.808846	-0.000025	-0.177500	0.000005
#GD	0.483333	25.757999	0.046370	34.808998	-0.000026	-0.177875	-0.000111
#GD	0.500000	25.757999	0.060006	34.808876	-0.000019	-0.177625	-0.000251
#GD	0.516667	25.763000	0.054552	34.808937	-0.000017	-0.177250	-0.000339
#GD	0.533333	25.768000	0.046370	34.808811	-0.000014	-0.176750	-0.000428
#GD	0.550000	25.763000	0.035461	34.808781	-0.000013	-0.177500	-0.000574
#GD	0.566667	25.763000	0.021824	34.808907	-0.000017	-0.179125	-0.000740
#GD	0.583333	25.768000	0.035458	34.808907	-0.000008	-0.180500	-0.000833
#GD	0.600000	25.763000	0.053998	34.808750	0.000000	-0.180875	-0.000811
#GD	0.616667	25.763000	0.091091	34.808846	0.000007	-0.180875	-0.000669
#GD	0.633333	25.763000	0.149455	34.808750	0.000014	-0.184000	-0.000475
#GD	0.650000	25.763000	0.193091	34.808781	0.000016	-0.184625	-0.000306
#GD	0.666667	25.774000	0.363817	34.808876	0.000022	-0.184000	-0.000164
#GD	0.683333	25.778999	0.561813	34.808968	0.000024	-0.183000	-0.000069
#GD	0.700000	25.784000	0.715631	34.808876	0.000017	-0.181875	0.000066
#GD	0.716667	25.790001	0.893449	34.809032	0.000013	-0.182250	0.000257
#GD	0.733333	25.795000	1.091450	34.808998	0.000007	-0.183000	0.000295
#GD	0.750000	25.848000	1.273089	34.808998	0.000007	-0.182750	0.000241
#GD	0.766667	25.868999	1.503818	34.808907	0.000007	-0.182875	0.000201
#GD	0.783333	25.879000	1.727453	34.808907	0.000008	-0.182000	0.000331
#GD	0.800000	25.910999	1.967457	34.808876	0.000011	-0.181000	0.000606
#GD	0.816667	25.948000	2.168186	34.808968	0.000016	-0.180625	0.000945
#GD	0.833333	25.979000	2.320366	34.809093	0.000013	-0.181250	0.001302
#GD	0.850000	26.027000	2.554913	34.809063	0.000013	-0.181000	0.001665
#GD	0.866667	26.069000	2.764368	34.808998	0.000005	-0.177875	0.002075
#GD	0.883333	26.127001	2.882184	34.809155	-0.000001	-0.175000	0.002544
#GD	0.900000	26.174000	2.990182	34.809063	-0.000010	-0.171750	0.003045
#GD	0.916667	26.226999	3.104181	34.808937	-0.000013	-0.168375	0.003619
#GD	0.933333	26.280001	3.220360	34.808998	-0.000013	-0.165625	0.004162
#GD	0.950000	26.332001	3.313636	34.808937	-0.000012	-0.161000	0.004759
#GD	0.966667	26.379000	3.372545	34.808968	-0.000014	-0.156375	0.005407
#GD	0.983333	26.437000	3.531274	34.808968	-0.000004	-0.151750	0.006110
#GD	1.000000	26.500000	3.690001	34.808998	0.000006	-0.144750	0.006825
#GD	1.016667	26.573999	3.870545	34.808937	0.000005	-0.137500	0.007509
#GD	1.033333	26.627001	4.015092	34.808937	0.000010	-0.127875	0.008119
#GD	1.050000	26.684000	4.158550	34.808937	0.000010	-0.119875	0.008808
#GD	1.066667	26.774000	4.239820	34.808998	0.000014	-0.110500	0.009465
#GD	1.083333	26.847000	4.283457	34.809093	0.000017	-0.101250	0.010015
#GD	1.100000	26.926001	4.314003	34.808998	0.000019	-0.091875	0.010531
#GD	1.116667	26.989000	4.378365	34.809063	0.000023	-0.081500	0.011017
#GD	1.133333	27.068001	4.415999	34.809032	0.000019	-0.068500	0.011503
#GD	1.150000	27.136000	4.369091	34.809124	0.000010	-0.056250	0.011883
#GD	1.166667	27.204000	4.429636	34.809124	0.000003	-0.044125	0.012282
#GD	1.183333	27.277000	4.550177	34.809093	0.000004	-0.031750	0.012597
#GD	1.200000	27.356001	4.665266	34.809219	-0.000003	-0.018500	0.012826
#GD	1.216667	27.438999	4.725810	34.809124	-0.000006	-0.006250	0.012933
#GD	1.233333	27.502001	4.795084	34.809032	-0.000001	0.006125	0.013101
#GD	1.250000	27.597000	4.847992	34.809032	0.000016	0.020500	0.013280
#GD	1.266667	27.695999	4.879084	34.809093	0.000036	0.033750	0.013484
#GD	1.283333	27.768999	4.893267	34.809032	0.000040	0.047625	0.013680
#GD	1.300000	27.841999	4.921091	34.809063	0.000045	0.060375	0.013945
#GD	1.316667	27.921000	4.970184	34.809250	0.000039	0.074500	0.014126
#GD	1.333333	28.004000	4.985463	34.809467	0.000033	0.088625	0.014253
#GD	1.350000	28.087999	5.054739	34.809593	0.000021	0.103625	0.014472
#GD	1.366667	28.171000	5.188917	34.809376	0.000008	0.118125	0.014648
#GD	1.383333	28.260000	5.308918	34.809311	-0.000011	0.133750	0.014842
#GD	1.400000	28.349001	5.389641	34.809189	-0.000026	0.147625	0.015006
#GD	1.416667	28.443001	5.442004	34.809311	-0.000033	0.162375	0.015148
#GD	1.433333	28.537001	5.511818	34.809250	-0.000028	0.178375	0.015335
#GD	1.450000	28.629999	5.580543	34.809189	-0.000010	0.193125	0.015497
#GD	1.466667	28.724001	5.636720	34.809155	-0.000009	0.208750	0.015648
#GD	1.483333	28.813000	5.704899	34.809219	-0.000005	0.225000	0.015749
#GD	1.500000	28.902000	5.746902	34.809219	-0.000005	0.240500	0.015750
#GD	1.516667	29.004999	5.765996	34.809189	0.000002	0.257750	0.015767
#GD	1.533333	29.104000	5.803088	34.809280	0.000000	0.273000	0.015786
#GD	1.550000	29.202999	5.852721	34.809124	-0.000004	0.289250	0.015670
#GD	1.566667	29.306999	5.912178	34.809189	-0.000002	0.303625	0.015600
#GD	1.583333	29.400000	5.973272	34.809250	0.000007	0.318750	0.015589
#GD	1.600000	29.489000	6.011458	34.809250	0.000015	0.335625	0.015594
#GD	1.616667	29.591999	6.075277	34.809124	0.000016	0.351125	0.015614
#GD	1.633333	29.695999	6.124368	34.809124	0.000014	0.365000	0.015615
#GD	1.650000	29.799999	6.169640	34.809280	0.000003	0.381625	0.015786
#GD	1.666667	29.909000	6.228003	34.809376	-0.000004	0.398000	0.015949
#GD	1.683333	30.013000	6.260732	34.809406	-0.000006	0.414375	0.016066
#GD	1.700000	30.121000	6.279277	34.809311	-0.000005	0.428750	0.016309
#GD	1.716667	30.219999	6.285820	34.809155	-0.000019	0.444250	0.016570
#GD	1.733333	30.323000	6.300002	34.809124	-0.000035	0.462750	0.016675
#GD	1.750000	30.427000	6.302725	34.809155	-0.000051	0.480000	0.016861
#GD	1.766667	30.530001	6.324543	34.809155	-0.000049	0.496125	0.016998
#GD	1.783333	30.643999	6.365999	34.809219	-0.000042	0.514125	0.017064
#GD	1.800000	30.747000	6.404728	34.809032	-0.000033	0.531625	0.016906
#GD	1.816667	30.856001	6.413997	34.808968	-0.000034	0.547625	0.016658
#GD	1.833333	30.959000	6.418364	34.808750	-0.000034	0.566000	0.016467
#GD	1.850000	31.066999	6.404727	34.808907	-0.000032	0.582125	0.016255
#GD	1.866667	31.181000	6.397639	34.808907	-0.000022	0.597750	0.016069
#GD	1.883333	31.284000	6.414001	34.808968	-0.000012	0.612250	0.015868
#GD	1.900000	31.386999	6.464730	34.808846	-0.000007	0.628375	0.015648
#GD	1.916667	31.495001	6.541644	34.808876	-0.000003	0.644250	0.015405
#GD	1.933333	31.598000	6.579282	34.808811	-0.000005	0.659375	0.015364
#GD	1.950000	31.711000	6.621280	34.808907	-0.000008	0.676500	0.015292
#GD	1.966667	31.819000	6.698188	34.808811	-0.000008	0.690625	0.015085
#GD	1.983333	31.943001	6.771824	34.808811	-0.000011	0.704500	0.014716
#GD	2.000000	32.061001	6.831276	34.808846	-0.000011	0.719375	0.014314
#GD	2.016667	32.164001	6.890731	34.808937	-0.000003	0.736125	0.013485
#GD	2.033334	32.277000	6.908726	34.808781	0.000004	0.750125	0.012487
#GD	2.050000	32.395000	6.929451	34.808811	0.000014	0.762000	0.011542
#GD	2.066667	32.513000	6.933813	34.808655	0.000013	0.773875	0.010597
#GD	2.083333	32.630001	6.979635	34.808811	0.000005	0.786125	0.009648
#GD	2.100000	32.749001	7.023818	34.808937	-0.000004	0.789250	0.008732
#GD	2.116667	32.861000	7.017273	34.808998	-0.000003	0.796375	0.008116
#GD	2.133333	32.979000	7.015095	34.808998	-0.000011	0.804375	0.007639
#GD	2.150000	33.097000	7.034180	34.808876	-0.000018	0.813000	0.007194
#GD	2.166667	33.219002	7.008543	34.808750	-0.000036	0.820750	0.006877
#GD	2.183333	33.332001	6.990544	34.808655	-0.000051	0.826875	0.006694
#GD	2.200000	33.444000	7.010724	34.808750	-0.000062	0.834875	0.006255
#GD	2.216667	33.566002	7.055447	34.808689	-0.000068	0.840875	0.005726
#GD	2.233333	33.689999	7.136169	34.808655	-0.000068	0.845500	0.005236
#GD	2.250000	33.791000	7.157443	34.808563	-0.000072	0.850750	0.004727
#GD	2.266667	33.909000	7.171630	34.808437	-0.000078	0.854375	0.004209
#GD	2.283334	34.035999	7.198355	34.808311	-0.000093	0.858625	0.003627
#GD	2.300000	34.167999	7.179807	34.808189	-0.000097	0.862000	0.003193
#GD	2.316667	34.300999	7.195635	34.808189	-0.000095	0.866375	0.002820
#GD	2.333333	34.402000	7.216365	34.808064	-0.000097	0.868000	0.002490
#GD	2.350000	34.514000	7.173819	34.808033	-0.000097	0.869500	0.002190
#GD	2.366667	34.641998	7.098545	34.807781	-0.000101	0.870500	0.001862
#GD	2.383333	34.752998	7.026552	34.807751	-0.000107	0.872875	0.001628
#GD	2.400000	34.881001	7.020555	34.807751	-0.000113	0.874625	0.001464
#GD	2.416667	34.997002	7.076186	34.807499	-0.000109	0.876750	0.001410
#GD	2.433333	35.113998	7.105639	34.807438	-0.000102	0.877375	0.001309
#GD	2.450000	35.224998	7.134007	34.807281	-0.000095	0.877750	0.001195
#GD	2.466667	35.337002	7.230001	34.807156	-0.000100	0.879375	0.000935
#GD	2.483333	35.463001	7.210901	34.807064	-0.000103	0.881000	0.000640
#GD	2.500000	35.584999	7.156902	34.807064	-0.000098	0.882000	0.000384
#GD	2.516667	35.710999	7.059821	34.807064	-0.000104	0.882125	0.000226
#GD	2.533334	35.838001	6.958366	34.806873	-0.000104	0.882875	0.000098
#GD	2.550000	35.973999	6.877090	34.806717	-0.000115	0.881125	-0.000145
#GD	2.566667	36.064999	6.797456	34.806564	-0.000121	0.879625	-0.000406
#GD	2.583333	36.160999	6.828548	34.806499	-0.000131	0.879750	-0.000683
#GD	2.600000	36.262001	6.905455	34.806313	-0.000131	0.880375	-0.000942
#GD	2.616667	36.373001	7.047274	34.806282	-0.000128	0.881000	-0.001076
#GD	2.633333	36.499001	7.189645	34.806000	-0.000132	0.878750	-0.001151
#GD	2.650000	36.619999	7.419273	34.806000	-0.000137	0.876625	-0.001231
#GD	2.666667	36.765999	7.594903	34.805782	-0.000144	0.873750	-0.001352
#GD	2.683333	36.896999	7.721995	34.805752	-0.000141	0.871500	-0.001451
#GD	2.700000	37.032001	7.741085	34.805561	-0.000133	0.872000	-0.001505
#GD	2.716667	37.144001	7.734546	34.805344	-0.000124	0.870375	-0.001497
#GD	2.733334	37.273998	7.735091	34.805187	-0.000126	0.869875	-0.001481
#GD	2.750000	37.404999	7.735095	34.805031	-0.000122	0.868500	-0.001547
#GD	2.766667	37.540001	7.795091	34.805000	-0.000130	0.866625	-0.001706
#GD	2.783334	37.654999	7.868731	34.805061	-0.000131	0.864250	-0.001928
#GD	2.800000	37.791000	7.953277	34.804844	-0.000136	0.861625	-0.001944
#GD	2.816667	37.925999	7.932557	34.804688	-0.000149	0.860625	-0.002015
#GD	2.833333	38.066002	7.894374	34.804531	-0.000169	0.857750	-0.002094
#GD	2.850000	38.202000	7.872004	34.804249	-0.000190	0.855375	-0.002231
#GD	2.866667	38.337002	7.876373	34.804127	-0.000200	0.853000	-0.002340
#GD	2.883333	38.466999	7.828364	34.803936	-0.000200	0.853250	-0.002495
#GD	2.900000	38.581001	7.785819	34.803688	-0.000202	0.850250	-0.002616
#GD	2.916667	38.706001	7.738360	34.803406	-0.000194	0.846625	-0.002633
#GD	2.933333	38.841000	7.732361	34.803219	-0.000189	0.842375	-0.002630
#GD	2.950000	38.976002	7.785268	34.803123	-0.000192	0.840000	-0.002556
#GD	2.966667	39.105999	7.862179	34.802906	-0.000196	0.836500	-0.002414
#GD	2.983334	39.235001	7.906353	34.802689	-0.000200	0.834875	-0.002059
#GD	3.000000	39.360001	7.915085	34.802658	-0.000201	0.833000	-0.001580
#GD	3.016667	39.493999	7.882911	34.802376	-0.000203	0.831375	-0.001040
#GD	3.033334	39.638000	7.884004	34.802124	-0.000215	0.830500	-0.000467
#GD	3.050000	39.771999	7.913456	34.801811	-0.000219	0.829875	0.000225
#GD	3.066667	39.890999	7.983272	34.801563	-0.000220	0.829625	0.000903
#GD	3.083333	40.026001	8.038907	34.801468	-0.000219	0.831250	0.001687
#GD	3.100000	40.150002	8.034546	34.801342	-0.000212	0.833125	0.002530
#GD	3.116667	40.289001	8.003455	34.800938	-0.000212	0.836250	0.003349
#GD	3.133333	40.426998	8.022004	34.800751	-0.000212	0.840500	0.004194
#GD	3.150000	40.576000	8.074362	34.800625	-0.000211	0.844500	0.005158
#GD	3.166667	40.709999	8.041081	34.800468	-0.000216	0.850375	0.006218
#GD	3.183333	40.833000	8.039992	34.800186	-0.000220	0.857000	0.007328
#GD	3.200000	40.957001	7.989811	34.799873	-0.000219	0.863250	0.008501
#GD	3.216667	41.095001	7.964724	34.799686	-0.000232	0.871250	0.009769
#GD	3.233334	41.237999	7.972906	34.799595	-0.000242	0.882750	0.011172
#GD	3.250000	41.356998	8.040001	34.799313	-0.000241	0.895750	0.012640
#GD	3.266667	41.500000	8.116902	34.799000	-0.000235	0.908125	0.014153
#GD	3.283334	41.627998	8.165995	34.798752	-0.000233	0.922625	0.015785
#GD	3.300000	41.765999	8.171995	34.798439	-0.000231	0.938875	0.017435
#GD	3.316667	41.908001	8.186728	34.798218	-0.000221	0.957250	0.018975
#GD	3.333333	42.047001	8.257090	34.798092	-0.000205	0.977250	0.020550
#GD	3.350000	42.183998	8.299092	34.797905	-0.000195	0.997750	0.022207
#GD	3.366667	42.320999	8.348730	34.797626	-0.000185	1.021875	0.023925
#GD	3.383333	42.453999	8.346542	34.797501	-0.000174	1.047750	0.025699
#GD	3.400000	42.591000	8.323084	34.797405	-0.000168	1.072625	0.027548
#GD	3.416667	42.738998	8.335630	34.797218	-0.000165	1.099875	0.029352
#GD	3.433333	42.886002	8.355277	34.796936	-0.000153	1.129500	0.031097
#GD	3.450000	43.022999	8.377092	34.796844	-0.000139	1.162750	0.032752
#GD	3.466667	43.154999	8.411999	34.796719	-0.000130	1.197500	0.034241
#GD	3.483334	43.286999	8.422367	34.796593	-0.000126	1.234625	0.035537
#GD	3.500000	43.433998	8.409275	34.796406	-0.000123	1.270750	0.036466
#GD	3.516667	43.575001	8.433270	34.796406	-0.000116	1.308125	0.037097
#GD	3.533334	43.716999	8.494910	34.796345	-0.000114	1.347750	0.037386
#GD	3.550000	43.863998	8.515091	34.796249	-0.000107	1.385125	0.037431
#GD	3.566667	44.004002	8.511278	34.796001	-0.000103	1.422500	0.037210
#GD	3.583333	44.140999	8.467640	34.795811	-0.000097	1.459500	0.036811
#GD	3.600000	44.286999	8.438723	34.795780	-0.000106	1.497625	0.036299
#GD	3.616667	44.433998	8.397820	34.795750	-0.000101	1.534125	0.035744
#GD	3.633333	44.563999	8.364545	34.795719	-0.000087	1.569750	0.035197
#GD	3.650000	44.705002	8.366724	34.795593	-0.000070	1.603625	0.034591
#GD	3.666667	44.841999	8.382549	34.795532	-0.000064	1.636375	0.033961
#GD	3.683334	44.981998	8.385821	34.795250	-0.000069	1.670875	0.033302
#GD	3.700000	45.118000	8.404362	34.795311	-0.000072	1.705125	0.032660
#GD	3.716667	45.258999	8.447454	34.795345	-0.000074	1.737125	0.031985
#GD	3.733334	45.403999	8.443636	34.795345	-0.000070	1.768875	0.031274
#GD	3.750000	45.549000	8.353094	34.795219	-0.000073	1.800250	0.030451
#GD	3.766667	45.688999	8.257643	34.795063	-0.000070	1.830750	0.029614
#GD	3.783334	45.828999	8.168183	34.794968	-0.000081	1.859625	0.028897
#GD	3.800000	45.970001	8.071645	34.794876	-0.000086	1.887500	0.028292
#GD	3.816667	46.104000	8.015456	34.794876	-0.000087	1.914625	0.027647
#GD	3.833333	46.210999	8.007818	34.794689	-0.000085	1.940500	0.026916
#GD	3.850000	46.346001	8.049274	34.794720	-0.000088	1.968250	0.026209
#GD	3.866667	46.480999	8.126730	34.794594	-0.000079	1.995875	0.025534
#GD	3.883333	46.615002	8.231996	34.794533	-0.000073	2.022250	0.024940
#GD	3.900000	46.759998	8.372179	34.794407	-0.000061	2.046375	0.024311
#GD	3.916667	46.903999	8.505815	34.794281	-0.000049	2.068250	0.023566
#GD	3.933334	47.048000	8.539084	34.794125	-0.000041	2.091000	0.022590
#GD	3.950000	47.193001	8.563090	34.794342	-0.000032	2.113250	0.021492
#GD	3.966667	47.335999	8.559272	34.794250	-0.000029	2.136875	0.020300
#GD	3.983334	47.480999	8.546731	34.794342	-0.000030	2.158125	0.018961
#GD	4.000000	47.619999	8.564727	34.794250	-0.000027	2.177125	0.017382
#GD	4.016667	47.757999	8.587091	34.794250	-0.000033	2.193500	0.015470
#GD	4.033334	47.902000	8.621455	34.794155	-0.000049	2.208125	0.013401
#GD	4.050000	48.041000	8.644365	34.794064	-0.000053	2.220875	0.011332
#GD	4.066667	48.188999	8.679821	34.793938	-0.000060	2.231000	0.009401
#GD	4.083333	48.341000	8.728365	34.794064	-0.000061	2.238500	0.007626
#GD	4.100000	48.486000	8.755095	34.793938	-0.000059	2.243375	0.006115
#GD	4.116667	48.633999	8.754545	34.793842	-0.000054	2.247625	0.004907
#GD	4.133334	48.772999	8.746366	34.793781	-0.000047	2.252250	0.003974
#GD	4.150000	48.922001	8.725092	34.793720	-0.000044	2.254750	0.003269
#GD	4.166667	49.070000	8.687999	34.793655	-0.000049	2.256250	0.002825
#GD	4.183333	49.213001	8.667274	34.793655	-0.000041	2.258875	0.002612
#GD	4.200000	49.355999	8.634006	34.793625	-0.000037	2.262250	0.002570
#GD	4.216667	49.500000	8.598552	34.793655	-0.000039	2.264500	0.002742
#GD	4.233334	49.647999	8.550545	34.793594	-0.000040	2.265500	0.003238
#GD	4.250000	49.785999	8.545092	34.793438	-0.000049	2.268000	0.004022
#GD	4.266667	49.929001	8.528176	34.793499	-0.000059	2.271500	0.005030
#GD	4.283334	50.068001	8.526549	34.793438	-0.000063	2.276000	0.006326
#GD	4.300000	50.206001	8.565272	34.793343	-0.000069	2.282125	0.007788
#GD	4.316667	50.348999	8.601820	34.793312	-0.000069	2.290625	0.009269
#GD	4.333333	50.500999	8.649813	34.793125	-0.000076	2.301625	0.010601
#GD	4.350000	50.634998	8.676540	34.793064	-0.000077	2.314125	0.011726
#GD	4.366667	50.782001	8.698902	34.793064	-0.000075	2.328875	0.012600
#GD	4.383334	50.938999	8.728357	34.792969	-0.000079	2.342500	0.013187
#GD	4.400000	51.082001	8.740904	34.792908	-0.000092	2.356250	0.013547
#GD	4.416667	51.224998	8.737085	34.792686	-0.000098	2.370125	0.013632
#GD	4.433333	51.367001	8.729999	34.792812	-0.000102	2.383500	0.013604
#GD	4.450000	51.509998	8.671636	34.792686	-0.000107	2.396875	0.013603
#GD	4.466667	51.661999	8.613276	34.792469	-0.000098	2.410250	0.013764
#GD	4.483334	51.808998	8.604001	34.792187	-0.000093	2.424750	0.013985
#GD	4.500000	51.952000	8.589828	34.792156	-0.000087	2.437000	0.014179
#GD	4.516667	52.089001	8.571277	34.792187	-0.000087	2.450625	0.014449
#GD	4.533334	52.227001	8.545649	34.792061	-0.000069	2.466000	0.014694
#GD	4.550000	52.368999	8.491648	34.792156	-0.000053	2.482250	0.014827
#GD	4.566667	52.515999	8.455103	34.792000	-0.000051	2.497875	0.015001
#GD	4.583333	52.658001	8.441460	34.791904	-0.000066	2.511875	0.015252
#GD	4.600000	52.799999	8.478542	34.791843	-0.000077	2.528000	0.015464
#GD	4.616667	52.942001	8.525996	34.791904	-0.000087	2.543000	0.015586
#GD	4.633334	53.075001	8.568542	34.791843	-0.000099	2.556375	0.015784
#GD	4.650000	53.212002	8.597998	34.791626	-0.000095	2.573125	0.016084
#GD	4.666667	53.354000	8.661271	34.791405	-0.000087	2.590000	0.016387
#GD	4.683333	53.509998	8.709274	34.791405	-0.000075	2.607500	0.016539
#GD	4.700000	53.660999	8.756181	34.791218	-0.000066	2.623250	0.016735
#GD	4.716667	53.807999	8.775278	34.791126	-0.000061	2.641000	0.016923
#GD	4.733334	53.949001	8.764373	34.791187	-0.000049	2.658750	0.016996
#GD	4.750000	54.101002	8.756739	34.791283	-0.000042	2.675375	0.016970
#GD	4.766667	54.242001	8.731099	34.791313	-0.000041	2.690750	0.016939
#GD	4.783334	54.388000	8.717452	34.791218	-0.000037	2.708125	0.016955
#GD	4.800000	54.525002	8.721262	34.790939	-0.000043	2.726000	0.016856
#GD	4.816667	54.671001	8.743074	34.790970	-0.000052	2.744000	0.016746
#GD	4.833333	54.827000	8.750712	34.790939	-0.000054	2.759250	0.016411
#GD	4.850000	54.973000	8.752901	34.790939	-0.000042	2.776125	0.015895
#GD	4.866667	55.113998	8.705452	34.790905	-0.000026	2.793375	0.015240
#GD	4.883334	55.259998	8.605633	34.790813	-0.000034	2.809125	0.014717
#GD	4.900000	55.410000	8.464362	34.790783	-0.000058	2.824750	0.014309
#GD	4.916667	55.556000	8.338373	34.790783	-0.000088	2.835250	0.014054
#GD	4.933333	55.693001	8.249463	34.790905	-0.000114	2.846625	0.013914
#GD	4.950000	55.824001	8.200372	34.790874	-0.000132	2.859375	0.014111
#GD	4.966667	55.945999	8.164366	34.790375	-0.000136	2.875125	0.014562
#GD	4.983334	56.077999	8.157819	34.790188	-0.000140	2.889625	0.015256
#GD	5.000000	56.219002	8.193819	34.789875	-0.000145	2.904125	0.016047
#GD	5.016667	56.355000	8.267453	34.789780	-0.000139	2.920375	0.016570
#GD	5.033334	56.500000	8.387452	34.789719	-0.000116	2.939750	0.016926
#GD	5.050000	56.640999	8.489461	34.789814	-0.000085	2.957375	0.017078
#GD	5.066667	56.782001	8.549453	34.789719	-0.000069	2.976625	0.017251
#GD	5.083333	56.922001	8.601267	34.789532	-0.000061	2.993500	0.017320
#GD	5.100000	57.063000	8.675452	34.789501	-0.000062	3.008750	0.017356
#GD	5.116667	57.216999	8.773090	34.789467	-0.000067	3.026125	0.017364
#GD	5.133334	57.358002	8.859823	34.789406	-0.000077	3.042250	0.017556
#GD	5.150000	57.502998	8.947093	34.789375	-0.000072	3.060375	0.017781
#GD	5.166667	57.653000	9.030550	34.789219	-0.000062	3.077750	0.018180
#GD	5.183333	57.806999	9.058367	34.789219	-0.000057	3.097250	0.018632
#GD	5.200000	57.970001	9.033815	34.789093	-0.000058	3.115750	0.019045
#GD	5.216667	58.115002	8.997264	34.788937	-0.000054	3.135625	0.019474
#GD	5.233334	58.269001	8.930721	34.789001	-0.000045	3.154375	0.019843
#GD	5.250000	58.424000	8.842355	34.789032	-0.000031	3.174500	0.020249
#GD	5.266667	58.563999	8.765450	34.789032	-0.000029	3.195000	0.020553
#GD	5.283334	58.703999	8.721270	34.788845	-0.000025	3.216125	0.020887
#GD	5.300000	58.842999	8.728909	34.788845	-0.000026	3.237125	0.021139
#GD	5.316667	58.987999	8.723461	34.788906	-0.000039	3.258625	0.021324
#GD	5.333333	59.132000	8.773106	34.788967	-0.000039	3.281000	0.021471
#GD	5.350000	59.282001	8.854377	34.788811	-0.000039	3.302000	0.021674
#GD	5.366667	59.435001	8.921460	34.788750	-0.000040	3.324125	0.021829
#GD	5.383334	59.584000	8.969458	34.788719	-0.000051	3.345500	0.021853
#GD	5.400000	59.728001	8.973820	34.788563	-0.000062	3.366125	0.021865
#GD	5.416667	59.886002	8.954721	34.788689	-0.000068	3.388875	0.021877
#GD	5.433333	60.035000	8.947628	34.788593	-0.000071	3.412875	0.022025
#GD	5.450000	60.183998	8.912722	34.788467	-0.000078	3.434875	0.022254
#GD	5.466667	60.333000	8.865815	34.788376	-0.000094	3.454625	0.022536
#GD	5.483334	60.476002	8.815089	34.788280	-0.000109	3.476875	0.022814
#GD	5.500000	60.619999	8.771456	34.788219	-0.000122	3.499000	0.023042
#GD	5.516667	60.778000	8.773099	34.788063	-0.000130	3.523250	0.023309
#GD	5.533334	60.917000	8.785642	34.787968	-0.000133	3.548250	0.023652
#GD	5.550000	61.056000	8.792729	34.787689	-0.000130	3.572125	0.023897
#GD	5.566667	61.200001	8.824912	34.787533	-0.000129	3.596000	0.024014
#GD	5.583333	61.353001	8.846733	34.787533	-0.000121	3.620250	0.024088
#GD	5.600000	61.505001	8.869637	34.787281	-0.000106	3.644625	0.024056
#GD	5.616667	61.653999	8.910549	34.787220	-0.000095	3.668625	0.024019
#GD	5.633334	61.797001	8.929092	34.787220	-0.000076	3.691250	0.024088
#GD	5.650000	61.950001	8.931273	34.787064	-0.000067	3.716000	0.024341
#GD	5.666667	62.098000	8.904551	34.787033	-0.000060	3.740625	0.024686
#GD	5.683333	62.250000	8.886552	34.787033	-0.000046	3.764500	0.024882
#GD	5.700000	62.393002	8.880006	34.786907	-0.000051	3.788375	0.025068
#GD	5.716667	62.541000	8.850001	34.786938	-0.000055	3.813750	0.025225
#GD	5.733334	62.693001	8.796540	34.786877	-0.000057	3.842250	0.025257
#GD	5.750000	62.837002	8.801454	34.786842	-0.000063	3.869625	0.025295
#GD	5.766667	62.984001	8.792175	34.786842	-0.000079	3.892000	0.025307
#GD	5.783334	63.132000	8.787811	34.786625	-0.000093	3.916875	0.025334
#GD	5.800000	63.270000	8.774714	34.786564	-0.000111	3.941875	0.025303
#GD	5.816667	63.412998	8.769803	34.786469	-0.000119	3.966625	0.025297
#GD	5.833333	63.574001	8.857086	34.786438	-0.000118	3.992125	0.025421
#GD	5.850000	63.716000	8.938372	34.786125	-0.000110	4.017250	0.025625
#GD	5.866667	63.859001	9.005463	34.785969	-0.000090	4.044250	0.025689
#GD	5.883334	64.005997	9.047998	34.785843	-0.000076	4.070250	0.025708
#GD	5.900000	64.153999	9.036554	34.785812	-0.000057	4.096750	0.025698
#GD	5.916667	64.328003	9.009811	34.785843	-0.000040	4.122000	0.025600
#GD	5.933334	64.480003	9.049632	34.785843	-0.000021	4.146875	0.025537
#GD	5.950000	64.626999	9.003808	34.785908	-0.000017	4.172375	0.025564
#GD	5.966667	64.768997	8.910536	34.785843	-0.000022	4.197625	0.025830
#GD	5.983334	64.911003	8.782890	34.785873	-0.000037	4.223125	0.026441
#GD	6.000000	65.061996	8.632344	34.785812	-0.000045	4.247750	0.027313
#GD	6.016667	65.223000	8.557626	34.785751	-0.000057	4.274125	0.028117
#GD	6.033334	65.350998	8.521100	34.785656	-0.000063	4.302375	0.028888
#GD	6.050000	65.488998	8.517292	34.785561	-0.000062	4.332250	0.029487
#GD	6.066667	65.625999	8.530913	34.785408	-0.000054	4.366250	0.029940
#GD	6.083333	65.764000	8.568026	34.785500	-0.000049	4.399375	0.030031
#GD	6.100000	65.904999	8.629104	34.785343	-0.000048	4.428125	0.029704
#GD	6.116667	66.052002	8.770915	34.785343	-0.000043	4.458750	0.029068
#GD	6.133334	66.202003	8.888718	34.785343	-0.000032	4.486750	0.028181
#GD	6.150000	66.352997	8.951435	34.785439	-0.000028	4.516125	0.027276
#GD	6.166667	66.508003	8.967245	34.785282	-0.000019	4.541250	0.026458
#GD	6.183334	66.654999	8.950887	34.785126	0.000001	4.566125	0.025744
#GD	6.200000	66.809998	8.956891	34.785156	0.000003	4.591375	0.024961
#GD	6.216667	66.964996	8.954182	34.785282	-0.000004	4.615375	0.024323
#GD	6.233334	67.101997	8.989098	34.785187	-0.000018	4.641750	0.023680
#GD	6.250000	67.242996	9.019089	34.785374	-0.000025	4.664750	0.023264
#GD	6.266667	67.389000	9.057833	34.785530	-0.000038	4.687000	0.022847
#GD	6.283334	67.553001	9.095469	34.785313	-0.000053	4.708500	0.022374
#GD	6.300000	67.703003	9.140197	34.785095	-0.000066	4.731000	0.021957
#GD	6.316667	67.866997	9.205645	34.784904	-0.000059	4.751750	0.021505
#GD	6.333333	68.016998	9.222552	34.784874	-0.000048	4.774500	0.021227
#GD	6.350000	68.167000	9.221445	34.784782	-0.000030	4.796000	0.020768
#GD	6.366667	68.321999	9.170725	34.784843	-0.000009	4.815875	0.020008
#GD	6.383334	68.472000	9.154370	34.784813	0.000007	4.836750	0.019117
#GD	6.400001	68.625999	9.132019	34.785000	0.000012	4.856250	0.018268
#GD	6.416667	68.776001	9.111828	34.785156	0.000017	4.876625	0.017516
#GD	6.433334	68.934998	9.068723	34.785095	0.000013	4.892000	0.017051
#GD	6.450000	69.080002	9.046908	34.784904	0.000005	4.904125	0.016792
#GD	6.466667	69.234001	9.030550	34.784939	-0.000008	4.918875	0.016685
#GD	6.483334	69.388000	8.995639	34.784874	-0.000028	4.934875	0.016827
#GD	6.500000	69.528999	8.996193	34.785061	-0.000042	4.952875	0.017155
#GD	6.516667	69.672997	8.989098	34.784939	-0.000046	4.972125	0.017664
#GD	6.533334	69.832001	9.001636	34.784969	-0.000053	4.990375	0.018141
#GD	6.550000	69.981003	8.996737	34.784813	-0.000070	5.008750	0.018359
#GD	6.566667	70.125999	8.990737	34.784687	-0.000083	5.027750	0.018472
#GD	6.583333	70.285004	8.974915	34.784595	-0.000088	5.046625	0.018568
#GD	6.600000	70.433998	8.911635	34.784531	-0.000081	5.064250	0.018682
#GD	6.616667	70.582001	8.828176	34.784405	-0.000080	5.082625	0.018852
#GD	6.633334	70.731003	8.808538	34.784283	-0.000072	5.100500	0.018970
#GD	6.650001	70.875999	8.782354	34.784218	-0.000062	5.119750	0.019069
#GD	6.666667	71.015999	8.725616	34.784313	-0.000058	5.140375	0.019074
#GD	6.683334	71.154999	8.725620	34.784248	-0.000056	5.160250	0.019076
#GD	6.700000	71.300003	8.766532	34.784092	-0.000056	5.179875	0.018970
#GD	6.716667	71.458000	8.875626	34.784031	-0.000051	5.198375	0.018899
#GD	6.733334	71.601997	8.953636	34.784092	-0.000052	5.217500	0.018711
#GD	6.750000	71.740997	9.023462	34.783970	-0.000054	5.234375	0.018582
#GD	6.766667	71.893997	9.039285	34.783875	-0.000052	5.253000	0.018473
#GD	6.783334	72.052002	8.998377	34.783783	-0.000060	5.270750	0.018304
#GD	6.800000	72.223000	8.944923	34.783875	-0.000067	5.290750	0.018151
#GD	6.816667	72.361000	8.908931	34.783813	-0.000073	5.308375	0.018003
#GD	6.833333	72.510002	8.849466	34.783749	-0.000067	5.328125	0.017846
#GD	6.850000	72.649002	8.802554	34.783627	-0.000061	5.345500	0.017662
#GD	6.866667	72.788002	8.787814	34.783375	-0.000065	5.361375	0.017546
#GD	6.883334	72.935997	8.792189	34.783375	-0.000072	5.378375	0.017442
#GD	6.900001	73.080002	8.866903	34.783344	-0.000068	5.396000	0.017440
#GD	6.916667	73.223000	8.878356	34.783405	-0.000068	5.412375	0.017444
#GD	6.933334	73.385002	8.951997	34.783405	-0.000064	5.430500	0.017502
#GD	6.950000	73.542000	8.993990	34.783188	-0.000063	5.448875	0.017499
#GD	6.966667	73.689003	8.989093	34.783092	-0.000078	5.467000	0.017388
#GD	6.983334	73.836998	8.939983	34.783092	-0.000092	5.484500	0.017177
#GD	7.000000	73.971001	8.830357	34.782906	-0.000103	5.502250	0.016966
#GD	7.016667	74.137001	8.686360	34.782906	-0.000104	5.518500	0.016635
#GD	7.033334	74.283997	8.572920	34.782814	-0.000094	5.534375	0.016367
#GD	7.050000	74.427002	8.560380	34.782593	-0.000093	5.550750	0.016143
#GD	7.066667	74.560997	8.600747	34.782467	-0.000089	5.566000	0.016094
#GD	7.083333	74.691002	8.637821	34.782406	-0.000085	5.582375	0.016083
#GD	7.100000	74.829002	8.642732	34.782345	-0.000096	5.597375	0.016068
#GD	7.116667	74.967003	8.699457	34.782375	-0.000093	5.614000	0.016003
#GD	7.133334	75.132004	8.797073	34.782219	-0.000089	5.629625	0.015809
#GD	7.150001	75.292999	8.882175	34.782219	-0.000085	5.647875	0.015544
#GD	7.166667	75.434998	8.957985	34.782063	-0.000087	5.663875	0.015194
#GD	7.183334	75.582001	8.978161	34.781719	-0.000086	5.678375	0.014899
#GD	7.200000	75.723999	9.005980	34.781811	-0.000087	5.693000	0.014579
#GD	7.216667	75.879997	8.967254	34.781719	-0.000088	5.706000	0.014267
#GD	7.233334	76.023003	8.961814	34.781750	-0.000090	5.719125	0.013899
#GD	7.250000	76.178001	9.032730	34.781624	-0.000095	5.732625	0.013757
#GD	7.266667	76.324997	9.080733	34.781593	-0.000103	5.747500	0.013677
#GD	7.283334	76.488998	9.139098	34.781437	-0.000118	5.762000	0.013628
#GD	7.300000	76.630997	9.149468	34.781250	-0.000121	5.775125	0.013592
#GD	7.316667	76.778000	9.182734	34.781155	-0.000125	5.787375	0.013377
#GD	7.333333	76.942001	9.141840	34.780907	-0.000135	5.802000	0.013022
#GD	7.350000	77.093002	9.159846	34.780750	-0.000143	5.815000	0.012637
#GD	7.366667	77.251999	9.140192	34.780750	-0.000147	5.828500	0.012342
#GD	7.383334	77.398003	9.150002	34.780720	-0.000148	5.841250	0.012094
#GD	7.400001	77.554001	9.100347	34.780563	-0.000142	5.851375	0.012013
#GD	7.416667	77.690002	9.032705	34.780186	-0.000133	5.861625	0.012019
#GD	7.433334	77.859001	8.990171	34.780064	-0.000131	5.873250	0.012214
#GD	7.450000	78.004997	8.939991	34.779877	-0.000130	5.885500	0.012451
#GD	7.466667	78.154999	8.943816	34.779781	-0.000127	5.896750	0.012789
#GD	7.483334	78.295998	8.975996	34.779842	-0.000112	5.911625	0.013210
#GD	7.500000	78.445999	9.021270	34.779720	-0.000099	5.926125	0.013533
#GD	7.516667	78.592003	9.003832	34.779594	-0.000100	5.940500	0.013805
#GD	7.533334	78.737999	9.002193	34.779499	-0.000109	5.953500	0.013994
#GD	7.550000	78.896004	8.997274	34.779282	-0.000120	5.967250	0.014031
#GD	7.566667	79.059998	8.986371	34.779282	-0.000136	5.981500	0.014005
#GD	7.583333	79.209999	8.989084	34.779156	-0.000146	5.995250	0.014036
#GD	7.600000	79.355003	8.990715	34.778999	-0.000151	6.010625	0.014101
#GD	7.616667	79.490997	9.024540	34.778751	-0.000162	6.024625	0.014302
#GD	7.633334	79.640999	9.005444	34.778656	-0.000167	6.036875	0.014440
#GD	7.650001	79.786003	8.989646	34.778439	-0.000176	6.052250	0.014567
#GD	7.666667	79.947998	9.014723	34.778217	-0.000178	6.066750	0.014690
#GD	7.683334	80.098000	9.043084	34.778126	-0.000175	6.081125	0.014796
#GD	7.700000	80.264999	9.023462	34.777843	-0.000171	6.097875	0.014953
#GD	7.716667	80.404999	9.015821	34.777748	-0.000168	6.112375	0.015060
#GD	7.733334	80.550003	9.046368	34.777561	-0.000160	6.127375	0.014977
#GD	7.750000	80.698997	9.043657	34.777374	-0.000152	6.142250	0.014907
#GD	7.766667	80.848000	9.036567	34.777248	-0.000153	6.157500	0.014748
#GD	7.783334	80.984001	9.008743	34.777092	-0.000150	6.172625	0.014521
#GD	7.800000	81.151001	9.046371	34.776970	-0.000157	6.187125	0.014368
#GD	7.816667	81.317001	9.065452	34.776844	-0.000159	6.200750	0.014124
#GD	7.833334	81.466003	9.083450	34.776749	-0.000158	6.215375	0.013834
#GD	7.850000	81.606003	9.063796	34.776470	-0.000162	6.228625	0.013446
#GD	7.866667	81.750000	9.046875	34.776314	-0.000162	6.242250	0.013061
#GD	7.883334	81.903999	8.963428	34.776093	-0.000160	6.256000	0.012614
#GD	7.900001	82.056999	8.935072	34.775936	-0.000159	6.268250	0.012067
#GD	7.916667	82.212997	8.927989	34.775875	-0.000151	6.280375	0.011347
#GD	7.933334	82.352997	8.925809	34.775658	-0.000147	6.291000	0.010598
#GD	7.950000	82.505997	8.886008	34.775562	-0.000149	6.302500	0.009769
#GD	7.966667	82.650002	8.833640	34.775436	-0.000153	6.312000	0.009002
#GD	7.983334	82.803001	8.742017	34.775249	-0.000167	6.320250	0.008390
#GD	8.000000	82.942001	8.633472	34.775188	-0.000186	6.326750	0.007872
#GD	8.016667	83.089996	8.598009	34.774906	-0.000197	6.333750	0.007504
#GD	8.033334	83.233002	8.547829	34.774719	-0.000211	6.339750	0.007240
#GD	8.050000	83.380997	8.534725	34.774532	-0.000222	6.347000	0.007215
#GD	8.066668	83.508003	8.513452	34.774220	-0.000228	6.354875	0.007369
#GD	8.083334	83.639000	8.548362	34.773907	-0.000236	6.362000	0.007687
#GD	8.100000	83.794998	8.602361	34.773750	-0.000237	6.369500	0.007897
#GD	8.116667	83.938004	8.687984	34.773533	-0.000235	6.376875	0.008098
#GD	8.133334	84.084999	8.762183	34.773281	-0.000235	6.385500	0.008280
#GD	8.150001	84.224998	8.876724	34.773094	-0.000225	6.394625	0.008483
#GD	8.166667	84.376999	8.923096	34.772812	-0.000217	6.404875	0.008833
#GD	8.183333	84.531998	8.916557	34.772530	-0.000213	6.411625	0.009318
#GD	8.200001	84.683998	8.954736	34.772408	-0.000204	6.420000	0.009930
#GD	8.216667	84.827003	8.992380	34.772095	-0.000195	6.429625	0.010743
#GD	8.233334	84.983002	9.006005	34.772030	-0.000194	6.439375	0.011758
#GD	8.250000	85.125999	9.015276	34.771843	-0.000196	6.451625	0.012929
#GD	8.266667	85.273003	9.051811	34.771656	-0.000208	6.465375	0.014173
#GD	8.283334	85.429001	9.093800	34.771500	-0.000230	6.479875	0.015339
#GD	8.300000	85.584000	9.150513	34.771313	-0.000247	6.497500	0.016235
#GD	8.316668	85.727997	9.163073	34.771000	-0.000279	6.515750	0.016985
#GD	8.333334	85.887001	9.185993	34.770687	-0.000293	6.534250	0.017588
#GD	8.350000	86.046997	9.130350	34.770344	-0.000309	6.551500	0.018137
#GD	8.366667	86.196999	9.085639	34.769970	-0.000324	6.571000	0.018596
#GD	8.383334	86.352997	9.088382	34.769688	-0.000326	6.586875	0.018989
#GD	8.400001	86.499001	9.081836	34.769218	-0.000319	6.605500	0.019416
#GD	8.416667	86.650002	9.045831	34.769093	-0.000310	6.625750	0.019752
#GD	8.433333	86.782997	9.015281	34.768719	-0.000311	6.647125	0.020129
#GD	8.450001	86.942001	9.025103	34.768314	-0.000307	6.667750	0.020407
#GD	8.466667	87.106003	9.078015	34.768124	-0.000299	6.689375	0.020634
#GD	8.483334	87.251999	9.140741	34.767876	-0.000296	6.710875	0.020624
#GD	8.500000	87.402000	9.191474	34.767593	-0.000306	6.729625	0.020469
#GD	8.516667	87.547997	9.244932	34.767094	-0.000308	6.751125	0.020364
#GD	8.533334	87.703003	9.212730	34.766876	-0.000317	6.771625	0.020358
#GD	8.550000	87.870003	9.187093	34.766720	-0.000330	6.791125	0.020373
#GD	8.566668	88.021004	9.202910	34.766312	-0.000329	6.810875	0.020465
#GD	8.583334	88.175003	9.167987	34.765907	-0.000323	6.830125	0.020626
#GD	8.600000	88.330002	9.147263	34.765564	-0.000312	6.851875	0.020399
#GD	8.616667	88.474998	9.095419	34.765156	-0.000316	6.873625	0.020089
#GD	8.633334	88.625000	9.053979	34.764843	-0.000317	6.894625	0.019720
#GD	8.650001	88.779999	9.029987	34.764687	-0.000316	6.915750	0.019339
#GD	8.666667	88.920998	8.992901	34.764408	-0.000326	6.936750	0.018982
#GD	8.683333	89.080002	8.944901	34.764156	-0.000337	6.950875	0.018716
#GD	8.700001	89.228996	8.920906	34.763748	-0.000342	6.967500	0.018630
#GD	8.716667	89.383003	8.912734	34.763405	-0.000353	6.984875	0.018709
#GD	8.733334	89.525002	8.929646	34.762936	-0.000361	7.003875	0.018945
#GD	8.750000	89.669998	8.948181	34.762436	-0.000363	7.023250	0.019329
#GD	8.766667	89.810997	8.977082	34.762123	-0.000361	7.044625	0.019817
#GD	8.783334	89.960999	9.025094	34.761906	-0.000358	7.065375	0.020080
#GD	8.800000	90.119003	9.078540	34.761532	-0.000365	7.085625	0.020183
#GD	8.816668	90.277000	9.102010	34.761250	-0.000373	7.106250	0.020205
#GD	8.833334	90.421997	9.136917	34.760845	-0.000394	7.126500	0.020133
#GD	8.850000	90.584999	9.182186	34.760502	-0.000417	7.145750	0.019974
#GD	8.866667	90.734001	9.204533	34.760033	-0.000431	7.165625	0.019867
#GD	8.883334	90.888000	9.210522	34.759499	-0.000438	7.185125	0.019845
#GD	8.900001	91.024002	9.224708	34.759029	-0.000442	7.206000	0.019968
#GD	8.916667	91.185997	9.252543	34.758438	-0.000433	7.225375	0.020145
#GD	8.933333	91.348000	9.250913	34.758095	-0.000425	7.244500	0.020401
#GD	8.950001	91.505997	9.263452	34.757782	-0.000410	7.264250	0.020680
#GD	8.966667	91.658997	9.170188	34.757343	-0.000406	7.285125	0.020918
#GD	8.983334	91.811996	9.074732	34.756939	-0.000405	7.308000	0.021066
#GD	9.000000	91.966003	8.931290	34.756657	-0.000411	7.328875	0.021134
#GD	9.016667	92.119003	8.867469	34.756187	-0.000421	7.350875	0.021217
#GD	9.033334	92.267998	8.821101	34.755844	-0.000433	7.373125	0.021262
#GD	9.050000	92.387001	8.838006	34.755219	-0.000442	7.393875	0.021330
#GD	9.066668	92.531998	8.907819	34.754814	-0.000454	7.414125	0.021512
#GD	9.083334	92.680000	8.980362	34.754311	-0.000464	7.433125	0.021817
#GD	9.100000	92.846001	9.014732	34.753967	-0.000469	7.455625	0.022217
#GD	9.116667	92.989998	9.063293	34.753468	-0.000481	7.477875	0.022721
#GD	9.133334	93.152000	9.115640	34.752968	-0.000488	7.501375	0.023239
#GD	9.150001	93.317001	9.066010	34.752468	-0.000503	7.526250	0.023838
#GD	9.166667	93.466003	9.015273	34.752029	-0.000520	7.549750	0.024342
#GD	9.183333	93.598000	8.934536	34.751469	-0.000535	7.575125	0.024590
#GD	9.200001	93.746002	8.920362	34.750874	-0.000530	7.600250	0.024767
#GD	9.216667	93.893997	8.881073	34.750313	-0.000530	7.623750	0.024675
#GD	9.233334	94.039001	8.919796	34.749783	-0.000535	7.650750	0.024540
#GD	9.250001	94.195000	9.009252	34.749157	-0.000535	7.675750	0.024411
#GD	9.266667	94.338997	9.153255	34.748657	-0.000534	7.699625	0.024138
#GD	9.283334	94.496002	9.246539	34.748375	-0.000530	7.724375	0.023867
#GD	9.300000	94.643997	9.282011	34.747749	-0.000524	7.745500	0.023655
#GD	9.316668	94.808998	9.278188	34.747093	-0.000522	7.769875	0.023349
#GD	9.333334	94.960999	9.238382	34.746624	-0.000518	7.793875	0.023090
#GD	9.350000	95.130997	9.229652	34.746033	-0.000525	7.816000	0.022813
#GD	9.366667	95.287003	9.213284	34.745533	-0.000533	7.838875	0.022558
#GD	9.383334	95.426003	9.208927	34.745125	-0.000522	7.862750	0.022465
#GD	9.400001	95.570000	9.176739	34.744564	-0.000528	7.885000	0.022323
#GD	9.416667	95.718002	9.181091	34.744095	-0.000540	7.905875	0.022353
#GD	9.433333	95.877998	9.148914	34.743439	-0.000551	7.926500	0.022439
#GD	9.450001	96.039001	9.179452	34.742905	-0.000567	7.948500	0.022576
#GD	9.466667	96.195000	9.234545	34.742500	-0.000578	7.972125	0.022731
#GD	9.483334	96.347000	9.244917	34.741688	-0.000587	7.995250	0.022995
#GD	9.500001	96.502998	9.223098	34.741158	-0.000580	8.019750	0.023293
#GD	9.516667	96.646004	9.210563	34.740532	-0.000571	8.042125	0.023560
#GD	9.533334	96.802002	9.191458	34.739937	-0.000565	8.066375	0.023668
#GD	9.550000	96.958000	9.200721	34.739407	-0.000554	8.089375	0.023591
#GD	9.566668	97.109001	9.211075	34.738720	-0.000536	8.113250	0.023452
#GD	9.583334	97.261002	9.247617	34.738468	-0.000537	8.137375	0.023133
#GD	9.600000	97.425003	9.270526	34.737843	-0.000536	8.162125	0.022911
#GD	9.616667	97.571999	9.231262	34.737343	-0.000539	8.185125	0.022723
#GD	9.633334	97.727997	9.205082	34.736843	-0.000546	8.206375	0.022562
#GD	9.650001	97.878998	9.195257	34.736282	-0.000549	8.228250	0.022308
#GD	9.666667	98.042999	9.158174	34.735592	-0.000564	8.247750	0.022132
#GD	9.683333	98.190002	9.127088	34.735062	-0.000569	8.271000	0.022086
#GD	9.700001	98.333000	9.125464	34.734501	-0.000572	8.295125	0.022286
#GD	9.716667	98.487999	9.091091	34.733936	-0.000574	8.317250	0.022560
#GD	9.733334	98.643997	9.078548	34.733437	-0.000578	8.337750	0.022792
#GD	9.750001	98.790001	9.050175	34.732811	-0.000581	8.360500	0.022920
#GD	9.766667	98.945999	9.050724	34.732155	-0.000585	8.383875	0.023066
#GD	9.783334	99.097000	9.020187	34.731686	-0.000587	8.408875	0.023124
#GD	9.800000	99.242996	9.016372	34.731064	-0.000591	8.432250	0.023223
#GD	9.816668	99.398003	9.021828	34.730373	-0.000598	8.455250	0.023329
#GD	9.833334	99.544998	9.052909	34.729782	-0.000594	8.476500	0.023191
#GD	9.850000	99.692001	9.063825	34.729282	-0.000593	8.503125	0.022990
#GD	9.866667	99.834000	9.131462	34.728687	-0.000605	8.524375	0.022737
#GD	9.883334	100.000999	9.211637	34.728062	-0.000601	8.547000	0.022574
#GD	9.900001	100.152000	9.169085	34.727375	-0.000603	8.571000	0.022458
#GD	9.916667	100.306999	9.070916	34.726906	-0.000615	8.591750	0.022261
#GD	9.933333	100.457001	8.986366	34.726280	-0.000620	8.613875	0.021982
#GD	9.950001	100.624001	8.878913	34.725498	-0.000616	8.635375	0.021891
#GD	9.966667	100.782997	8.745829	34.725063	-0.000616	8.657625	0.021766
#GD	9.983334	100.900002	8.680361	34.724342	-0.000607	8.680375	0.021647
#GD	10.000001	101.025002	8.658001	34.723625	-0.000611	8.700625	0.021646
#GD	10.016667	101.179001	8.701642	34.723125	-0.000598	8.722375	0.021651
#GD	10.033334	101.320999	8.766011	34.722595	-0.000584	8.743750	0.021667
#GD	10.050000	101.467003	8.915463	34.721905	-0.000585	8.765625	0.021630
#GD	10.066668	101.617996	9.096005	34.721470	-0.000582	8.786875	0.021662
#GD	10.083334	101.776001	9.185452	34.720688	-0.000580	8.808625	0.021764
#GD	10.100000	101.939003	9.173463	34.720314	-0.000584	8.831375	0.021768
#GD	10.116667	102.093002	9.164728	34.719749	-0.000583	8.853000	0.021820
#GD	10.133334	102.250999	9.103621	34.719063	-0.000581	8.873875	0.021949
#GD	10.150001	102.397003	9.057807	34.718376	-0.000593	8.896375	0.022026
#GD	10.166667	102.545998	9.023987	34.717876	-0.000599	8.918375	0.021746
#GD	10.183333	102.688004	9.010358	34.717312	-0.000618	8.939500	0.021342
#GD	10.200001	102.836998	9.054541	34.716782	-0.000633	8.962250	0.020927
#GD	10.216667	102.978996	9.098182	34.716156	-0.000642	8.986250	0.020550
#GD	10.233334	103.140999	9.175627	34.715374	-0.000653	9.007375	0.020157
#GD	10.250001	103.299004	9.239993	34.714748	-0.000673	9.022375	0.019810
#GD	10.266667	103.453003	9.261271	34.714031	-0.000688	9.040625	0.019603
#GD	10.283334	103.613998	9.289111	34.713249	-0.000698	9.059500	0.019620
#GD	10.300000	103.764000	9.286918	34.712658	-0.000692	9.080000	0.019821
#GD	10.316668	103.920998	9.253643	34.712002	-0.000675	9.100000	0.020227
#GD	10.333334	104.074997	9.238370	34.711220	-0.000669	9.119250	0.020729
#GD	10.350000	104.216003	9.229655	34.710499	-0.000661	9.140500	0.021019
#GD	10.366667	104.382004	9.228024	34.709812	-0.000655	9.164500	0.021301
#GD	10.383334	104.530998	9.211103	34.709312	-0.000654	9.186250	0.021506
#GD	10.400001	104.688004	9.172922	34.708782	-0.000650	9.206750	0.021662
#GD	10.416667	104.842003	9.186552	34.708031	-0.000641	9.227625	0.021694
#GD	10.433334	104.995003	9.201812	34.707344	-0.000637	9.249000	0.021626
#GD	10.450001	105.152000	9.198532	34.706688	-0.000639	9.272250	0.021475
#GD	10.466667	105.292999	9.212173	34.706032	-0.000654	9.294250	0.021558
#GD	10.483334	105.441002	9.188698	34.705376	-0.000663	9.315500	0.021594
#GD	10.500001	105.607002	9.175607	34.704811	-0.000666	9.335875	0.021647
#GD	10.516667	105.760002	9.190342	34.704220	-0.000671	9.357750	0.021784
#GD	10.533334	105.920998	9.203988	34.703529	-0.000673	9.378125	0.021997
#GD	10.550000	106.069000	9.237804	34.702686	-0.000674	9.402000	0.022294
#GD	10.566668	106.213997	9.209993	34.702000	-0.000675	9.422375	0.022636
#GD	10.583334	106.365997	9.160372	34.701283	-0.000674	9.445375	0.022985
#GD	10.600000	106.527000	9.159289	34.700657	-0.000671	9.469875	0.023239
#GD	10.616667	106.680000	9.166385	34.700062	-0.000663	9.494375	0.023409
#GD	10.633334	106.835999	9.151653	34.699436	-0.000664	9.517375	0.023304
#GD	10.650001	106.981003	9.140741	34.698750	-0.000665	9.541000	0.023250
#GD	10.666667	107.133003	9.108548	34.698124	-0.000669	9.565000	0.022965
#GD	10.683334	107.290001	9.030540	34.697407	-0.000665	9.588375	0.022607
#GD	10.700001	107.445999	8.988544	34.696751	-0.000667	9.610750	0.022393
#GD	10.716667	107.582001	8.950349	34.695873	-0.000662	9.630875	0.022270
#GD	10.733334	107.737999	8.961252	34.695374	-0.000663	9.653875	0.022282
#GD	10.750001	107.889999	8.950358	34.694656	-0.000662	9.674750	0.022242
#GD	10.766667	108.026001	8.936179	34.694218	-0.000660	9.696000	0.022281
#GD	10.783334	108.178001	8.940549	34.693436	-0.000660	9.719875	0.022297
#GD	10.800000	108.325996	8.997810	34.692844	-0.000661	9.742500	0.022272
#GD	10.816668	108.486000	8.983079	34.692032	-0.000672	9.767500	0.022149
#GD	10.833334	108.634003	8.916529	34.691406	-0.000675	9.788000	0.021951
#GD	10.850000	108.780998	8.871261	34.690720	-0.000680	9.810375	0.021730
#GD	10.866667	108.929001	8.794369	34.690063	-0.000669	9.830875	0.021502
#GD	10.883334	109.088997	8.734918	34.689342	-0.000664	9.851625	0.021324
#GD	10.900001	109.227997	8.712008	34.688717	-0.000652	9.873500	0.021170
#GD	10.916667	109.350998	8.761642	34.688030	-0.000657	9.892750	0.021211
#GD	10.933334	109.499001	8.841843	34.687405	-0.000663	9.915000	0.021346
#GD	10.950001	109.646004	8.935114	34.686813	-0.000673	9.937375	0.021526
#GD	10.966667	109.793999	8.993484	34.686157	-0.000680	9.958125	0.021666
#GD	10.983334	109.953003	9.082917	34.685562	-0.000692	9.979125	0.021726
#GD	11.000001	110.112999	9.152719	34.684689	-0.000698	10.000750	0.021815
#GD	11.016667	110.272003	9.154881	34.683968	-0.000706	10.024875	0.021866
#GD	11.033334	110.428001	9.142877	34.683220	-0.000711	10.046375	0.021811
#GD	11.050000	110.567001	9.111794	34.682564	-0.000715	10.068125	0.021750
#GD	11.066668	110.713997	9.019068	34.681812	-0.000708	10.088875	0.021760
#GD	11.083334	110.864998	8.962351	34.681187	-0.000695	10.110750	0.021777
#GD	11.100000	111.019997	8.957998	34.680470	-0.000690	10.134250	0.021835
#GD	11.116667	111.170998	8.967827	34.679783	-0.000693	10.153500	0.021923
#GD	11.133334	111.321999	9.035477	34.678970	-0.000697	10.174250	0.021966
#GD	11.150001	111.457001	9.101474	34.678436	-0.000702	10.198250	0.022003
#GD	11.166667	111.612000	9.157112	34.677750	-0.000702	10.221250	0.021995
#GD	11.183334	111.771004	9.197463	34.677063	-0.000699	10.244625	0.022008
#GD	11.200001	111.917000	9.271633	34.676220	-0.000696	10.265125	0.022166
#GD	11.216667	112.080002	9.351272	34.675529	-0.000697	10.286375	0.022141
#GD	11.233334	112.242996	9.418363	34.674782	-0.000711	10.308125	0.021986
#GD	11.250001	112.398003	9.408009	34.674217	-0.000714	10.330250	0.021954
#GD	11.266667	112.547997	9.412907	34.673531	-0.000713	10.352750	0.021986
#GD	11.283334	112.710999	9.406369	34.672844	-0.000708	10.376125	0.022107
#GD	11.300000	112.870003	9.350734	34.672062	-0.000711	10.397375	0.022114
#GD	11.316668	113.024002	9.277647	34.671219	-0.000711	10.418375	0.022172
#GD	11.333334	113.174004	9.220364	34.670532	-0.000725	10.441125	0.022238
#GD	11.350000	113.336998	9.159830	34.669876	-0.000729	10.463500	0.022162
#GD	11.366667	113.487000	9.104178	34.669220	-0.000730	10.485875	0.022050
#GD	11.383334	113.637001	9.091615	34.668468	-0.000730	10.507000	0.022108
#GD	11.400001	113.778999	9.079077	34.667812	-0.000746	10.531000	0.022197
#GD	11.416667	113.929001	9.089984	34.666874	-0.000766	10.554000	0.022304
#GD	11.433334	114.079002	9.095444	34.666187	-0.000777	10.573500	0.022388
#GD	11.450001	114.237000	9.149992	34.665470	-0.000782	10.594375	0.022466
#GD	11.466667	114.394997	9.192002	34.664688	-0.000780	10.618375	0.022641
#GD	11.483334	114.541000	9.221454	34.663658	-0.000770	10.642000	0.022722
#GD	11.500001	114.698997	9.223081	34.662907	-0.000756	10.666125	0.022888
#GD	11.516667	114.851997	9.224729	34.662251	-0.000758	10.687875	0.023058
#GD	11.533334	115.010002	9.225282	34.661530	-0.000753	10.710250	0.023099
#GD	11.550000	115.160004	9.232919	34.660782	-0.000736	10.734875	0.023066
#GD	11.566668	115.309998	9.239460	34.660187	-0.000726	10.757250	0.022978
#GD	11.583334	115.463997	9.235095	34.659405	-0.000730	10.780375	0.022873
#GD	11.600000	115.621002	9.214371	34.658501	-0.000739	10.802750	0.022813
#GD	11.616668	115.778999	9.206726	34.657780	-0.000740	10.826250	0.022679
#GD	11.633334	115.931999	9.223088	34.657249	-0.000737	10.850125	0.022564
#GD	11.650001	116.081001	9.226913	34.656376	-0.000739	10.871250	0.022621
#GD	11.666667	116.238998	9.194733	34.655655	-0.000735	10.893125	0.022695
#GD	11.683334	116.383003	9.164183	34.654842	-0.000736	10.915375	0.022696
#GD	11.700001	116.541000	9.123821	34.654186	-0.000738	10.937500	0.022614
#GD	11.716667	116.697998	9.127096	34.653530	-0.000735	10.961000	0.022186
#GD	11.733334	116.850998	9.076904	34.652718	-0.000721	10.985375	0.021780
#GD	11.750001	116.996002	8.952538	34.651939	-0.000713	11.009000	0.021291
#GD	11.766667	117.149002	8.840161	34.651127	-0.000707	11.030000	0.020904
#GD	11.783334	117.293999	8.733257	34.650532	-0.000709	11.051250	0.020659
#GD	11.800000	117.455002	8.697809	34.649937	-0.000705	11.065125	0.020593
#GD	11.816668	117.586998	8.717984	34.649220	-0.000704	11.084750	0.020613
#GD	11.833334	117.711998	8.756166	34.648533	-0.000707	11.104500	0.020764
#GD	11.850000	117.852997	8.824368	34.647781	-0.000717	11.127125	0.021154
#GD	11.866668	118.004997	8.915460	34.647030	-0.000727	11.150375	0.021649
#GD	11.883334	118.166000	8.971107	34.646374	-0.000725	11.174750	0.022187
#GD	11.900001	118.322998	9.060025	34.645531	-0.000722	11.195875	0.022539
#GD	11.916667	118.471001	9.136921	34.644814	-0.000715	11.216500	0.022977
#GD	11.933334	118.632004	9.141819	34.644001	-0.000711	11.239625	0.023318
#GD	11.950001	118.783997	9.079642	34.643406	-0.000715	11.262875	0.023638
#GD	11.966667	118.924004	9.030550	34.642845	-0.000721	11.284875	0.023973
#GD	11.983334	119.069000	9.032726	34.642033	-0.000725	11.310875	0.024221
#GD	12.000001	119.228996	9.070908	34.641407	-0.000734	11.338375	0.024455
#GD	12.016667	119.380997	9.106363	34.640594	-0.000751	11.363250	0.024564
#GD	12.033334	119.521004	9.185456	34.639751	-0.000775	11.387375	0.024615
#GD	12.050000	119.677002	9.279815	34.638969	-0.000788	11.411875	0.024511
#GD	12.066668	119.836998	9.346365	34.638218	-0.000791	11.433000	0.024181
#GD	12.083334	119.996002	9.372000	34.637470	-0.000804	11.459000	0.023935
#GD	12.100000	120.152000	9.421088	34.636562	-0.000812	11.484125	0.023775
#GD	12.116668	120.310997	9.457081	34.635719	-0.000815	11.508625	0.023667
#GD	12.133334	120.470001	9.439092	34.635033	-0.000823	11.531125	0.023622
#GD	12.150001	120.628998	9.411276	34.634220	-0.000832	11.553375	0.023548
#GD	12.166667	120.780998	9.398188	34.633282	-0.000836	11.577750	0.023266
#GD	12.183334	120.940002	9.375275	34.632374	-0.000826	11.600000	0.023036
#GD	12.200001	121.095001	9.348013	34.631657	-0.000821	11.623625	0.022907
#GD	12.216667	121.250000	9.304908	34.630783	-0.000814	11.648125	0.022845
#GD	12.233334	121.404999	9.285283	34.629906	-0.000802	11.670250	0.022800
#GD	12.250001	121.564003	9.286365	34.629093	-0.000783	11.692000	0.022725
#GD	12.266667	121.714996	9.266722	34.628468	-0.000769	11.713750	0.022678
#GD	12.283334	121.870003	9.227995	34.627655	-0.000757	11.736750	0.022544
#GD	12.300000	122.016998	9.187634	34.626938	-0.000736	11.759375	0.022394
#GD	12.316668	122.176003	9.158719	34.626095	-0.000715	11.782875	0.022316
#GD	12.333334	122.334000	9.138528	34.625439	-0.000706	11.805875	0.022178
#GD	12.350000	122.485001	9.143437	34.624718	-0.000701	11.827750	0.022030
#GD	12.366668	122.627998	9.135789	34.624031	-0.000687	11.849125	0.021866
#GD	12.383334	122.778999	9.153809	34.623436	-0.000689	11.870250	0.021741
#GD	12.400001	122.933998	9.147270	34.622845	-0.000697	11.891750	0.021633
#GD	12.416667	123.087997	9.150545	34.622032	-0.000707	11.912625	0.021690
#GD	12.433334	123.242996	9.157097	34.621346	-0.000716	11.934750	0.021877
#GD	12.450001	123.392998	9.169102	34.620750	-0.000723	11.956875	0.022084
#GD	12.466667	123.552002	9.158736	34.619812	-0.000733	11.978750	0.022397
#GD	12.483334	123.703003	9.148914	34.618999	-0.000736	12.000375	0.022716
#GD	12.500001	123.852997	9.147816	34.618374	-0.000729	12.024000	0.022962
#GD	12.516667	124.000000	9.152735	34.617626	-0.000724	12.047500	0.023185
#GD	12.533334	124.153999	9.158719	34.616970	-0.000728	12.070000	0.023329
#GD	12.550000	124.307999	9.159797	34.616188	-0.000721	12.095125	0.023274
#GD	12.566668	124.462997	9.172348	34.615501	-0.000732	12.119125	0.023083
#GD	12.583334	124.616997	9.185993	34.614811	-0.000748	12.141500	0.022944
#GD	12.600000	124.771004	9.195803	34.614155	-0.000754	12.165875	0.022889
#GD	12.616668	124.921997	9.167995	34.613220	-0.000766	12.188250	0.022790
#GD	12.633334	125.075996	9.096010	34.612530	-0.000774	12.208000	0.022524
#GD	12.650001	125.225998	9.031095	34.611626	-0.000780	12.229000	0.022394
#GD	12.666667	125.379997	9.000554	34.610844	-0.000789	12.254250	0.022377
#GD	12.683334	125.533997	8.977649	34.610188	-0.000795	12.278500	0.022391
#GD	12.700001	125.680000	8.964565	34.609314	-0.000788	12.300250	0.022479
#GD	12.716667	125.815002	8.953650	34.608532	-0.000787	12.320125	0.022629
#GD	12.733334	125.964996	8.974381	34.607811	-0.000781	12.343000	0.022732
#GD	12.750001	126.123001	8.992918	34.606907	-0.000776	12.366250	0.022753
#GD	12.766667	126.273003	9.033267	34.606094	-0.000776	12.389500	0.022876
#GD	12.783334	126.422997	9.106356	34.605408	-0.000768	12.411500	0.023091
#GD	12.800001	126.572998	9.159277	34.604656	-0.000762	12.435125	0.023338
#GD	12.816668	126.730003	9.157097	34.603874	-0.000760	12.459750	0.023461
#GD	12.833334	126.879997	9.162548	34.603218	-0.000757	12.483125	0.023544
#GD	12.850000	127.033997	9.194733	34.602345	-0.000761	12.505875	0.023587
#GD	12.866668	127.192001	9.219831	34.601624	-0.000776	12.529125	0.023679
#GD	12.883334	127.341003	9.232930	34.600906	-0.000783	12.553875	0.023630
#GD	12.900001	127.490997	9.246002	34.600094	-0.000778	12.578000	0.023577
#GD	12.916667	127.649002	9.242194	34.599281	-0.000784	12.601250	0.023495
#GD	12.933334	127.806000	9.218716	34.598499	-0.000787	12.624125	0.023343
#GD	12.950001	127.959999	9.229623	34.597561	-0.000787	12.648875	0.023197
#GD	12.966667	128.113007	9.271075	34.596844	-0.000789	12.671250	0.022985
#GD	12.983334	128.270996	9.301076	34.596313	-0.000786	12.694750	0.022862
#GD	13.000001	128.416000	9.318508	34.595314	-0.000790	12.716500	0.022780
#GD	13.016667	128.565994	9.326711	34.594467	-0.000796	12.738250	0.022842
#GD	13.033334	128.731003	9.334904	34.593845	-0.000807	12.762125	0.022845
#GD	13.050001	128.891998	9.357264	34.592968	-0.000824	12.784000	0.023019
#GD	13.066668	129.048996	9.375824	34.592186	-0.000831	12.807250	0.023177
#GD	13.083334	129.205994	9.382907	34.591282	-0.000827	12.829875	0.023376
#GD	13.100000	129.356003	9.351820	34.590439	-0.000833	12.855500	0.023570
#GD	13.116668	129.509003	9.297280	34.589500	-0.000843	12.877625	0.023733
#GD	13.133334	129.669998	9.260742	34.588688	-0.000825	12.902375	0.023935
#GD	13.150001	129.826996	9.249823	34.588001	-0.000812	12.925875	0.024097
#GD	13.166667	129.975998	9.231812	34.587124	-0.000798	12.949500	0.024243
#GD	13.183334	130.128998	9.221973	34.586250	-0.000792	12.974250	0.024421
#GD	13.200001	130.283005	9.199618	34.585377	-0.000776	12.999000	0.024560
#GD	13.216667	130.434998	9.183805	34.584908	-0.000770	13.023375	0.024253
#GD	13.233334	130.591995	9.198520	34.584061	-0.000766	13.048500	0.024003
#GD	13.250001	130.740997	9.219253	34.583248	-0.000753	13.073125	0.023784
#GD	13.266667	130.893997	9.225262	34.582375	-0.000755	13.099875	0.023506
#GD	13.283334	131.046997	9.205645	34.581814	-0.000773	13.122250	0.023275
#GD	13.300001	131.203995	9.198020	34.581001	-0.000788	13.139250	0.023139
#GD	13.316668	131.360992	9.153851	34.580250	-0.000790	13.163125	0.023089
#GD	13.333334	131.513000	9.128216	34.579563	-0.000797	13.187750	0.023130
#GD	13.350000	131.666000	9.105328	34.578594	-0.000806	13.210500	0.023270
#GD	13.366668	131.811005	9.075306	34.577595	-0.000815	13.234000	0.023685
#GD	13.383334	131.966995	9.048581	34.576969	-0.000803	13.258375	0.024147
#GD	13.400001	132.108002	9.041482	34.576157	-0.000796	13.282875	0.024234
#GD	13.416667	132.261002	9.053442	34.575283	-0.000793	13.306625	0.024336
#GD	13.433334	132.417007	9.081807	34.574471	-0.000778	13.330875	0.024304
#GD	13.450001	132.565994	9.127642	34.573780	-0.000762	13.356375	0.024161
#GD	13.466667	132.718002	9.165844	34.573189	-0.000765	13.381875	0.024077
#GD	13.483334	132.871002	9.201274	34.572311	-0.000763	13.405125	0.023971
#GD	13.500001	133.022995	9.115640	34.571407	-0.000766	13.430000	0.023934
#GD	13.516667	133.179001	9.035464	34.570717	-0.000774	13.450875	0.023902
#GD	13.533334	133.335007	8.980924	34.570126	-0.000789	13.473750	0.023793
#GD	13.550001	133.492004	8.942180	34.569218	-0.000809	13.499500	0.023845
#GD	13.566668	133.639999	8.925252	34.568405	-0.000814	13.522875	0.023948
#GD	13.583334	133.761002	8.931252	34.567562	-0.000822	13.547875	0.023948
#GD	13.600000	133.910004	8.933399	34.566780	-0.000848	13.572500	0.024102
#GD	13.616668	134.061996	8.957952	34.565907	-0.000864	13.594875	0.024092
#GD	13.633334	134.218002	9.007050	34.564907	-0.000860	13.620625	0.023955
#GD	13.650001	134.373993	9.094325	34.564156	-0.000854	13.644000	0.023902
#GD	13.666667	134.529999	9.183247	34.563343	-0.000841	13.666250	0.023802
#GD	13.683334	134.677994	9.194191	34.562248	-0.000831	13.692000	0.023709
#GD	13.700001	134.830002	9.199659	34.561470	-0.000812	13.715750	0.023707
#GD	13.716667	134.981995	9.202923	34.560749	-0.000793	13.738500	0.023818
#GD	13.733334	135.136993	9.207317	34.560032	-0.000781	13.762375	0.024095
#GD	13.750001	135.289001	9.214933	34.559311	-0.000773	13.785875	0.024373
#GD	13.766667	135.445007	9.236197	34.558437	-0.000763	13.808625	0.024614
#GD	13.783334	135.600998	9.259094	34.557751	-0.000774	13.833250	0.024854
#GD	13.800001	135.755997	9.287459	34.556999	-0.000781	13.861000	0.025078
#GD	13.816668	135.908005	9.309274	34.556252	-0.000788	13.887000	0.025315
#GD	13.833334	136.059998	9.340343	34.555344	-0.000786	13.912250	0.025513
#GD	13.850000	136.214996	9.368699	34.554592	-0.000781	13.938375	0.025652
#GD	13.866668	136.375000	9.414559	34.553688	-0.000781	13.961875	0.025611
#GD	13.883334	136.533997	9.452204	34.553001	-0.000778	13.987000	0.025508
#GD	13.900001	136.690002	9.481634	34.552189	-0.000776	14.014250	0.025564
#GD	13.916667	136.848999	9.500760	34.551533	-0.000773	14.039875	0.025606
#GD	13.933334	137.007996	9.494768	34.550751	-0.000773	14.065875	0.025581
#GD	13.950001	137.171005	9.471854	34.549969	-0.000785	14.090625	0.025556
#GD	13.966667	137.326004	9.451105	34.549187	-0.000803	14.116125	0.025402
#GD	13.983334	137.481995	9.428709	34.548344	-0.000817	14.142875	0.025122
#GD	14.000001	137.641006	9.397098	34.547531	-0.000825	14.167750	0.024915
#GD	14.016667	137.796005	9.363814	34.546814	-0.000825	14.192125	0.024633
#GD	14.033334	137.951004	9.337081	34.545750	-0.000816	14.216750	0.024428
#GD	14.050001	138.106995	9.328917	34.544937	-0.000812	14.241375	0.024168
#GD	14.066668	138.261993	9.314726	34.544094	-0.000799	14.264375	0.023903
#GD	14.083334	138.417007	9.311995	34.543407	-0.000785	14.288750	0.023736
#GD	14.100000	138.570999	9.328924	34.542625	-0.000773	14.311250	0.023590
#GD	14.116668	138.727005	9.349640	34.541969	-0.000759	14.336000	0.023438
#GD	14.133334	138.882004	9.375299	34.541061	-0.000756	14.359125	0.023273
#GD	14.150001	139.035995	9.396015	34.540405	-0.000753	14.382125	0.023256
#GD	14.166667	139.195007	9.406336	34.539688	-0.000761	14.405375	0.023192
#GD	14.183334	139.354004	9.409607	34.538876	-0.000770	14.428500	0.023086
#GD	14.200001	139.511993	9.413435	34.538063	-0.000773	14.451250	0.022840
#GD	14.216667	139.671005	9.429790	34.537342	-0.000777	14.473250	0.022641
#GD	14.233335	139.826004	9.430347	34.536625	-0.000791	14.498250	0.022514
#GD	14.250001	139.979996	9.415059	34.535751	-0.000788	14.521000	0.022454
#GD	14.266667	140.134995	9.397098	34.534874	-0.000786	14.542125	0.022491
#GD	14.283334	140.294006	9.392753	34.534248	-0.000786	14.562750	0.022617
#GD	14.300001	140.455994	9.415084	34.533314	-0.000785	14.584375	0.022642
#GD	14.316668	140.610001	9.425454	34.532467	-0.000787	14.607875	0.022595
#GD	14.333334	140.764999	9.412395	34.531906	-0.000785	14.631500	0.022639
#GD	14.350000	140.919006	9.326185	34.531063	-0.000785	14.655625	0.022613
#GD	14.366668	141.078003	9.231270	34.530251	-0.000781	14.679875	0.022529
#GD	14.383334	141.242996	9.146210	34.529530	-0.000771	14.700625	0.022333
#GD	14.400001	141.393997	9.093267	34.528625	-0.000764	14.722500	0.022088
#GD	14.416667	141.544006	9.047982	34.527813	-0.000763	14.744375	0.021901
#GD	14.433334	141.675995	9.016895	34.527061	-0.000757	14.764750	0.021763
#GD	14.450001	141.826004	9.000009	34.526470	-0.000755	14.786875	0.021762
#GD	14.466667	141.977005	9.010362	34.525688	-0.000761	14.808625	0.021838
#GD	14.483335	142.130997	9.070354	34.525002	-0.000759	14.830750	0.021966
#GD	14.500001	142.283997	9.148341	34.524250	-0.000762	14.853125	0.022099
#GD	14.516667	142.438004	9.232352	34.523376	-0.000774	14.874875	0.022256
#GD	14.533334	142.593002	9.255240	34.522594	-0.000785	14.897625	0.022284
#GD	14.550001	142.746994	9.267267	34.521687	-0.000789	14.918625	0.022328
#GD	14.566668	142.901001	9.280359	34.521030	-0.000790	14.942625	0.022360
#GD	14.583334	143.057999	9.308732	34.520313	-0.000780	14.964875	0.022401
#GD	14.600000	143.212997	9.326170	34.519405	-0.000771	14.987625	0.022509
#GD	14.616668	143.365997	9.365470	34.518658	-0.000778	15.009000	0.022756
#GD	14.633334	143.520004	9.393834	34.517845	-0.000782	15.031625	0.022988
#GD	14.650001	143.677994	9.416715	34.517124	-0.000814	15.054250	0.023091
#GD	14.666667	143.839005	9.424363	34.516468	-0.000795	15.077000	0.022995
#GD	14.683334	143.992996	9.434726	34.515656	-0.000753	15.100875	0.022689
#GD	14.700001	144.158005	9.484913	34.514626	-0.000716	15.127375	0.022300
#GD	14.716667	144.311996	9.504006	34.513874	-0.000677	15.150250	0.021845
#GD	14.733335	144.468994	9.508950	34.512627	-0.000654	15.172750	0.021547
#GD	14.750001	144.623001	9.518755	34.512688	-0.000638	15.190375	0.021385
#GD	14.766667	144.779999	9.519861	34.512405	-0.000625	15.208625	0.021301
#GD	14.783334	144.953003	9.493669	34.511814	-0.000621	15.228250	0.021301
#GD	14.800001	145.106003	9.487676	34.511219	-0.000647	15.249250	0.021563
#GD	14.816668	145.264008	9.470198	34.510376	-0.000676	15.273625	0.021959
#GD	14.833334	145.425003	9.471281	34.509563	-0.000743	15.297875	0.022542
#GD	14.850000	145.578003	9.454917	34.508781	-0.000776	15.321000	0.023082
#GD	14.866668	145.731003	9.429266	34.508030	-0.000787	15.343000	0.023440
#GD	14.883334	145.888000	9.446711	34.507095	-0.000788	15.365375	0.023538
#GD	14.900001	146.044998	9.450514	34.506405	-0.000771	15.388500	0.023557
#GD	14.916667	146.210007	9.443972	34.505562	-0.000757	15.413250	0.023600
#GD	14.933334	146.367004	9.436898	34.504845	-0.000744	15.439250	0.023773
#GD	14.950001	146.524002	9.402532	34.504093	-0.000736	15.463125	0.023838
#GD	14.966667	146.681000	9.369814	34.503345	-0.000725	15.484750	0.023756
#GD	14.983335	146.837997	9.339810	34.502781	-0.000730	15.509125	0.023586
#GD	15.000001	146.990997	9.290713	34.502029	-0.000742	15.532375	0.023342
#GD	15.016667	147.143005	9.264005	34.501312	-0.000755	15.557875	0.023140
#GD	15.033334	147.292999	9.229115	34.500500	-0.000764	15.579750	0.023058
#GD	15.050001	147.453003	9.198562	34.499813	-0.000770	15.601875	0.023089
#GD	15.066668	147.610001	9.177820	34.498936	-0.000769	15.624875	0.023142
#GD	15.083334	147.759003	9.199078	34.497971	-0.000765	15.647375	0.023288
#GD	15.100000	147.912003	9.237230	34.497280	-0.000765	15.670375	0.023428
#GD	15.116668	148.061005	9.260159	34.496563	-0.000761	15.693250	0.023768
#GD	15.133334	148.212997	9.261233	34.495876	-0.000766	15.717875	0.024097
#GD	15.150001	148.365997	9.274866	34.495281	-0.000764	15.743375	0.024367
#GD	15.166667	148.529999	9.303239	34.494438	-0.000763	15.767875	0.024621
#GD	15.183334	148.690994	9.312528	34.493561	-0.000778	15.791625	0.024901
#GD	15.200001	148.843002	9.289082	34.492813	-0.000783	15.817250	0.025041
#GD	15.216667	148.994995	9.238379	34.491905	-0.000786	15.842625	0.025015
#GD	15.233335	149.147995	9.181108	34.491158	-0.000782	15.867375	0.025015
#GD	15.250001	149.304001	9.117271	34.490437	-0.000778	15.892500	0.025039
#GD	15.266667	149.457001	9.091661	34.489563	-0.000772	15.919625	0.025003
#GD	15.283334	149.600998	9.102007	34.488937	-0.000769	15.943375	0.024883
#GD	15.300001	149.750000	9.121665	34.488155	-0.000759	15.966875	0.024780
#GD	15.316668	149.903000	9.140209	34.487469	-0.000750	15.992625	0.024701
#GD	15.333334	150.054993	9.198545	34.486500	-0.000739	16.017500	0.024682
#GD	15.350000	150.210007	9.279819	34.485783	-0.000726	16.041624	0.024684
#GD	15.366668	150.365997	9.369266	34.485062	-0.000724	16.066000	0.024868
#GD	15.383334	150.522003	9.425995	34.484406	-0.000720	16.090500	0.025075
#GD	15.400001	150.675003	9.459837	34.483780	-0.000725	16.115250	0.025219
#GD	15.416668	150.841995	9.469108	34.483093	-0.000727	16.141375	0.025439
#GD	15.433334	151.001999	9.470165	34.482407	-0.000746	16.166500	0.025680
#GD	15.450001	151.160995	9.444563	34.481594	-0.000755	16.192751	0.025905
#GD	15.466667	151.317001	9.411838	34.480812	-0.000770	16.219376	0.026103
#GD	15.483335	151.473007	9.380734	34.479908	-0.000781	16.245001	0.026346
#GD	15.500001	151.625000	9.384030	34.479156	-0.000792	16.271376	0.026502
#GD	15.516667	151.783997	9.434210	34.478283	-0.000793	16.297750	0.026563
#GD	15.533334	151.934006	9.497997	34.477718	-0.000789	16.324499	0.026523
#GD	15.550001	152.089005	9.590157	34.476845	-0.000784	16.351250	0.026415
#GD	15.566668	152.246994	9.665439	34.476063	-0.000775	16.379875	0.026271
#GD	15.583334	152.421005	9.733653	34.475155	-0.000768	16.406124	0.026082
#GD	15.600000	152.587006	9.748394	34.474468	-0.000765	16.430876	0.025898
#GD	15.616668	152.748993	9.730375	34.473686	-0.000768	16.456375	0.025644
#GD	15.633334	152.917999	9.657840	34.472939	-0.000763	16.481375	0.025351
#GD	15.650001	153.076004	9.543832	34.472218	-0.000768	16.506374	0.025050
#GD	15.666668	153.238007	9.444522	34.471561	-0.000763	16.532000	0.024868
#GD	15.683334	153.389008	9.386169	34.470688	-0.000770	16.557875	0.024627
#GD	15.700001	153.539001	9.351288	34.469936	-0.000769	16.582001	0.024415
#GD	15.716667	153.690002	9.320160	34.469093	-0.000774	16.605875	0.024276
#GD	15.733335	153.839996	9.331062	34.468220	-0.000783	16.629875	0.024171
#GD	15.750001	154.005997	9.343048	34.467625	-0.000778	16.653875	0.024144
#GD	15.766667	154.164001	9.371429	34.466782	-0.000771	16.675875	0.024082
#GD	15.783334	154.322006	9.373619	34.466095	-0.000767	16.700750	0.024101
#GD	15.800001	154.475998	9.368716	34.465248	-0.000759	16.725750	0.024067
#GD	15.816668	154.634003	9.363806	34.464344	-0.000755	16.750376	0.024001
#GD	15.833334	154.787994	9.331079	34.463814	-0.000757	16.775875	0.023916
#GD	15.850000	154.942001	9.342541	34.462967	-0.000748	16.798250	0.023767
#GD	15.866668	155.091995	9.341450	34.462219	-0.000742	16.822250	0.023519
#GD	15.883334	155.250000	9.332178	34.461533	-0.000731	16.844999	0.023277
#GD	15.900001	155.410995	9.325104	34.460751	-0.000726	16.868250	0.023166
#GD	15.916668	155.565002	9.345279	34.460030	-0.000734	16.891500	0.023242
#GD	15.933334	155.727005	9.363831	34.459312	-0.000737	16.913626	0.023379
#GD	15.950001	155.876999	9.370922	34.458626	-0.000743	16.937000	0.023495
#GD	15.966667	156.026993	9.372528	34.457905	-0.000738	16.959499	0.023679
#GD	15.983335	156.184006	9.407967	34.457157	-0.000737	16.984125	0.023791
#GD	16.000000	156.345993	9.402508	34.456345	-0.000733	17.010374	0.023911
#GD	16.016668	156.503006	9.353427	34.455502	-0.000729	17.033125	0.024060
#GD	16.033335	156.656998	9.315291	34.454781	-0.000718	17.057249	0.024229
#GD	16.050001	156.817993	9.255300	34.454281	-0.000712	17.081751	0.024443
#GD	16.066668	156.985992	9.173450	34.453407	-0.000701	17.104750	0.024263
#GD	16.083334	157.125000	9.090013	34.452812	-0.000702	17.129000	0.023930
#GD	16.100000	157.266998	9.028381	34.452095	-0.000706	17.153875	0.023778
#GD	16.116667	157.417007	8.976022	34.451500	-0.000721	17.180250	0.023585
#GD	16.133335	157.567001	8.930212	34.450657	-0.000733	17.206499	0.023503
#GD	16.150002	157.716995	8.956911	34.450062	-0.000734	17.224751	0.023478
#GD	16.166668	157.865997	9.044153	34.449093	-0.000741	17.244875	0.023562
#GD	16.183334	158.016006	9.127084	34.448406	-0.000738	17.269501	0.023634
#GD	16.200001	158.164993	9.192544	34.447594	-0.000738	17.293125	0.023750
#GD	16.216667	158.315002	9.247666	34.446938	-0.000731	17.318624	0.023988
#GD	16.233334	158.479996	9.290771	34.446220	-0.000725	17.342751	0.024406
#GD	16.250000	158.632996	9.331120	34.445499	-0.000708	17.369749	0.024691
#GD	16.266668	158.794006	9.339844	34.444874	-0.000702	17.393375	0.024693
#GD	16.283335	158.951004	9.331138	34.444061	-0.000696	17.417376	0.024619
#GD	16.300001	159.104004	9.310930	34.443344	-0.000697	17.441126	0.024406
#GD	16.316668	159.257004	9.267292	34.442688	-0.000699	17.465750	0.024128
#GD	16.333334	159.414001	9.236731	34.442062	-0.000718	17.492750	0.023687
#GD	16.350000	159.563004	9.218719	34.441376	-0.000731	17.516001	0.023445
#GD	16.366667	159.716003	9.238362	34.440655	-0.000741	17.539000	0.023215
#GD	16.383335	159.873001	9.268882	34.439938	-0.000749	17.561501	0.022906
#GD	16.400002	160.026001	9.311437	34.439156	-0.000771	17.583124	0.022622
#GD	16.416668	160.175003	9.367067	34.438095	-0.000799	17.603500	0.022327
#GD	16.433334	160.335007	9.437955	34.437469	-0.000822	17.627625	0.022279
#GD	16.450001	160.496002	9.482141	34.436657	-0.000836	17.651125	0.022281
#GD	16.466667	160.651993	9.511597	34.436062	-0.000827	17.672125	0.022435
#GD	16.483334	160.813004	9.534518	34.435001	-0.000811	17.695126	0.022695
#GD	16.500000	160.975998	9.519261	34.433998	-0.000798	17.716125	0.022913
#GD	16.516668	161.136993	9.514893	34.433094	-0.000798	17.739250	0.023019
#GD	16.533335	161.292999	9.534560	34.432343	-0.000794	17.761749	0.023223
#GD	16.550001	161.449997	9.550389	34.431908	-0.000773	17.786625	0.023578
#GD	16.566668	161.606003	9.534535	34.431187	-0.000742	17.811501	0.023929
#GD	16.583334	161.755005	9.516549	34.430283	-0.000725	17.834625	0.024390
#GD	16.600000	161.925995	9.497457	34.429501	-0.000719	17.858000	0.024729
#GD	16.616667	162.093002	9.503424	34.428623	-0.000713	17.882126	0.025095
#GD	16.633335	162.250000	9.497972	34.428219	-0.000709	17.908125	0.025549
#GD	16.650002	162.401993	9.495251	34.427437	-0.000682	17.934250	0.025985
#GD	16.666668	162.557999	9.479428	34.426689	-0.000656	17.961500	0.026401
#GD	16.683334	162.710999	9.427635	34.425999	-0.000632	17.986876	0.026734
#GD	16.700001	162.873993	9.408009	34.425468	-0.000615	18.013874	0.026941
#GD	16.716667	163.029999	9.404747	34.424812	-0.000614	18.043751	0.026987
#GD	16.733334	163.190002	9.423324	34.424343	-0.000601	18.069876	0.027018
#GD	16.750000	163.345993	9.424938	34.423656	-0.000584	18.096251	0.027011
#GD	16.766668	163.501999	9.409682	34.423187	-0.000585	18.123625	0.027037
#GD	16.783335	163.658005	9.380759	34.422562	-0.000587	18.150625	0.026981
#GD	16.800001	163.809998	9.388391	34.421875	-0.000594	18.176624	0.026911
#GD	16.816668	163.973007	9.357846	34.421280	-0.000592	18.204000	0.026931
#GD	16.833334	164.128998	9.311504	34.420906	-0.000584	18.231001	0.026880
#GD	16.850000	164.281006	9.252569	34.420094	-0.000595	18.258375	0.026732
#GD	16.866667	164.436996	9.185452	34.419594	-0.000615	18.285500	0.026605
#GD	16.883335	164.600006	9.106368	34.418842	-0.000654	18.312500	0.026477
#GD	16.900002	164.744003	9.038144	34.418499	-0.000692	18.338375	0.026290
#GD	16.916668	164.889008	9.001049	34.417938	-0.000726	18.364374	0.026146
#GD	16.933334	165.037003	8.992310	34.417061	-0.000728	18.389500	0.025954
#GD	16.950001	165.184998	8.985235	34.416092	-0.000743	18.415751	0.025740
#GD	16.966667	165.330002	9.026118	34.415031	-0.000739	18.441750	0.025493
#GD	16.983334	165.485992	9.104145	34.414345	-0.000747	18.467501	0.025254
#GD	17.000000	165.636993	9.182157	34.413658	-0.000735	18.493750	0.024889
#GD	17.016668	165.792999	9.244363	34.413280	-0.000714	18.518250	0.024506
#GD	17.033335	165.944000	9.295099	34.412437	-0.000685	18.542376	0.024124
#GD	17.050001	166.106995	9.333294	34.411938	-0.000666	18.565874	0.023885
#GD	17.066668	166.259003	9.320234	34.411030	-0.000661	18.589750	0.023713
#GD	17.083334	166.417999	9.342599	34.410343	-0.000667	18.611376	0.023621
#GD	17.100000	166.572998	9.351296	34.409561	-0.000677	18.634375	0.023691
#GD	17.116667	166.727997	9.346377	34.409126	-0.000673	18.658251	0.023847
#GD	17.133335	166.884003	9.335999	34.408470	-0.000674	18.683624	0.024103
#GD	17.150002	167.031006	9.363249	34.407906	-0.000667	18.707500	0.024386
#GD	17.166668	167.197006	9.395458	34.407093	-0.000661	18.731501	0.024591
#GD	17.183334	167.352997	9.416748	34.406345	-0.000664	18.756374	0.024684
#GD	17.200001	167.503998	9.470207	34.405655	-0.000677	18.781376	0.024729
#GD	17.216667	167.662994	9.514901	34.405033	-0.000676	18.807249	0.024804
#GD	17.233334	167.824997	9.555284	34.404343	-0.000661	18.832624	0.024873
#GD	17.250000	167.988007	9.579313	34.403873	-0.000649	18.855625	0.024934
#GD	17.266668	168.139008	9.606046	34.403061	-0.000648	18.880375	0.024820
#GD	17.283335	168.309006	9.622925	34.402344	-0.000651	18.905500	0.024588
#GD	17.300001	168.466995	9.631082	34.401718	-0.000663	18.931749	0.024374
#GD	17.316668	168.626007	9.637598	34.401344	-0.000664	18.955875	0.024233
#GD	17.333334	168.792007	9.628867	34.400501	-0.000676	18.981501	0.024278
#GD	17.350000	168.945999	9.615251	34.399780	-0.000672	19.003626	0.024283
#GD	17.366667	169.104996	9.569974	34.399124	-0.000673	19.025625	0.024320
#GD	17.383335	169.270996	9.562342	34.398312	-0.000685	19.049875	0.024364
#GD	17.400002	169.432999	9.535609	34.397812	-0.000694	19.074125	0.024582
#GD	17.416668	169.587006	9.528001	34.396969	-0.000683	19.101126	0.024965
#GD	17.433334	169.742004	9.544930	34.396408	-0.000672	19.126375	0.025314
#GD	17.450001	169.899994	9.522566	34.395782	-0.000660	19.151501	0.025480
#GD	17.466667	170.061996	9.500727	34.394936	-0.000645	19.175751	0.025189
#GD	17.483334	170.216003	9.499628	34.394279	-0.000633	19.202126	0.024613
#GD	17.500000	170.382004	9.477798	34.393688	-0.000613	19.230875	0.023885
#GD	17.516668	170.542999	9.472353	34.393158	-0.000599	19.254375	0.023348
#GD	17.533335	170.694000	9.436390	34.392563	-0.000577	19.278376	0.022930
#GD	17.550001	170.852997	9.385078	34.391998	-0.000559	19.296875	0.022610
#GD	17.566668	171.011002	9.343614	34.391468	-0.000558	19.315750	0.022389
#GD	17.583334	171.156998	9.311995	34.390877	-0.000574	19.336500	0.022322
#GD	17.600000	171.322998	9.303265	34.390373	-0.000595	19.360750	0.022601
#GD	17.616667	171.473007	9.285828	34.389908	-0.000609	19.385000	0.022990
#GD	17.633335	171.623993	9.237812	34.389252	-0.000633	19.408751	0.023452
#GD	17.650002	171.778000	9.187616	34.388596	-0.000650	19.433250	0.023699
#GD	17.666668	171.940002	9.157638	34.387749	-0.000664	19.456499	0.023739
#GD	17.683334	172.093994	9.099809	34.387032	-0.000663	19.480499	0.023547
#GD	17.700001	172.240005	9.077461	34.386501	-0.000649	19.504625	0.023346
#GD	17.716667	172.386993	9.087849	34.385654	-0.000626	19.527500	0.023151
#GD	17.733334	172.533997	9.085085	34.385124	-0.000605	19.550375	0.023021
#GD	17.750000	172.688004	9.082348	34.384438	-0.000592	19.573875	0.023015
#GD	17.766668	172.837997	9.123796	34.384064	-0.000581	19.595501	0.022896
#GD	17.783335	172.988007	9.215990	34.383595	-0.000584	19.618000	0.022806
#GD	17.800001	173.153000	9.276015	34.382999	-0.000584	19.640499	0.022749
#GD	17.816668	173.302994	9.315798	34.382374	-0.000599	19.664499	0.022579
#GD	17.833334	173.453995	9.328866	34.381596	-0.000608	19.688999	0.022321
#GD	17.850000	173.610992	9.345811	34.381157	-0.000621	19.709749	0.021962
#GD	17.866667	173.779007	9.332720	34.380405	-0.000628	19.732250	0.021616
#GD	17.883335	173.929001	9.319644	34.379780	-0.000622	19.754375	0.021339
#GD	17.900002	174.082993	9.338729	34.379124	-0.000616	19.774376	0.021142
#GD	17.916668	174.235992	9.337089	34.378593	-0.000613	19.794374	0.021010
#GD	17.933334	174.393005	9.345795	34.377998	-0.000616	19.812750	0.021042
#GD	17.950001	174.542999	9.333227	34.377312	-0.000616	19.834875	0.021141
#GD	17.966667	174.703995	9.350705	34.376812	-0.000608	19.857250	0.021358
#GD	17.983334	174.860992	9.369290	34.376156	-0.000606	19.879875	0.021660
#GD	18.000000	175.014999	9.393269	34.375469	-0.000604	19.900375	0.021901
#GD	18.016668	175.179993	9.440719	34.374905	-0.000593	19.921749	0.022076
#GD	18.033335	175.328995	9.480585	34.374157	-0.000586	19.944876	0.022079
#GD	18.050001	175.481995	9.523157	34.373844	-0.000586	19.967501	0.022108
#GD	18.066668	175.643005	9.572771	34.373123	-0.000583	19.989876	0.022214
#GD	18.083334	175.802994	9.619679	34.372593	-0.000581	20.011625	0.022410
#GD	18.100000	175.972000	9.640961	34.372124	-0.000578	20.033625	0.022566
#GD	18.116667	176.128006	9.657290	34.371468	-0.000573	20.055626	0.022694
#GD	18.133335	176.296005	9.658921	34.370811	-0.000570	20.078251	0.022837
#GD	18.150002	176.455994	9.614710	34.370186	-0.000559	20.101749	0.022977
#GD	18.166668	176.617004	9.584173	34.369625	-0.000557	20.125500	0.023149
#GD	18.183334	176.774002	9.524173	34.369156	-0.000548	20.149124	0.023275
#GD	18.200001	176.925995	9.494177	34.368626	-0.000541	20.172625	0.023315
#GD	18.216667	177.091003	9.473453	34.368217	-0.000547	20.195375	0.023355
#GD	18.233334	177.242996	9.490939	34.367592	-0.000563	20.218250	0.023298
#GD	18.250000	177.406998	9.473993	34.367001	-0.000575	20.242250	0.023134
#GD	18.266668	177.557007	9.477839	34.366562	-0.000598	20.265625	0.022953
#GD	18.283335	177.716003	9.453843	34.365875	-0.000613	20.288124	0.022749
#GD	18.300001	177.880997	9.404189	34.365124	-0.000613	20.312626	0.022612
#GD	18.316668	178.044006	9.381824	34.364437	-0.000618	20.334749	0.022409
#GD	18.333334	178.188995	9.373077	34.363998	-0.000631	20.355499	0.022058
#GD	18.350000	178.350006	9.363249	34.363186	-0.000638	20.377375	0.021833
#GD	18.366667	178.498001	9.347434	34.362625	-0.000629	20.398874	0.021626
#GD	18.383335	178.651001	9.343606	34.362312	-0.000625	20.422125	0.021367
#GD	18.400002	178.807999	9.374134	34.361404	-0.000626	20.443251	0.021138
#GD	18.416668	178.973999	9.375241	34.360626	-0.000620	20.462126	0.020866
#GD	18.433334	179.123001	9.320692	34.360092	-0.000616	20.484875	0.020484
#GD	18.450001	179.283997	9.262914	34.359562	-0.000611	20.505751	0.020064
#GD	18.466667	179.442993	9.167999	34.358875	-0.000601	20.525625	0.019692
#GD	18.483334	179.602997	9.062206	34.358280	-0.000578	20.544374	0.019503
#GD	18.500002	179.740997	8.994007	34.357906	-0.000553	20.563250	0.019432
#GD	18.516668	179.886002	8.999475	34.357063	-0.000537	20.581625	0.019324
#GD	18.533335	180.031006	8.994565	34.356655	-0.000522	20.599751	0.019426
#GD	18.550001	180.175995	9.038743	34.356155	-0.000499	20.619499	0.019635
#GD	18.566668	180.324005	9.104162	34.355530	-0.000487	20.639750	0.019893
#GD	18.583334	180.483994	9.227983	34.355282	-0.000479	20.660500	0.020144
#GD	18.600000	180.647003	9.325611	34.354813	-0.000464	20.680500	0.020337
#GD	18.616667	180.798996	9.408517	34.354252	-0.000470	20.701500	0.020521
#GD	18.633335	180.959000	9.469108	34.353905	-0.000473	20.722124	0.020703
#GD	18.650002	181.110992	9.494202	34.353374	-0.000489	20.742624	0.020945
#GD	18.666668	181.274002	9.473485	34.352875	-0.000507	20.763374	0.021118
#GD	18.683334	181.432999	9.465837	34.352406	-0.000525	20.783251	0.021320
#GD	18.700001	181.591995	9.451130	34.351845	-0.000526	20.805000	0.021323
#GD	18.716667	181.751007	9.430955	34.351376	-0.000539	20.827875	0.021252
#GD	18.733334	181.908005	9.435317	34.350624	-0.000547	20.851126	0.021204
#GD	18.750002	182.059998	9.406362	34.350220	-0.000558	20.871626	0.021111
#GD	18.766668	182.220001	9.401991	34.349468	-0.000563	20.893749	0.020996
#GD	18.783335	182.369003	9.399811	34.349220	-0.000557	20.912001	0.020879
#GD	18.800001	182.529007	9.431413	34.348530	-0.000547	20.931499	0.020788
#GD	18.816668	182.692001	9.511630	34.347908	-0.000526	20.953251	0.020778
#GD	18.833334	182.843994	9.554735	34.347282	-0.000518	20.973875	0.020954
#GD	18.850000	183.003998	9.571064	34.346783	-0.000509	20.994749	0.021265
#GD	18.866667	183.160004	9.614702	34.346375	-0.000513	21.017124	0.021619
#GD	18.883335	183.326996	9.643075	34.345936	-0.000503	21.038376	0.021808
#GD	18.900002	183.501007	9.663815	34.345562	-0.000509	21.059376	0.021928
#GD	18.916668	183.649002	9.679106	34.345001	-0.000523	21.081875	0.022008
#GD	18.933334	183.804993	9.675809	34.344406	-0.000547	21.106375	0.021992
#GD	18.950001	183.972000	9.652339	34.343845	-0.000562	21.127750	0.022021
#GD	18.966667	184.138000	9.631089	34.343311	-0.000565	21.149000	0.022094
#GD	18.983334	184.296997	9.609267	34.342625	-0.000556	21.171499	0.022118
#GD	19.000002	184.453003	9.627286	34.341999	-0.000533	21.192499	0.022084
#GD	19.016668	184.615997	9.589133	34.341373	-0.000503	21.213499	0.022028
#GD	19.033335	184.770996	9.518745	34.340969	-0.000463	21.237375	0.021927
#GD	19.050001	184.938004	9.454359	34.340561	-0.000429	21.260000	0.021569
#GD	19.066668	185.093002	9.409108	34.340187	-0.000394	21.282000	0.021079
#GD	19.083334	185.251999	9.387825	34.339813	-0.000378	21.304251	0.020566
#GD	19.100000	185.404007	9.367642	34.339470	-0.000372	21.325750	0.020120
#GD	19.116667	185.556000	9.358895	34.339314	-0.000380	21.344126	0.019768
#GD	19.133335	185.707993	9.320718	34.338814	-0.000389	21.360374	0.019668
#GD	19.150002	185.863007	9.334342	34.338501	-0.000420	21.378500	0.019772
#GD	19.166668	186.026001	9.344147	34.337906	-0.000452	21.396875	0.020078
#GD	19.183334	186.184998	9.374160	34.337532	-0.000476	21.418249	0.020515
#GD	19.200001	186.339996	9.352353	34.337063	-0.000485	21.440250	0.021052
#GD	19.216667	186.488007	9.292886	34.336655	-0.000472	21.462500	0.021484
#GD	19.233334	186.649994	9.211062	34.335812	-0.000462	21.484875	0.021697
#GD	19.250002	186.804993	9.127100	34.335281	-0.000436	21.507875	0.021853
#GD	19.266668	186.964005	9.058402	34.334938	-0.000430	21.529249	0.021809
#GD	19.283335	187.104996	9.052377	34.334686	-0.000424	21.550625	0.021681
#GD	19.300001	187.248993	9.051261	34.334408	-0.000425	21.571251	0.021525
#GD	19.316668	187.397003	9.037112	34.333969	-0.000424	21.592375	0.021346
#GD	19.333334	187.548004	9.099809	34.333717	-0.000435	21.615749	0.021289
#GD	19.350000	187.695007	9.212702	34.333031	-0.000444	21.636749	0.021400
#GD	19.366667	187.860992	9.351279	34.332531	-0.000445	21.657249	0.021465
#GD	19.383335	188.011993	9.429815	34.331905	-0.000446	21.677999	0.021498
#GD	19.400002	188.164001	9.481626	34.331436	-0.000453	21.698376	0.021513
#GD	19.416668	188.332993	9.542167	34.331123	-0.000458	21.721375	0.021507
#GD	19.433334	188.501999	9.579820	34.330875	-0.000471	21.744749	0.021622
#GD	19.450001	188.660004	9.566778	34.330563	-0.000487	21.765499	0.021728
#GD	19.466667	188.807999	9.564049	34.330002	-0.000489	21.786375	0.021903
#GD	19.483334	188.966003	9.555841	34.329281	-0.000500	21.808374	0.022109
#GD	19.500002	189.134995	9.567826	34.328812	-0.000506	21.830000	0.022142
#GD	19.516668	189.292999	9.593436	34.327908	-0.000504	21.852125	0.022148
#GD	19.533335	189.447006	9.619612	34.327499	-0.000493	21.874001	0.022159
#GD	19.550001	189.602005	9.658373	34.327312	-0.000466	21.898375	0.022061
#GD	19.566668	189.766998	9.653995	34.326813	-0.000442	21.922375	0.021920
#GD	19.583334	189.942993	9.652928	34.326469	-0.000431	21.943001	0.021868
#GD	19.600000	190.100998	9.695468	34.326031	-0.000414	21.963751	0.021829
#GD	19.616667	190.251999	9.729842	34.325500	-0.000419	21.984249	0.021901
#GD	19.633335	190.417007	9.727137	34.325157	-0.000432	22.004875	0.021990
#GD	19.650002	190.574997	9.721678	34.324688	-0.000437	22.026751	0.022182
#GD	19.666668	190.740005	9.705830	34.324188	-0.000443	22.050375	0.022486
#GD	19.683334	190.908005	9.722709	34.323875	-0.000448	22.073126	0.022666
#GD	19.700001	191.070007	9.731406	34.323502	-0.000453	22.097626	0.022782
#GD	19.716667	191.227005	9.707412	34.322906	-0.000463	22.120874	0.022878
#GD	19.733334	191.395996	9.680162	34.322407	-0.000468	22.143250	0.022875
#GD	19.750002	191.552994	9.671964	34.321999	-0.000470	22.165874	0.022833
#GD	19.766668	191.710999	9.659987	34.321468	-0.000477	22.187124	0.022795
#GD	19.783335	191.871994	9.635991	34.320999	-0.000484	22.209625	0.022706
#GD	19.800001	192.033005	9.609275	34.320530	-0.000484	22.233749	0.022801
#GD	19.816668	192.190002	9.558030	34.320030	-0.000489	22.256750	0.023012
#GD	19.833334	192.362000	9.569458	34.319656	-0.000491	22.280001	0.023282
#GD	19.850000	192.520004	9.586903	34.319126	-0.000493	22.302376	0.023441
#GD	19.866667	192.669998	9.587444	34.318501	-0.000488	22.324375	0.023417
#GD	19.883335	192.826996	9.581418	34.318031	-0.000486	22.349251	0.023316
#GD	19.900002	192.981003	9.541052	34.317532	-0.000475	22.374250	0.023228
#GD	19.916668	193.151993	9.472345	34.317123	-0.000455	22.399376	0.023026
#GD	19.933334	193.317001	9.488168	34.316563	-0.000443	22.421000	0.022788
#GD	19.950001	193.473999	9.490914	34.316250	-0.000442	22.442499	0.022525
#GD	19.966667	193.630997	9.418938	34.315720	-0.000435	22.464874	0.022200
#GD	19.983334	193.776993	9.331113	34.315407	-0.000421	22.487249	0.021895
#GD	20.000002	193.927002	9.210571	34.315189	-0.000411	22.507875	0.021689
#GD	20.016668	194.098999	9.166368	34.314499	-0.000404	22.529375	0.021653
#GD	20.033335	194.251999	9.144579	34.313873	-0.000419	22.551874	0.021488
#GD	20.050001	194.391006	9.143479	34.313686	-0.000415	22.573999	0.021321
#GD	20.066668	194.541000	9.207275	34.313438	-0.000409	22.594500	0.021275
#GD	20.083334	194.686996	9.248166	34.313030	-0.000402	22.615749	0.021279
#GD	20.100000	194.850998	9.284729	34.312561	-0.000385	22.637625	0.021216
#GD	20.116667	195.001007	9.356174	34.311844	-0.000384	22.656500	0.021055
#GD	20.133335	195.156998	9.420527	34.311687	-0.000402	22.677750	0.020980
#GD	20.150002	195.328995	9.421093	34.311470	-0.000410	22.700624	0.020924
#GD	20.166668	195.485001	9.429282	34.311001	-0.000404	22.722000	0.020840
#GD	20.183334	195.645004	9.432528	34.310593	-0.000406	22.742750	0.020682
#GD	20.200001	195.794998	9.429240	34.310158	-0.000414	22.761749	0.020604
#GD	20.216667	195.947998	9.403615	34.309624	-0.000426	22.783125	0.020462
#GD	20.233334	196.097000	9.406910	34.309219	-0.000432	22.803249	0.020269
#GD	20.250002	196.261002	9.475625	34.308937	-0.000424	22.823875	0.020258
#GD	20.266668	196.427994	9.532895	34.308342	-0.000410	22.842625	0.020286
#GD	20.283335	196.576996	9.607660	34.307842	-0.000403	22.863501	0.020316
#GD	20.300001	196.733994	9.665481	34.307655	-0.000394	22.884624	0.020217
#GD	20.316668	196.904007	9.720003	34.307156	-0.000386	22.903625	0.020171
#GD	20.333334	197.070999	9.728751	34.306812	-0.000371	22.925375	0.020115
#GD	20.350000	197.227997	9.738014	34.306564	-0.000351	22.945499	0.020154
#GD	20.366667	197.391006	9.740711	34.306030	-0.000340	22.965376	0.020335
#GD	20.383335	197.554001	9.731997	34.305687	-0.000349	22.984249	0.020651
#GD	20.400002	197.720993	9.715634	34.305405	-0.000361	23.004250	0.021068
#GD	20.416668	197.880005	9.732014	34.305187	-0.000375	23.024124	0.021351
#GD	20.433334	198.039993	9.732031	34.304844	-0.000382	23.045626	0.021646
#GD	20.450001	198.192993	9.751116	34.304531	-0.000372	23.070625	0.021881
#GD	20.466667	198.363007	9.731506	34.303936	-0.000368	23.094126	0.021988
#GD	20.483334	198.529007	9.699854	34.303314	-0.000368	23.117125	0.021851
#GD	20.500002	198.695999	9.689459	34.303001	-0.000362	23.137875	0.021674
#GD	20.516668	198.848007	9.652371	34.302719	-0.000358	23.158875	0.021339
#GD	20.533335	199.022003	9.611423	34.302593	-0.000350	23.180124	0.020938
#GD	20.550001	199.171005	9.544323	34.302311	-0.000337	23.200375	0.020554
#GD	20.566668	199.326996	9.484330	34.301876	-0.000330	23.219376	0.020240
#GD	20.583334	199.488998	9.447244	34.301594	-0.000339	23.241501	0.020015
#GD	20.600000	199.641998	9.401966	34.301033	-0.000357	23.261625	0.019835
#GD	20.616667	199.800995	9.357813	34.300720	-0.000371	23.281876	0.019708
#GD	20.633335	199.960007	9.383997	34.300377	-0.000370	23.299500	0.019662
#GD	20.650002	200.112000	9.393818	34.300125	-0.000354	23.318624	0.019396
#GD	20.666668	200.270996	9.412894	34.299751	-0.000337	23.337875	0.018963
#GD	20.683334	200.416000	9.449424	34.299217	-0.000322	23.358126	0.018617
#GD	20.700001	200.578003	9.464722	34.298904	-0.000328	23.378124	0.018453
#GD	20.716667	200.740997	9.509982	34.298595	-0.000329	23.398251	0.018496
#GD	20.733334	200.899994	9.490922	34.298500	-0.000332	23.412750	0.018443
#GD	20.750002	201.061996	9.417273	34.298248	-0.000330	23.428749	0.018460
#GD	20.766668	201.220993	9.334351	34.297844	-0.000336	23.445999	0.018541
#GD	20.783335	201.376007	9.246560	34.297279	-0.000337	23.466749	0.018752
#GD	20.800001	201.542999	9.186019	34.297031	-0.000362	23.488001	0.019133
#GD	20.816668	201.677002	9.122747	34.296658	-0.000372	23.506001	0.019650
#GD	20.833334	201.817993	9.099834	34.296314	-0.000364	23.525875	0.020072
#GD	20.850000	201.964996	9.136380	34.295845	-0.000350	23.545626	0.020340
#GD	20.866669	202.128006	9.206717	34.295811	-0.000344	23.565750	0.020518
#GD	20.883335	202.285995	9.280368	34.294968	-0.000343	23.587000	0.020825
#GD	20.900002	202.431000	9.415641	34.294876	-0.000331	23.607624	0.021128
#GD	20.916668	202.593002	9.488193	34.294655	-0.000328	23.629999	0.021266
#GD	20.933334	202.759003	9.498538	34.294312	-0.000317	23.650875	0.021466
#GD	20.950001	202.919998	9.471796	34.293842	-0.000321	23.672625	0.021642
#GD	20.966667	203.074997	9.464189	34.293594	-0.000307	23.695875	0.021789
#GD	20.983334	203.237000	9.491980	34.293407	-0.000319	23.716125	0.021950
#GD	21.000002	203.391998	9.446703	34.292938	-0.000325	23.736500	0.022084
#GD	21.016668	203.542999	9.415607	34.292782	-0.000312	23.760124	0.022232
#GD	21.033335	203.697998	9.418912	34.292313	-0.000301	23.782749	0.022336
#GD	21.050001	203.856003	9.445662	34.292030	-0.000301	23.805374	0.022350
#GD	21.066668	204.024994	9.483840	34.291718	-0.000299	23.828125	0.022311
#GD	21.083334	204.171997	9.520951	34.291313	-0.000288	23.851000	0.022191
#GD	21.100000	204.330994	9.579304	34.291283	-0.000285	23.873125	0.022036
#GD	21.116669	204.492004	9.597315	34.290970	-0.000287	23.895750	0.022005
#GD	21.133335	204.654007	9.597290	34.290627	-0.000293	23.916624	0.022049
#GD	21.150002	204.819000	9.625680	34.290314	-0.000304	23.936375	0.022025
#GD	21.166668	204.973007	9.688910	34.290092	-0.000312	23.958376	0.022027
#GD	21.183334	205.141998	9.701435	34.289814	-0.000326	23.981625	0.022137
#GD	21.200001	205.296005	9.715610	34.289280	-0.000331	24.004999	0.022309
#GD	21.216667	205.453995	9.721052	34.289032	-0.000328	24.028500	0.022574
#GD	21.233334	205.626007	9.688901	34.288624	-0.000317	24.049000	0.022842
#GD	21.250002	205.789993	9.663791	34.288376	-0.000306	24.070999	0.023010
#GD	21.266668	205.947998	9.629982	34.288063	-0.000295	24.094500	0.023157
#GD	21.283335	206.113007	9.641968	34.287655	-0.000285	24.118000	0.023305
#GD	21.300001	206.272995	9.613087	34.287468	-0.000284	24.141874	0.023460
#GD	21.316668	206.421005	9.575435	34.287342	-0.000280	24.166124	0.023626
#GD	21.333334	206.578995	9.554202	34.287094	-0.000295	24.190125	0.023756
#GD	21.350000	206.742996	9.530199	34.286686	-0.000297	24.214001	0.023799
#GD	21.366669	206.910995	9.511647	34.286343	-0.000304	24.237249	0.023742
#GD	21.383335	207.065002	9.538938	34.286064	-0.000320	24.260500	0.023622
#GD	21.400002	207.225998	9.583108	34.285812	-0.000322	24.283625	0.023529
#GD	21.416668	207.380005	9.575467	34.285217	-0.000319	24.309250	0.023429
#GD	21.433334	207.533005	9.542707	34.285126	-0.000313	24.333000	0.023357
#GD	21.450001	207.694000	9.539978	34.284752	-0.000314	24.355000	0.023384
#GD	21.466667	207.862000	9.555259	34.284374	-0.000301	24.377501	0.023285
#GD	21.483334	208.026001	9.535609	34.284248	-0.000295	24.401375	0.023177
#GD	21.500002	208.179993	9.472878	34.283875	-0.000288	24.424000	0.023089
#GD	21.516668	208.332993	9.405254	34.283531	-0.000294	24.447374	0.023137
#GD	21.533335	208.498001	9.308749	34.283157	-0.000285	24.472376	0.023342
#GD	21.550001	208.654007	9.246576	34.283188	-0.000285	24.493376	0.023701
#GD	21.566668	208.804993	9.226959	34.282719	-0.000290	24.516500	0.024144
#GD	21.583334	208.944000	9.266776	34.282375	-0.000295	24.540375	0.024559
#GD	21.600000	209.100998	9.339835	34.282124	-0.000304	24.563999	0.024912
#GD	21.616669	209.251007	9.426003	34.281937	-0.000311	24.589874	0.025301
#GD	21.633335	209.414001	9.559645	34.281563	-0.000314	24.618250	0.025837
#GD	21.650002	209.572006	9.676916	34.281250	-0.000294	24.645750	0.026205
#GD	21.666668	209.738998	9.780537	34.280781	-0.000284	24.670124	0.026469
#GD	21.683334	209.908997	9.808352	34.280468	-0.000278	24.695375	0.026676
#GD	21.700001	210.076004	9.817624	34.280220	-0.000270	24.722376	0.026801
#GD	21.716667	210.244003	9.767445	34.280094	-0.000269	24.750626	0.026971
#GD	21.733334	210.399994	9.741794	34.279968	-0.000268	24.777374	0.027300
#GD	21.750002	210.563004	9.720520	34.279655	-0.000270	24.804125	0.027691
#GD	21.766668	210.720001	9.718340	34.279373	-0.000311	24.831751	0.027971
#GD	21.783335	210.880005	9.736883	34.279095	-0.000358	24.859875	0.028226
#GD	21.800001	211.033997	9.794187	34.278595	-0.000404	24.889000	0.028466
#GD	21.816668	211.203995	9.854729	34.278343	-0.000442	24.918249	0.028687
#GD	21.833334	211.373993	9.864515	34.278030	-0.000463	24.946625	0.028867
#GD	21.850000	211.541000	9.867254	34.277092	-0.000470	24.975124	0.028997
#GD	21.866669	211.705002	9.861261	34.276592	-0.000475	25.005251	0.029117
#GD	21.883335	211.878006	9.816010	34.276127	-0.000467	25.034500	0.029212
#GD	21.900002	212.037994	9.762002	34.275658	-0.000461	25.062626	0.029307
#GD	21.916668	212.190994	9.734736	34.275280	-0.000431	25.091999	0.029489
#GD	21.933334	212.350998	9.743999	34.275032	-0.000388	25.121750	0.029712
#GD	21.950001	212.516998	9.769101	34.274467	-0.000367	25.151875	0.029781
#GD	21.966667	212.669998	9.792556	34.274124	-0.000360	25.181625	0.029843
#GD	21.983334	212.839996	9.863476	34.273689	-0.000356	25.211000	0.030063
#GD	22.000002	213.007004	9.930001	34.273533	-0.000347	25.242250	0.030303
#GD	22.016668	213.177002	9.922369	34.273251	-0.000337	25.273874	0.030533
#GD	22.033335	213.343002	9.908745	34.272907	-0.000316	25.301750	0.030658
#GD	22.050001	213.505997	9.886380	34.272373	-0.000304	25.330750	0.030623
#GD	22.066668	213.675995	9.800197	34.272030	-0.000272	25.364250	0.030513
#GD	22.083334	213.841995	9.714020	34.271873	-0.000248	25.396875	0.030470
#GD	22.100000	213.992004	9.652954	34.271595	-0.000218	25.428249	0.030537
#GD	22.116669	214.158005	9.572779	34.271408	-0.000198	25.457500	0.030767
#GD	22.133335	214.317001	9.508959	34.271156	-0.000186	25.485001	0.030993
#GD	22.150002	214.470001	9.447319	34.271343	-0.000175	25.514250	0.031351
#GD	22.166668	214.626007	9.430905	34.271126	-0.000173	25.547001	0.032104
#GD	22.183334	214.792007	9.483797	34.270939	-0.000170	25.579124	0.033167
#GD	22.200001	214.938004	9.516541	34.270531	-0.000168	25.612125	0.034279
#GD	22.216667	215.097000	9.520370	34.270248	-0.000174	25.646250	0.035326
#GD	22.233334	215.253006	9.485455	34.270313	-0.000188	25.683250	0.036313
#GD	22.250002	215.414993	9.439603	34.270126	-0.000182	25.722250	0.037257
#GD	22.266668	215.589005	9.407418	34.269936	-0.000181	25.761499	0.038186
#GD	22.283335	215.751007	9.401983	34.269875	-0.000171	25.797874	0.038964
#GD	22.300001	215.893005	9.390539	34.269592	-0.000171	25.835251	0.039795
#GD	22.316668	216.035004	9.385620	34.269344	-0.000176	25.876499	0.040565
#GD	22.333334	216.190994	9.385636	34.269188	-0.000172	25.918751	0.041394
#GD	22.350000	216.352997	9.390498	34.268906	-0.000176	25.959999	0.042422
#GD	22.366669	216.509003	9.451064	34.268906	-0.000188	26.000750	0.043590
#GD	22.383335	216.675003	9.555276	34.268749	-0.000203	26.046625	0.044611
#GD	22.400002	216.834000	9.654543	34.268623	-0.000222	26.091249	0.045657
#GD	22.416668	216.996002	9.702002	34.268436	-0.000228	26.137125	0.046628
#GD	22.433334	217.151993	9.751632	34.268093	-0.000221	26.185499	0.047510
#GD	22.450001	217.311005	9.769609	34.267750	-0.000222	26.234125	0.048389
#GD	22.466667	217.477005	9.826330	34.267311	-0.000208	26.281750	0.049025
#GD	22.483334	217.649994	9.893422	34.267033	-0.000195	26.334249	0.049628
#GD	22.500002	217.811996	9.956161	34.267124	-0.000188	26.382875	0.050322
#GD	22.516668	217.981003	9.999823	34.267155	-0.000191	26.431499	0.050995
#GD	22.533335	218.132996	10.015635	34.266907	-0.000210	26.484501	0.051634
#GD	22.550001	218.315994	10.005282	34.266842	-0.000238	26.535126	0.052435
#GD	22.566668	218.481995	10.010218	34.266594	-0.000282	26.586250	0.053233
#GD	22.583334	218.651001	10.019489	34.266186	-0.000332	26.642626	0.054261
#GD	22.600000	218.813004	10.030393	34.265686	-0.000364	26.697374	0.055240
#GD	22.616669	218.979004	10.044043	34.265221	-0.000373	26.750626	0.056158
#GD	22.633335	219.143997	10.003651	34.264843	-0.000370	26.808874	0.057150
#GD	22.650002	219.317001	10.014545	34.264439	-0.000354	26.866625	0.058028
#GD	22.666668	219.479004	10.036884	34.264061	-0.000338	26.925625	0.058774
#GD	22.683334	219.651001	10.069077	34.263748	-0.000329	26.984501	0.059741
#GD	22.700001	219.817001	10.080006	34.263561	-0.000328	27.045124	0.060761
#GD	22.716667	219.981995	10.050568	34.263405	-0.000340	27.105875	0.061610
#GD	22.733334	220.151001	10.018923	34.263062	-0.000347	27.166876	0.062329
#GD	22.750002	220.322998	10.031458	34.262592	-0.000349	27.229000	0.062895
#GD	22.766668	220.492004	10.031475	34.262123	-0.000345	27.294750	0.063423
#GD	22.783335	220.658005	10.056019	34.261749	-0.000346	27.360624	0.063907
#GD	22.800001	220.813004	10.055461	34.261250	-0.000348	27.425625	0.064481
#GD	22.816668	220.981003	10.042885	34.261002	-0.000345	27.487875	0.065048
#GD	22.833334	221.156998	10.047231	34.260811	-0.000341	27.551001	0.065582
#GD	22.850000	221.326004	10.046690	34.260689	-0.000352	27.616249	0.066175
#GD	22.866669	221.498001	10.021070	34.260281	-0.000366	27.682751	0.066944
#GD	22.883335	221.658997	9.995436	34.259781	-0.000372	27.751625	0.067799
#GD	22.900002	221.824997	9.945273	34.259342	-0.000377	27.819876	0.068679
#GD	22.916668	221.996994	9.910900	34.258938	-0.000389	27.888750	0.069426
#GD	22.933334	222.158005	9.845981	34.258373	-0.000397	27.959875	0.070045
#GD	22.950001	222.313004	9.780005	34.257999	-0.000395	28.031000	0.070672
#GD	22.966667	222.477997	9.736917	34.257813	-0.000401	28.101126	0.071221
#GD	22.983334	222.647003	9.678555	34.257656	-0.000405	28.171749	0.071900
#GD	23.000002	222.817993	9.641993	34.257061	-0.000406	28.243376	0.072437
#GD	23.016668	222.962997	9.655602	34.256596	-0.000408	28.315874	0.072789
#GD	23.033335	223.121002	9.688352	34.256126	-0.000413	28.390751	0.073120
#GD	23.050001	223.281998	9.713462	34.255531	-0.000419	28.464125	0.073430
#GD	23.066668	223.440002	9.767454	34.255219	-0.000417	28.540625	0.073554
#GD	23.083334	223.604996	9.837832	34.254906	-0.000409	28.613375	0.073631
#GD	23.100000	223.772995	9.917467	34.254467	-0.000407	28.685375	0.073500
#GD	23.116669	223.942001	9.947454	34.254189	-0.000408	28.758875	0.073140
#GD	23.133335	224.110001	9.975836	34.253780	-0.000414	28.832874	0.072696
#GD	23.150002	224.281998	9.999814	34.253345	-0.000430	28.905001	0.072012
#GD	23.166668	224.445999	9.991632	34.252750	-0.000449	28.980000	0.071366
#GD	23.183334	224.604004	9.973639	34.252377	-0.000449	29.051125	0.070608
#GD	23.200001	224.768997	9.963818	34.251907	-0.000475	29.120625	0.069654
#GD	23.216667	224.940002	9.973621	34.251438	-0.000485	29.189875	0.068605
#GD	23.233335	225.108994	9.971458	34.250999	-0.000490	29.256374	0.067197
#GD	23.250002	225.272995	9.976926	34.250404	-0.000496	29.323875	0.065730
#GD	23.266668	225.438004	9.993821	34.250217	-0.000507	29.390751	0.064370
#GD	23.283335	225.606003	9.979648	34.249249	-0.000524	29.455500	0.062931
#GD	23.300001	225.776993	9.945807	34.248875	-0.000547	29.519251	0.061290
#GD	23.316668	225.938004	9.933297	34.248436	-0.000565	29.574625	0.059549
#GD	23.333334	226.100006	9.945273	34.247845	-0.000581	29.635124	0.057596
#GD	23.350000	226.270996	9.956161	34.247345	-0.000596	29.693501	0.055540
#GD	23.366669	226.434998	9.956168	34.246593	-0.000600	29.749125	0.053384
#GD	23.383335	226.595993	9.947438	34.245876	-0.000628	29.800875	0.051213
#GD	23.400002	226.764008	9.970875	34.245342	-0.000646	29.851625	0.048935
#GD	23.416668	226.934998	9.966514	34.244686	-0.000656	29.899500	0.046260
#GD	23.433334	227.102997	9.945807	34.244156	-0.000679	29.944876	0.043585
#GD	23.450001	227.266998	9.945273	34.243374	-0.000693	29.986626	0.040935
#GD	23.466667	227.427994	9.927820	34.242626	-0.000714	30.027750	0.038118
#GD	23.483335	227.598999	9.885248	34.242001	-0.000745	30.063375	0.035139
#GD	23.500002	227.759995	9.802368	34.241314	-0.000767	30.097000	0.032032
#GD	23.516668	227.923996	9.711282	34.240311	-0.000784	30.128876	0.028726
#GD	23.533335	228.091003	9.618555	34.239594	-0.000803	30.158125	0.025264
#GD	23.550001	228.251999	9.557489	34.238811	-0.000836	30.180626	0.021616
#GD	23.566668	228.412994	9.492013	34.237877	-0.000860	30.201250	0.017970
#GD	23.583334	228.559998	9.453818	34.237125	-0.000869	30.217625	0.014148
#GD	23.600000	228.710999	9.398728	34.236374	-0.000871	30.229000	0.010276
#GD	23.616669	228.863998	9.353436	34.235313	-0.000892	30.237000	0.006441
#GD	23.633335	229.031006	9.333278	34.234158	-0.000903	30.241249	0.002706
#GD	23.650002	229.188995	9.276564	34.233437	-0.000923	30.242874	-0.001091
#GD	23.666668	229.345993	9.226934	34.232655	-0.000944	30.239250	-0.004885
#GD	23.683334	229.496002	9.135283	34.231781	-0.000968	30.233000	-0.008583
#GD	23.700001	229.649994	9.019625	34.230656	-0.000993	30.222750	-0.012190
#GD	23.716667	229.804001	8.914882	34.229782	-0.001020	30.208626	-0.015540
#GD	23.733335	229.940002	8.877835	34.228592	-0.001065	30.190374	-0.018735
#GD	23.750002	230.087006	8.865285	34.227627	-0.001107	30.167625	-0.021815
#GD	23.766668	230.229996	8.913798	34.226437	-0.001146	30.143375	-0.024719
#GD	23.783335	230.373993	8.991827	34.225155	-0.001162	30.116875	-0.027398
#GD	23.800001	230.526993	9.076355	34.224155	-0.001185	30.090500	-0.029776
#GD	23.816668	230.684006	9.142356	34.222908	-0.001202	30.059500	-0.031726
#GD	23.833334	230.834000	9.174000	34.221592	-0.001235	30.023750	-0.033419
#GD	23.850000	230.996994	9.208923	34.220219	-0.001264	29.988125	-0.034875
#GD	23.866669	231.158005	9.236738	34.219280	-0.001277	29.950375	-0.036140
#GD	23.883335	231.307999	9.196905	34.217999	-0.001302	29.912750	-0.037238
#GD	23.900002	231.447998	9.148324	34.216625	-0.001314	29.877125	-0.037943
#GD	23.916668	231.600998	9.105810	34.215096	-0.001331	29.838375	-0.038369
#GD	23.933334	231.757996	9.074724	34.213627	-0.001351	29.800501	-0.038648
#GD	23.950001	231.917999	9.076346	34.212593	-0.001379	29.760374	-0.038466
#GD	23.966667	232.057999	9.112385	34.211124	-0.001380	29.719250	-0.038038
#GD	23.983335	232.207993	9.166917	34.209782	-0.001391	29.680000	-0.037376
#GD	24.000002	232.358002	9.174565	34.208313	-0.001423	29.641251	-0.036347
#GD	24.016668	232.516998	9.199677	34.206905	-0.001461	29.603750	-0.035171
#GD	24.033335	232.669998	9.251470	34.205437	-0.001513	29.572624	-0.033755
#GD	24.050001	232.824005	9.327292	34.204189	-0.001528	29.540251	-0.032301
#GD	24.066668	232.983994	9.382915	34.202499	-0.001532	29.508499	-0.030758
#GD	24.083334	233.134003	9.392187	34.200592	-0.001530	29.478500	-0.029295
#GD	24.100000	233.294006	9.376390	34.199062	-0.001523	29.448500	-0.028084
#GD	24.116669	233.453995	9.363306	34.197342	-0.001527	29.421249	-0.027045
#GD	24.133335	233.610001	9.366586	34.196125	-0.001538	29.394375	-0.025988
#GD	24.150002	233.772995	9.361675	34.194843	-0.001518	29.372499	-0.024932
#GD	24.166668	233.919006	9.386169	34.193314	-0.001506	29.348499	-0.023824
#GD	24.183334	234.072006	9.397614	34.191906	-0.001523	29.323126	-0.022558
#GD	24.200001	234.225006	9.412362	34.190063	-0.001534	29.300751	-0.021250
#GD	24.216667	234.389008	9.451605	34.188313	-0.001542	29.277876	-0.019792
#GD	24.233335	234.544998	9.481609	34.187061	-0.001531	29.257750	-0.018367
#GD	24.250002	234.707993	9.506145	34.185501	-0.001512	29.240499	-0.016727
#GD	24.266668	234.867996	9.477264	34.183720	-0.001492	29.226376	-0.015008
#GD	24.283335	235.024002	9.438013	34.182343	-0.001472	29.212875	-0.013415
#GD	24.300001	235.186996	9.410764	34.181126	-0.001473	29.201750	-0.011847
#GD	24.316668	235.343002	9.435333	34.179749	-0.001496	29.189375	-0.010387
#GD	24.333334	235.492004	9.433128	34.178188	-0.001516	29.179375	-0.009083
#GD	24.350000	235.641006	9.478354	34.176720	-0.001531	29.171249	-0.007790
#GD	24.366669	235.798004	9.519245	34.175095	-0.001555	29.163500	-0.006450
#GD	24.383335	235.964005	9.544896	34.173470	-0.001584	29.157875	-0.005179
#GD	24.400002	236.134003	9.531779	34.171780	-0.001601	29.154375	-0.003808
#GD	24.416668	236.285995	9.470157	34.170033	-0.001596	29.150375	-0.002453
#GD	24.433334	236.455994	9.411796	34.168625	-0.001600	29.149376	-0.001140
#GD	24.450001	236.612000	9.321808	34.167187	-0.001595	29.149124	0.000056
#GD	24.466667	236.768005	9.229630	34.165405	-0.001591	29.148375	0.001196
#GD	24.483335	236.906998	9.168566	34.163750	-0.001590	29.150999	0.002335
#GD	24.500002	237.046005	9.192560	34.162407	-0.001589	29.155375	0.003414
#GD	24.516668	237.209000	9.226926	34.160625	-0.001593	29.159624	0.004519
#GD	24.533335	237.362000	9.297280	34.159061	-0.001591	29.162874	0.005554
#GD	24.550001	237.516998	9.372553	34.157467	-0.001590	29.169250	0.006434
#GD	24.566668	237.673004	9.455999	34.155811	-0.001587	29.177126	0.007092
#GD	24.583334	237.841995	9.489242	34.154312	-0.001587	29.183874	0.007600
#GD	24.600000	238.005005	9.485446	34.152813	-0.001576	29.195126	0.008142
#GD	24.616669	238.158005	9.499079	34.151188	-0.001562	29.203751	0.008726
#GD	24.633335	238.313004	9.491455	34.149406	-0.001558	29.211500	0.009177
#GD	24.650002	238.468994	9.475633	34.148033	-0.001546	29.219999	0.009562
#GD	24.666668	238.623993	9.450024	34.146469	-0.001550	29.227875	0.009956
#GD	24.683334	238.787003	9.458737	34.144875	-0.001541	29.238750	0.010315
#GD	24.700001	238.945999	9.484905	34.143562	-0.001522	29.251249	0.010796
#GD	24.716667	239.102005	9.501293	34.141811	-0.001502	29.262751	0.011294
#GD	24.733335	239.261002	9.492022	34.140469	-0.001494	29.273624	0.011732
#GD	24.750002	239.419006	9.489275	34.138687	-0.001477	29.285250	0.012177
#GD	24.766668	239.578003	9.440168	34.137344	-0.001465	29.298000	0.012466
#GD	24.783335	239.735992	9.384530	34.135967	-0.001460	29.309999	0.012738
#GD	24.800001	239.895004	9.382874	34.134594	-0.001439	29.323000	0.013081
#GD	24.816668	240.046997	9.410165	34.133125	-0.001432	29.336250	0.013446
#GD	24.833334	240.209000	9.439095	34.131718	-0.001420	29.351126	0.013852
#GD	24.850000	240.354004	9.477822	34.130219	-0.001423	29.364500	0.014211
#GD	24.866669	240.501999	9.543815	34.128750	-0.001430	29.378374	0.014671
#GD	24.883335	240.673996	9.593411	34.127438	-0.001438	29.392876	0.014986
#GD	24.900002	240.843002	9.642533	34.125999	-0.001443	29.407875	0.015415
#GD	24.916668	241.001007	9.692721	34.124561	-0.001459	29.424749	0.016023
#GD	24.933334	241.162994	9.751648	34.123188	-0.001459	29.440001	0.016667
#GD	24.950001	241.330994	9.744581	34.121624	-0.001457	29.457874	0.017354
#GD	24.966667	241.485992	9.656758	34.120094	-0.001441	29.472250	0.018097
#GD	24.983335	241.645004	9.613087	34.118626	-0.001413	29.491625	0.018775
#GD	25.000002	241.813004	9.615801	34.116970	-0.001367	29.513374	0.019396
#GD	25.016668	241.975006	9.613087	34.115780	-0.001319	29.531750	0.020100
#GD	25.033335	242.130005	9.615801	34.114437	-0.001266	29.552750	0.020719
#GD	25.050001	242.278000	9.621800	34.113342	-0.001225	29.575001	0.021324
#GD	25.066668	242.442993	9.598880	34.112095	-0.001194	29.595501	0.021835
#GD	25.083334	242.610992	9.568327	34.111156	-0.001164	29.616751	0.022431
#GD	25.100000	242.772995	9.560153	34.109970	-0.001153	29.640125	0.023206
#GD	25.116669	242.934998	9.543832	34.108780	-0.001144	29.663000	0.023937
#GD	25.133335	243.089005	9.455491	34.107533	-0.001149	29.685875	0.024570
#GD	25.150002	243.244003	9.326777	34.106342	-0.001151	29.712126	0.025250
#GD	25.166668	243.401993	9.230780	34.105312	-0.001153	29.738750	0.025779
#GD	25.183334	243.559998	9.181108	34.104218	-0.001145	29.766001	0.025922
#GD	25.200001	243.712006	9.182739	34.103062	-0.001141	29.793501	0.025721
#GD	25.216667	243.847000	9.242190	34.101814	-0.001125	29.818501	0.025346
#GD	25.233335	243.998001	9.321824	34.100655	-0.001113	29.846001	0.024929
#GD	25.250002	244.156006	9.408034	34.099625	-0.001097	29.872250	0.024684
#GD	25.266668	244.313995	9.526386	34.098499	-0.001082	29.893625	0.024517
#GD	25.283335	244.479004	9.652371	34.097282	-0.001065	29.913376	0.024387
#GD	25.300001	244.647003	9.783833	34.096439	-0.001049	29.936750	0.024498
#GD	25.316668	244.811996	9.848169	34.095375	-0.001042	29.963125	0.024679
#GD	25.333334	244.973007	9.862344	34.094467	-0.001042	29.990875	0.025156
#GD	25.350000	245.141006	9.845456	34.093311	-0.001032	30.016375	0.025932
#GD	25.366669	245.302002	9.813812	34.092251	-0.001019	30.040001	0.026591
#GD	25.383335	245.470001	9.789809	34.091251	-0.001017	30.067125	0.026862
#GD	25.400002	245.634995	9.755984	34.090157	-0.001001	30.093374	0.026956
#GD	25.416668	245.792999	9.745048	34.089092	-0.000984	30.121876	0.026931
#GD	25.433334	245.951004	9.731423	34.088219	-0.000959	30.152124	0.026963
#GD	25.450001	246.115005	9.719995	34.087345	-0.000943	30.179874	0.026951
#GD	25.466667	246.279999	9.693254	34.086342	-0.000930	30.204876	0.026709
#GD	25.483335	246.434998	9.673096	34.085468	-0.000920	30.231251	0.026437
#GD	25.500002	246.602997	9.666537	34.084595	-0.000900	30.255875	0.026059
#GD	25.516668	246.766998	9.655634	34.083687	-0.000880	30.282375	0.025657
#GD	25.533335	246.925003	9.643658	34.082718	-0.000858	30.309126	0.025581
#GD	25.550001	247.082993	9.611506	34.081814	-0.000834	30.334249	0.025532
#GD	25.566668	247.240005	9.588576	34.080845	-0.000814	30.359875	0.025365
#GD	25.583334	247.401001	9.562376	34.080311	-0.000790	30.384624	0.025117
#GD	25.600002	247.563004	9.570540	34.079624	-0.000765	30.408125	0.024764
#GD	25.616669	247.727005	9.623974	34.078812	-0.000744	30.436251	0.024477
#GD	25.633335	247.878006	9.676883	34.078030	-0.000730	30.460375	0.024314
#GD	25.650002	248.035995	9.690491	34.077282	-0.000718	30.483875	0.024025
#GD	25.666668	248.199997	9.673613	34.076595	-0.000723	30.506250	0.023835
#GD	25.683334	248.363998	9.659979	34.075905	-0.000703	30.529375	0.023661
#GD	25.700001	248.535995	9.598372	34.075157	-0.000675	30.553749	0.023447
#GD	25.716667	248.699997	9.550399	34.074471	-0.000650	30.578625	0.023466
#GD	25.733335	248.850998	9.452778	34.073845	-0.000627	30.599625	0.023641
#GD	25.750002	249.005005	9.362774	34.073063	-0.000604	30.624125	0.024020
#GD	25.766668	249.166000	9.293468	34.072689	-0.000577	30.647625	0.024316
#GD	25.783335	249.307007	9.226377	34.072155	-0.000552	30.671125	0.024628
#GD	25.800001	249.464005	9.236164	34.071564	-0.000536	30.695126	0.024964
#GD	25.816668	249.612000	9.297779	34.071030	-0.000521	30.721375	0.025361
#GD	25.833334	249.772003	9.341417	34.070530	-0.000506	30.749874	0.025668
#GD	25.850002	249.929993	9.339777	34.070061	-0.000507	30.774376	0.026027
#GD	25.866669	250.080002	9.358329	34.069561	-0.000483	30.800625	0.026360
#GD	25.883335	250.244995	9.343622	34.069000	-0.000458	30.826124	0.026610
#GD	25.900002	250.408997	9.366569	34.068562	-0.000437	30.852125	0.026825
#GD	25.916668	250.563004	9.348550	34.068127	-0.000420	30.879625	0.027027
#GD	25.933334	250.703995	9.370930	34.067562	-0.000411	30.907375	0.027266
#GD	25.950001	250.858002	9.398746	34.067471	-0.000385	30.935249	0.027418
#GD	25.966667	251.014999	9.430382	34.067093	-0.000368	30.962749	0.027578
#GD	25.983335	251.182007	9.505654	34.066689	-0.000354	30.991501	0.027737
#GD	26.000002	251.332993	9.622925	34.066280	-0.000341	31.018999	0.027892
#GD	26.016668	251.500000	9.717299	34.065750	-0.000336	31.045124	0.027960
#GD	26.033335	251.658005	9.771806	34.065720	-0.000340	31.072874	0.027928
#GD	26.050001	251.824997	9.806705	34.065281	-0.000326	31.101250	0.027961
#GD	26.066668	251.992004	9.826330	34.064999	-0.000322	31.130751	0.028084
#GD	26.083334	252.160004	9.867820	34.064720	-0.000317	31.160376	0.028208
#GD	26.100002	252.317001	9.878698	34.064312	-0.000312	31.187124	0.028225
#GD	26.116669	252.483994	9.894512	34.063999	-0.000325	31.213125	0.028013
#GD	26.133335	252.647995	9.876534	34.063812	-0.000323	31.242250	0.027643
#GD	26.150002	252.811996	9.872149	34.063313	-0.000319	31.272625	0.027205
#GD	26.166668	252.979004	9.884150	34.063061	-0.000312	31.300125	0.026769
#GD	26.183334	253.145996	9.912539	34.062813	-0.000295	31.326500	0.026362
#GD	26.200001	253.309998	9.921853	34.062374	-0.000286	31.351625	0.025907
#GD	26.216667	253.470001	9.912040	34.062061	-0.000275	31.376125	0.025328
#GD	26.233335	253.636993	9.886921	34.061905	-0.000257	31.401251	0.024654
#GD	26.250002	253.804993	9.867828	34.061626	-0.000248	31.425875	0.024133
#GD	26.266668	253.972000	9.862918	34.061501	-0.000239	31.450001	0.023869
#GD	26.283335	254.139008	9.872190	34.061188	-0.000229	31.474751	0.023666
#GD	26.300001	254.296005	9.885806	34.060970	-0.000227	31.498375	0.023439
#GD	26.316668	254.455994	9.889093	34.060749	-0.000226	31.518375	0.022827
#GD	26.333334	254.623001	9.901062	34.060532	-0.000223	31.540501	0.022104
#GD	26.350002	254.789993	9.925049	34.060280	-0.000221	31.566750	0.021366
#GD	26.366669	254.957001	9.955603	34.060032	-0.000210	31.589750	0.020759
#GD	26.383335	255.123993	9.998724	34.059845	-0.000204	31.611750	0.020317
#GD	26.400002	255.291000	9.996601	34.059689	-0.000195	31.625875	0.019994
#GD	26.416668	255.457993	9.971532	34.059437	-0.000181	31.643250	0.019541
#GD	26.433334	255.625000	9.941553	34.059280	-0.000174	31.661751	0.019089
#GD	26.450001	255.791000	9.908802	34.059124	-0.000171	31.682875	0.018726
#GD	26.466667	255.959000	9.870101	34.058937	-0.000169	31.703375	0.018535
#GD	26.483335	256.118011	9.809525	34.058811	-0.000173	31.723375	0.018545
#GD	26.500002	256.282013	9.758772	34.058750	-0.000175	31.741501	0.018178
#GD	26.516668	256.445007	9.709076	34.058468	-0.000173	31.759624	0.017683
#GD	26.533335	256.608002	9.643042	34.058250	-0.000172	31.773874	0.017161
#GD	26.550001	256.769012	9.552454	34.058125	-0.000176	31.791500	0.016808
#GD	26.566668	256.923004	9.446610	34.057842	-0.000170	31.809875	0.016742
#GD	26.583334	257.085999	9.358837	34.057686	-0.000175	31.824249	0.016884
#GD	26.600002	257.244995	9.317938	34.057655	-0.000164	31.840250	0.017103
#GD	26.616669	257.395996	9.295066	34.057468	-0.000164	31.856874	0.017408
#GD	26.633335	257.541992	9.298895	34.057186	-0.000172	31.874250	0.017650
#GD	26.650002	257.684998	9.346918	34.057251	-0.000171	31.894251	0.018046
#GD	26.666668	257.846008	9.412903	34.056812	-0.000177	31.913000	0.018550
#GD	26.683334	258.011993	9.508401	34.056843	-0.000176	31.930876	0.019059
#GD	26.700001	258.169006	9.573869	34.056564	-0.000163	31.948875	0.019609
#GD	26.716667	258.328003	9.639338	34.056252	-0.000152	31.968250	0.020077
#GD	26.733335	258.494995	9.686745	34.056217	-0.000149	31.989374	0.020371
#GD	26.750002	258.661987	9.698148	34.056000	-0.000124	32.009251	0.020583
#GD	26.766668	258.825012	9.716725	34.056000	-0.000127	32.032001	0.020716
#GD	26.783335	258.971008	9.758689	34.055939	-0.000113	32.055248	0.020645
#GD	26.800001	259.135010	9.791465	34.055782	-0.000113	32.076500	0.020690
#GD	26.816668	259.300995	9.797491	34.055626	-0.000121	32.095749	0.020998
#GD	26.833334	259.467987	9.813837	34.055687	-0.000140	32.114250	0.021555
#GD	26.850002	259.634003	9.834529	34.055313	-0.000162	32.133999	0.022018
#GD	26.866669	259.800995	9.866704	34.055344	-0.000178	32.152248	0.022493
#GD	26.883335	259.967010	9.853105	34.055061	-0.000177	32.177502	0.023056
#GD	26.900002	260.126007	9.825339	34.054970	-0.000176	32.205750	0.023490
#GD	26.916668	260.289001	9.764781	34.054501	-0.000181	32.233376	0.023722
#GD	26.933334	260.449005	9.737965	34.054375	-0.000168	32.256248	0.023643
#GD	26.950001	260.614990	9.726497	34.054157	-0.000172	32.278625	0.023226
#GD	26.966667	260.781006	9.731374	34.054249	-0.000164	32.301998	0.022293
#GD	26.983335	260.941010	9.729226	34.054092	-0.000154	32.323002	0.021181
#GD	27.000002	261.091003	9.710699	34.053814	-0.000141	32.344749	0.020205
#GD	27.016668	261.260986	9.708018	34.053780	-0.000137	32.365501	0.019404
#GD	27.033335	261.425995	9.712414	34.053471	-0.000136	32.384624	0.018644
#GD	27.050001	261.589996	9.745139	34.053314	-0.000141	32.401501	0.017929
#GD	27.066668	261.746002	9.796409	34.053314	-0.000120	32.417126	0.017266
#GD	27.083334	261.904999	9.827504	34.053123	-0.000118	32.434124	0.016713
#GD	27.100002	262.071014	9.792563	34.053123	-0.000114	32.450500	0.016272
#GD	27.116669	262.238007	9.768560	34.052937	-0.000107	32.467377	0.015920
#GD	27.133335	262.407013	9.745107	34.052780	-0.000108	32.483749	0.015698
#GD	27.150002	262.572998	9.741244	34.052967	-0.000114	32.497875	0.015507
#GD	27.166668	262.731995	9.718905	34.052467	-0.000119	32.514252	0.015278
#GD	27.183334	262.885986	9.698164	34.052532	-0.000128	32.528873	0.015036
#GD	27.200001	263.045013	9.683983	34.052376	-0.000125	32.542751	0.014807
#GD	27.216667	263.204010	9.676342	34.052311	-0.000119	32.558125	0.014794
#GD	27.233335	263.369995	9.636541	34.052124	-0.000108	32.573250	0.014786
#GD	27.250002	263.532013	9.572171	34.051937	-0.000080	32.588001	0.014782
#GD	27.266668	263.699005	9.516507	34.051781	-0.000074	32.601501	0.014829
#GD	27.283335	263.860992	9.453170	34.051781	-0.000064	32.615623	0.014751
#GD	27.300001	264.020996	9.398653	34.051811	-0.000080	32.633125	0.014758
#GD	27.316668	264.162994	9.365978	34.051876	-0.000092	32.646751	0.014906
#GD	27.333334	264.306000	9.377397	34.051846	-0.000111	32.662498	0.014970
#GD	27.350002	264.464996	9.420012	34.051750	-0.000141	32.676876	0.014975
#GD	27.366669	264.623993	9.496931	34.051594	-0.000163	32.689125	0.014921
#GD	27.383335	264.783997	9.605496	34.051033	-0.000176	32.706375	0.014872
#GD	27.400002	264.949005	9.706970	34.050938	-0.000183	32.723751	0.015013
#GD	27.416668	265.114990	9.766962	34.050720	-0.000162	32.736874	0.015239
#GD	27.433334	265.281006	9.785473	34.050438	-0.000142	32.750626	0.015593
#GD	27.450001	265.442993	9.802385	34.050499	-0.000121	32.765625	0.015982
#GD	27.466667	265.609009	9.802884	34.050438	-0.000102	32.781624	0.016177
#GD	27.483335	265.764008	9.764165	34.050251	-0.000103	32.798000	0.016417
#GD	27.500002	265.927002	9.728144	34.050499	-0.000086	32.816502	0.016662
#GD	27.516668	266.092987	9.713944	34.050220	-0.000076	32.834373	0.016662
#GD	27.533335	266.259003	9.718905	34.050030	-0.000094	32.852249	0.016489
#GD	27.550001	266.420990	9.711248	34.049843	-0.000112	32.868374	0.016155
#GD	27.566668	266.574005	9.725481	34.049717	-0.000126	32.884499	0.015751
#GD	27.583334	266.734985	9.709701	34.049969	-0.000140	32.899376	0.015312
#GD	27.600002	266.901001	9.676991	34.049873	-0.000139	32.913376	0.014996
#GD	27.616669	267.066010	9.668801	34.049438	-0.000138	32.928375	0.014742
#GD	27.633335	267.223999	9.677524	34.049156	-0.000134	32.942375	0.014751
#GD	27.650002	267.389008	9.700412	34.049061	-0.000143	32.957001	0.014896
#GD	27.666668	267.548004	9.687311	34.049000	-0.000161	32.971626	0.015060
#GD	27.683334	267.703003	9.680720	34.048782	-0.000146	32.986874	0.015118
#GD	27.700001	267.868011	9.648477	34.048782	-0.000121	33.000874	0.015063
#GD	27.716667	268.029999	9.635409	34.048782	-0.000098	33.018501	0.015118
#GD	27.733335	268.195007	9.628335	34.048470	-0.000087	33.035374	0.015275
#GD	27.750002	268.352997	9.643649	34.048157	-0.000088	33.049873	0.015488
#GD	27.766668	268.518005	9.664889	34.048248	-0.000087	33.062752	0.015639
#GD	27.783335	268.665985	9.692188	34.048248	-0.000092	33.076126	0.015732
#GD	27.800001	268.828003	9.716775	34.048405	-0.000088	33.093124	0.015849
#GD	27.816668	268.993011	9.729292	34.048283	-0.000097	33.111500	0.016064
#GD	27.833334	269.157013	9.758206	34.047939	-0.000116	33.129002	0.016330
#GD	27.850002	269.321991	9.764698	34.047844	-0.000141	33.144501	0.016559
#GD	27.866669	269.493011	9.782726	34.047749	-0.000153	33.159500	0.016581
#GD	27.883335	269.652008	9.728144	34.047718	-0.000157	33.177750	0.016251
#GD	27.900002	269.809998	9.645247	34.047249	-0.000149	33.194126	0.015944
#GD	27.916668	269.973999	9.579795	34.047062	-0.000139	33.210125	0.015610
#GD	27.933334	270.131989	9.500177	34.047062	-0.000136	33.226875	0.015298
#GD	27.950001	270.294006	9.400285	34.047001	-0.000120	33.242249	0.015028
#GD	27.966667	270.445007	9.335433	34.046906	-0.000096	33.254375	0.014919
#GD	27.983335	270.596008	9.286360	34.046749	-0.000062	33.270126	0.015116
#GD	28.000002	270.757996	9.258562	34.046593	-0.000044	33.282875	0.015473
#GD	28.016668	270.908997	9.242764	34.046501	-0.000036	33.296623	0.015939
#GD	28.033335	271.053986	9.253601	34.046623	-0.000034	33.312500	0.016500
#GD	28.050001	271.208008	9.313610	34.046688	-0.000028	33.331627	0.017103
#GD	28.066668	271.365997	9.382358	34.046719	-0.000033	33.350876	0.017552
#GD	28.083334	271.527008	9.444597	34.046719	-0.000051	33.369373	0.017875
#GD	28.100002	271.678009	9.492620	34.046623	-0.000082	33.387627	0.017959
#GD	28.116669	271.838989	9.536765	34.046406	-0.000119	33.405125	0.017855
#GD	28.133335	272.003998	9.543839	34.046436	-0.000143	33.423248	0.017583
#GD	28.150002	272.167999	9.544373	34.046188	-0.000153	33.441502	0.017434
#GD	28.166668	272.329010	9.555792	34.045967	-0.000152	33.457249	0.017316
#GD	28.183334	272.476013	9.584705	34.045689	-0.000145	33.474125	0.017206
#GD	28.200001	272.636993	9.580328	34.045502	-0.000134	33.491749	0.017125
#GD	28.216669	272.795013	9.585238	34.045437	-0.000133	33.507999	0.016988
#GD	28.233335	272.955994	9.616833	34.045437	-0.000124	33.526875	0.016842
#GD	28.250002	273.119995	9.669168	34.045376	-0.000118	33.543499	0.016807
#GD	28.266668	273.283997	9.721552	34.045250	-0.000111	33.560001	0.016782
#GD	28.283335	273.441986	9.712296	34.045155	-0.000117	33.576874	0.016778
#GD	28.300001	273.605011	9.710632	34.044907	-0.000124	33.592499	0.016877
#GD	28.316668	273.769989	9.678006	34.044750	-0.000119	33.608002	0.016609
#GD	28.333334	273.933990	9.653503	34.044624	-0.000112	33.625500	0.016259
#GD	28.350002	274.093994	9.645364	34.044624	-0.000093	33.643623	0.015990
#GD	28.366669	274.247986	9.642600	34.044376	-0.000079	33.661125	0.015748
#GD	28.383335	274.411987	9.638721	34.044342	-0.000072	33.679626	0.015634
#GD	28.400002	274.566010	9.646929	34.044437	-0.000066	33.689625	0.015536
#GD	28.416668	274.730011	9.670416	34.044281	-0.000067	33.701500	0.015400
#GD	28.433334	274.894012	9.690574	34.044407	-0.000074	33.718250	0.015361
#GD	28.450001	275.053986	9.725448	34.044220	-0.000074	33.734001	0.015437
#GD	28.466669	275.217987	9.735235	34.043999	-0.000090	33.751373	0.015571
#GD	28.483335	275.381989	9.746121	34.044033	-0.000092	33.767876	0.015867
#GD	28.500002	275.545013	9.735784	34.043907	-0.000087	33.783501	0.015902
#GD	28.516668	275.701996	9.734736	34.043751	-0.000094	33.799751	0.015833
#GD	28.533335	275.868988	9.740230	34.043720	-0.000096	33.815376	0.015821
#GD	28.550001	276.029999	9.769675	34.043499	-0.000103	33.830002	0.015827
#GD	28.566668	276.190002	9.798556	34.043655	-0.000110	33.845123	0.016009
#GD	28.583334	276.352997	9.819264	34.043564	-0.000100	33.860500	0.016348
#GD	28.600002	276.516998	9.830782	34.043312	-0.000098	33.878124	0.016732
#GD	28.616669	276.679993	9.798590	34.043095	-0.000097	33.894627	0.017157
#GD	28.633335	276.854004	9.738014	34.042938	-0.000091	33.911373	0.017526
#GD	28.650002	277.016998	9.613087	34.042938	-0.000097	33.929874	0.017796
#GD	28.666668	277.177002	9.469066	34.043064	-0.000099	33.949249	0.017995
#GD	28.683334	277.337006	9.356739	34.042843	-0.000095	33.967751	0.018134
#GD	28.700001	277.490997	9.282049	34.042782	-0.000097	33.986000	0.018267
#GD	28.716669	277.638000	9.219810	34.042751	-0.000096	34.003250	0.018258
#GD	28.733335	277.774994	9.229132	34.042564	-0.000112	34.021126	0.018083
#GD	28.750002	277.924988	9.279868	34.042282	-0.000112	34.039623	0.017809
#GD	28.766668	278.088013	9.345837	34.042217	-0.000110	34.058750	0.017569
#GD	28.783335	278.252014	9.436923	34.042156	-0.000116	34.077126	0.017221
#GD	28.800001	278.407990	9.533452	34.042217	-0.000119	34.094002	0.016895
#GD	28.816668	278.571014	9.617432	34.041874	-0.000112	34.110126	0.016463
#GD	28.833334	278.734009	9.644714	34.042030	-0.000110	34.125500	0.015964
#GD	28.850002	278.890991	9.638705	34.041718	-0.000123	34.142124	0.015493
#GD	28.866669	279.050995	9.636508	34.041531	-0.000135	34.156124	0.015110
#GD	28.883335	279.210999	9.659463	34.041439	-0.000138	34.172375	0.014974
#GD	28.900002	279.373993	9.671964	34.041405	-0.000125	34.186626	0.015026
#GD	28.916668	279.536011	9.685098	34.041248	-0.000120	34.200375	0.015096
#GD	28.933334	279.696014	9.705822	34.041000	-0.000096	34.214626	0.015172
#GD	28.950001	279.855988	9.717840	34.040844	-0.000086	34.228626	0.015351
#GD	28.966669	280.022003	9.727661	34.040844	-0.000090	34.245998	0.015545
#GD	28.983335	280.184998	9.750050	34.040844	-0.000090	34.263626	0.015821
#GD	29.000002	280.345001	9.808943	34.040813	-0.000080	34.278625	0.016124
#GD	29.016668	280.506989	9.874911	34.040844	-0.000078	34.293999	0.016316
#GD	29.033335	280.670013	9.937650	34.040657	-0.000082	34.310001	0.016421
#GD	29.050001	280.833008	9.992148	34.040375	-0.000086	34.327126	0.016451
#GD	29.066668	281.002014	10.036860	34.040344	-0.000089	34.343624	0.016592
#GD	29.083334	281.178009	10.060881	34.040375	-0.000100	34.361374	0.016877
#GD	29.100002	281.346985	10.054871	34.040188	-0.000101	34.377377	0.017014
#GD	29.116669	281.515991	10.046131	34.040127	-0.000099	34.393749	0.016969
#GD	29.133335	281.684998	10.055403	34.040157	-0.000104	34.411125	0.016640
#GD	29.150002	281.847992	10.049960	34.040031	-0.000117	34.429249	0.016201
#GD	29.166668	282.010010	10.027139	34.039688	-0.000114	34.447876	0.015574
#GD	29.183334	282.171997	10.016285	34.039719	-0.000105	34.463501	0.014970
#GD	29.200001	282.342010	9.998774	34.039532	-0.000107	34.478001	0.014282
#GD	29.216669	282.519989	9.978599	34.039345	-0.000119	34.489376	0.013574
#GD	29.233335	282.688995	9.962235	34.039249	-0.000115	34.502251	0.012933
#GD	29.250002	282.851013	9.930542	34.039406	-0.000120	34.513374	0.012455
#GD	29.266668	283.014008	9.880954	34.039314	-0.000121	34.526501	0.012221
#GD	29.283335	283.175995	9.840588	34.039063	-0.000106	34.538502	0.012155
#GD	29.300001	283.338013	9.805697	34.038719	-0.000100	34.550625	0.012171
#GD	29.316668	283.501007	9.748918	34.038750	-0.000097	34.562626	0.012136
#GD	29.333334	283.662994	9.706871	34.038406	-0.000101	34.574749	0.012149
#GD	29.350002	283.825012	9.670300	34.038593	-0.000087	34.586876	0.012274
#GD	29.366669	283.997009	9.642500	34.038689	-0.000080	34.599625	0.012492
#GD	29.383335	284.160004	9.620627	34.038502	-0.000074	34.611252	0.012730
#GD	29.400002	284.302002	9.623923	34.038467	-0.000073	34.623123	0.013046
#GD	29.416668	284.460999	9.621727	34.038250	-0.000078	34.635502	0.013513
#GD	29.433334	284.622986	9.624456	34.038250	-0.000094	34.651249	0.013939
#GD	29.450001	284.785004	9.632113	34.037968	-0.000100	34.665127	0.014264
#GD	29.466669	284.946991	9.677457	34.037998	-0.000100	34.678875	0.014350
#GD	29.483335	285.115997	9.728228	34.038063	-0.000087	34.694126	0.014014
#GD	29.500002	285.273987	9.706986	34.037781	-0.000069	34.711750	0.013369
#GD	29.516668	285.436005	9.681335	34.037750	-0.000066	34.726124	0.012463
#GD	29.533335	285.597992	9.684066	34.037624	-0.000063	34.739624	0.011498
#GD	29.550001	285.760010	9.704773	34.037437	-0.000077	34.749626	0.010480
#GD	29.566668	285.919006	9.717840	34.037720	-0.000093	34.756374	0.009582
#GD	29.583334	286.074005	9.765830	34.037689	-0.000099	34.764374	0.008791
#GD	29.600002	286.235992	9.788685	34.037468	-0.000115	34.771999	0.008555
#GD	29.616669	286.407013	9.796293	34.037312	-0.000124	34.779125	0.008673
#GD	29.633335	286.575989	9.801736	34.037094	-0.000123	34.786877	0.009047
#GD	29.650002	286.737000	9.805015	34.036842	-0.000123	34.797375	0.009583
#GD	29.666668	286.904999	9.793595	34.036751	-0.000107	34.805126	0.010151
#GD	29.683334	287.063995	9.764199	34.036594	-0.000092	34.818375	0.010818
#GD	29.700001	287.221985	9.739646	34.036564	-0.000078	34.830250	0.011421
#GD	29.716669	287.384003	9.733122	34.036686	-0.000062	34.840500	0.012034
#GD	29.733335	287.545990	9.751099	34.036720	-0.000057	34.852249	0.012530
#GD	29.750002	287.707001	9.766929	34.036564	-0.000058	34.865376	0.012990
#GD	29.766668	287.872009	9.796359	34.036373	-0.000058	34.879749	0.013310
#GD	29.783335	288.039001	9.818698	34.036343	-0.000072	34.892250	0.013649
#GD	29.800001	288.200989	9.838822	34.036343	-0.000087	34.908001	0.013859
#GD	29.816668	288.365997	9.864457	34.036156	-0.000104	34.921875	0.014032
#GD	29.833334	288.529999	9.870434	34.036156	-0.000113	34.935501	0.014287
#GD	29.850002	288.691986	9.868286	34.036156	-0.000114	34.950748	0.014680
#GD	29.866669	288.855988	9.860680	34.035908	-0.000125	34.964375	0.015147
#GD	29.883335	289.023987	9.842185	34.035782	-0.000133	34.976501	0.015463
#GD	29.900002	289.191986	9.812773	34.035439	-0.000138	34.992626	0.015895
#GD	29.916668	289.351990	9.793679	34.035343	-0.000150	35.010750	0.016317
#GD	29.933334	289.516998	9.778964	34.035408	-0.000143	35.029751	0.016508
#GD	29.950001	289.678986	9.753878	34.035187	-0.000127	35.047001	0.016453
#GD	29.966669	289.835999	9.741860	34.035061	-0.000112	35.062126	0.016225
#GD	29.983335	289.997009	9.738049	34.034874	-0.000108	35.079750	0.015731
#GD	30.000002	290.161987	9.702559	34.034626	-0.000103	35.097252	0.015200
#GD	30.016668	290.325989	9.649076	34.034752	-0.000105	35.110874	0.014795
#GD	30.033335	290.487000	9.594045	34.034687	-0.000089	35.122250	0.014606
#GD	30.050001	290.653992	9.517090	34.034657	-0.000086	35.136375	0.014479
#GD	30.066668	290.815002	9.436956	34.034313	-0.000084	35.150375	0.014322
#GD	30.083334	290.959991	9.366095	34.034439	-0.000092	35.165001	0.014317
#GD	30.100002	291.114990	9.324629	34.034218	-0.000108	35.180500	0.014423
#GD	30.116669	291.269012	9.314741	34.034313	-0.000116	35.196377	0.014511
#GD	30.133335	291.416992	9.301076	34.034061	-0.000121	35.210377	0.014443
#GD	30.150002	291.575012	9.333219	34.033970	-0.000109	35.224251	0.014225
#GD	30.166668	291.733002	9.398154	34.033749	-0.000106	35.238876	0.013858
#GD	30.183334	291.893005	9.443448	34.033657	-0.000105	35.252125	0.013358
#GD	30.200001	292.053986	9.509432	34.033501	-0.000116	35.266376	0.012866
#GD	30.216669	292.204987	9.570057	34.033375	-0.000117	35.280376	0.012453
#GD	30.233335	292.364990	9.601651	34.033531	-0.000127	35.291752	0.012121
#GD	30.250002	292.526001	9.640968	34.033501	-0.000126	35.302750	0.012051
#GD	30.266668	292.687012	9.684098	34.033157	-0.000138	35.312752	0.012082
#GD	30.283335	292.854004	9.752863	34.032906	-0.000146	35.323875	0.011968
#GD	30.300001	293.015015	9.824774	34.032749	-0.000153	35.335251	0.011807
#GD	30.316668	293.175995	9.867820	34.032532	-0.000163	35.348000	0.011607
#GD	30.333334	293.341003	9.900530	34.032593	-0.000159	35.364624	0.011353
#GD	30.350002	293.506012	9.931623	34.032280	-0.000140	35.377377	0.011013
#GD	30.366669	293.678009	9.949053	34.032188	-0.000138	35.386002	0.010398
#GD	30.383335	293.842987	9.962152	34.032124	-0.000133	35.394627	0.009669
#GD	30.400002	294.009003	9.953979	34.031906	-0.000129	35.402626	0.008948
#GD	30.416668	294.174011	9.923984	34.031750	-0.000127	35.412251	0.008351
#GD	30.433334	294.342010	9.884699	34.031750	-0.000129	35.421249	0.008080
#GD	30.450001	294.506989	9.862327	34.031437	-0.000132	35.426876	0.008118
#GD	30.466669	294.669006	9.876558	34.031467	-0.000140	35.433876	0.008288
#GD	30.483335	294.830994	9.880322	34.031345	-0.000139	35.442375	0.008581
#GD	30.500002	294.993011	9.922335	34.031281	-0.000142	35.451248	0.008888
#GD	30.516668	295.154999	9.957309	34.030876	-0.000145	35.459126	0.009210
#GD	30.533335	295.325989	9.984042	34.030876	-0.000146	35.469501	0.009465
#GD	30.550001	295.497009	10.015619	34.030594	-0.000148	35.480499	0.009494
#GD	30.566668	295.658997	10.040705	34.030563	-0.000141	35.491749	0.009447
#GD	30.583336	295.837006	10.039623	34.030407	-0.000144	35.501877	0.009334
#GD	30.600002	296.002014	10.009626	34.030312	-0.000140	35.510502	0.009250
#GD	30.616669	296.162994	9.954013	34.030064	-0.000134	35.517876	0.009252
#GD	30.633335	296.330994	9.918540	34.030064	-0.000132	35.525501	0.009243
#GD	30.650002	296.498993	9.913096	34.029968	-0.000128	35.535126	0.009316
#GD	30.666668	296.661011	9.837225	34.029594	-0.000111	35.543751	0.009556
#GD	30.683334	296.821991	9.796326	34.029469	-0.000100	35.554001	0.009847
#GD	30.700001	296.984009	9.748885	34.029625	-0.000094	35.567001	0.010409
#GD	30.716669	297.152008	9.685630	34.029312	-0.000101	35.575874	0.010889
#GD	30.733335	297.322998	9.641968	34.029373	-0.000098	35.585751	0.011397
#GD	30.750002	297.467987	9.618513	34.029438	-0.000102	35.597000	0.011901
#GD	30.766668	297.628998	9.583108	34.029282	-0.000112	35.606998	0.012515
#GD	30.783335	297.786987	9.552579	34.029064	-0.000117	35.623627	0.013138
#GD	30.800001	297.945007	9.530224	34.028812	-0.000115	35.635624	0.013803
#GD	30.816668	298.106995	9.536266	34.028782	-0.000129	35.650623	0.014429
#GD	30.833336	298.268005	9.584223	34.028500	-0.000131	35.664001	0.014801
#GD	30.850002	298.423004	9.594543	34.028530	-0.000114	35.681873	0.014742
#GD	30.866669	298.584015	9.629982	34.028561	-0.000103	35.697376	0.014336
#GD	30.883335	298.744995	9.657782	34.028343	-0.000097	35.711376	0.013788
#GD	30.900002	298.906006	9.692705	34.028126	-0.000105	35.728748	0.012978
#GD	30.916668	299.066986	9.734686	34.028061	-0.000112	35.741875	0.012126
#GD	30.933334	299.227997	9.771273	34.028156	-0.000129	35.750126	0.011306
#GD	30.950001	299.395996	9.782709	34.027939	-0.000136	35.761124	0.010653
#GD	30.966669	299.557007	9.785489	34.027843	-0.000129	35.768875	0.010097
#GD	30.983335	299.723999	9.787669	34.027561	-0.000128	35.777748	0.009675
#GD	31.000002	299.888000	9.795859	34.027405	-0.000132	35.787251	0.009650
#GD	31.016668	300.049011	9.790383	34.027218	-0.000134	35.799252	0.009796
#GD	31.033335	300.209991	9.779480	34.027157	-0.000127	35.808498	0.009780
#GD	31.050001	300.371002	9.792546	34.027157	-0.000123	35.817375	0.009784
#GD	31.066668	300.535004	9.807262	34.027000	-0.000123	35.827499	0.009692
#GD	31.083336	300.701996	9.831782	34.026905	-0.000138	35.838627	0.009681
#GD	31.100002	300.863007	9.857948	34.026749	-0.000149	35.848625	0.009688
#GD	31.116669	301.027008	9.856917	34.026592	-0.000158	35.856499	0.009985
#GD	31.133335	301.194000	9.857983	34.026470	-0.000156	35.865002	0.010420
#GD	31.150002	301.360992	9.849809	34.026188	-0.000147	35.874374	0.011080
#GD	31.166668	301.524994	9.865107	34.025875	-0.000139	35.886623	0.011862
#GD	31.183334	301.688995	9.911416	34.025814	-0.000119	35.897373	0.012877
#GD	31.200001	301.846008	9.927229	34.025780	-0.000102	35.911373	0.013687
#GD	31.216669	302.013000	9.942028	34.025780	-0.000090	35.925751	0.014160
#GD	31.233335	302.177002	9.944724	34.025688	-0.000085	35.943501	0.014044
#GD	31.250002	302.350006	9.950134	34.025532	-0.000081	35.959251	0.013397
#GD	31.266668	302.523987	9.947438	34.025623	-0.000091	35.977375	0.012319
#GD	31.283335	302.683990	9.931591	34.025501	-0.000099	35.988625	0.010845
#GD	31.300001	302.851013	9.878706	34.025314	-0.000109	35.999748	0.008927
#GD	31.316668	303.010986	9.819813	34.025063	-0.000114	36.005249	0.006730
#GD	31.333336	303.174988	9.732538	34.025093	-0.000127	36.010376	0.004663
#GD	31.350002	303.338013	9.624589	34.024937	-0.000142	36.013374	0.002823
#GD	31.366669	303.498993	9.558588	34.024876	-0.000139	36.017124	0.001556
#GD	31.383335	303.658997	9.496415	34.024689	-0.000131	36.014500	0.000762
#GD	31.400002	303.819000	9.469199	34.024563	-0.000128	36.011749	0.000565
#GD	31.416668	303.972992	9.431513	34.024281	-0.000133	36.010502	0.000670
#GD	31.433334	304.117004	9.408042	34.024124	-0.000135	36.009998	0.001307
#GD	31.450001	304.277008	9.407559	34.024124	-0.000136	36.011002	0.002319
#GD	31.466669	304.437012	9.424938	34.024094	-0.000136	36.014626	0.003712
#GD	31.483335	304.600006	9.457614	34.023907	-0.000136	36.019627	0.005040
#GD	31.500002	304.753998	9.505588	34.023781	-0.000135	36.023624	0.006195
#GD	31.516668	304.911011	9.584639	34.023533	-0.000143	36.032875	0.007086
#GD	31.533335	305.071014	9.616283	34.023438	-0.000150	36.042000	0.007638
#GD	31.550001	305.230988	9.649542	34.023220	-0.000145	36.051624	0.007798
#GD	31.566668	305.390991	9.721535	34.023125	-0.000121	36.060249	0.007722
#GD	31.583336	305.550995	9.789717	34.022999	-0.000104	36.068874	0.007637
#GD	31.600002	305.723999	9.834495	34.022812	-0.000087	36.076000	0.007488
#GD	31.616669	305.884003	9.868902	34.022720	-0.000085	36.082249	0.007477
#GD	31.633335	306.045990	9.889677	34.022720	-0.000093	36.086876	0.007706
#GD	31.650002	306.221985	9.903325	34.022877	-0.000092	36.092499	0.008216
#GD	31.666668	306.381989	9.922968	34.022720	-0.000102	36.101875	0.008831
#GD	31.683334	306.545013	9.928411	34.022625	-0.000111	36.112125	0.009341
#GD	31.700001	306.710999	9.936584	34.022343	-0.000128	36.121750	0.009533
#GD	31.716669	306.873993	9.912580	34.022030	-0.000130	36.133877	0.009289
#GD	31.733335	307.040009	9.866188	34.022186	-0.000129	36.146873	0.008456
#GD	31.750002	307.212006	9.841586	34.021873	-0.000116	36.157875	0.007117
#GD	31.766668	307.378998	9.798456	34.021782	-0.000108	36.164749	0.005508
#GD	31.783335	307.537994	9.746687	34.021595	-0.000094	36.168373	0.003788
#GD	31.800001	307.696991	9.683966	34.021782	-0.000093	36.169750	0.002137
#GD	31.816668	307.856995	9.620145	34.021656	-0.000102	36.168751	0.000755
#GD	31.833336	308.015991	9.563998	34.021530	-0.000097	36.167252	-0.000208
#GD	31.850002	308.175995	9.549832	34.021343	-0.000107	36.165001	-0.000759
#GD	31.866669	308.335999	9.598971	34.021313	-0.000125	36.162876	-0.000957
#GD	31.883335	308.490997	9.653486	34.021095	-0.000142	36.162998	-0.000940
#GD	31.900002	308.651001	9.696549	34.021000	-0.000133	36.162624	-0.000771
#GD	31.916668	308.809998	9.728160	34.020905	-0.000137	36.161999	-0.000548
#GD	31.933334	308.972992	9.772872	34.020718	-0.000130	36.160873	-0.000214
#GD	31.950001	309.148010	9.809460	34.020405	-0.000135	36.160999	0.000288
#GD	31.966669	309.312988	9.820346	34.020374	-0.000126	36.160625	0.000907
#GD	31.983335	309.472992	9.791431	34.020500	-0.000126	36.160751	0.001777
#GD	32.000000	309.631989	9.746704	34.020092	-0.000128	36.161373	0.002760
#GD	32.016670	309.800995	9.656200	34.020157	-0.000131	36.164124	0.003780
#GD	32.033337	309.963013	9.565663	34.019875	-0.000120	36.169876	0.004952
#GD	32.050003	310.118988	9.508468	34.019905	-0.000125	36.175999	0.006262
#GD	32.066669	310.274994	9.453886	34.019688	-0.000127	36.183998	0.007565
#GD	32.083336	310.433990	9.397672	34.019470	-0.000114	36.191124	0.008805
#GD	32.100002	310.583008	9.361068	34.019279	-0.000117	36.198376	0.009801
#GD	32.116669	310.742004	9.396540	34.019470	-0.000112	36.210377	0.010502
#GD	32.133335	310.898010	9.447327	34.019249	-0.000112	36.223125	0.010914
#GD	32.150002	311.050995	9.503457	34.019127	-0.000105	36.235874	0.010852
#GD	32.166668	311.205994	9.550932	34.019032	-0.000101	36.249374	0.010581
#GD	32.183334	311.368988	9.601102	34.018906	-0.000101	36.261002	0.010024
#GD	32.200001	311.540009	9.640369	34.018749	-0.000098	36.271126	0.009103
#GD	32.216667	311.699005	9.678573	34.018688	-0.000078	36.279251	0.008166
#GD	32.233334	311.860992	9.734785	34.018593	-0.000076	36.283375	0.007336
#GD	32.250000	312.019012	9.760437	34.018501	-0.000076	36.290627	0.006768
#GD	32.266670	312.178009	9.779464	34.018467	-0.000086	36.297127	0.006500
#GD	32.283337	312.343994	9.788685	34.018532	-0.000092	36.301624	0.006345
#GD	32.300003	312.505005	9.818115	34.018532	-0.000100	36.307499	0.006251
#GD	32.316669	312.677002	9.833413	34.018219	-0.000103	36.313999	0.006101
#GD	32.333336	312.838013	9.856284	34.018124	-0.000115	36.322624	0.005739
#GD	32.350002	313.006989	9.857450	34.017811	-0.000128	36.330376	0.005459
#GD	32.366669	313.167999	9.826938	34.017811	-0.000143	36.335125	0.005398
#GD	32.383335	313.329987	9.790915	34.017719	-0.000142	36.339127	0.005236
#GD	32.400002	313.492004	9.726013	34.017719	-0.000126	36.341751	0.004957
#GD	32.416668	313.658997	9.687860	34.017437	-0.000122	36.344624	0.004479
#GD	32.433334	313.821014	9.641003	34.017281	-0.000115	36.349998	0.003943
#GD	32.450001	313.979004	9.609858	34.017033	-0.000121	36.358875	0.003412
#GD	32.466667	314.138000	9.574351	34.017033	-0.000121	36.363625	0.002920
#GD	32.483334	314.292999	9.531256	34.017063	-0.000123	36.366375	0.002327
#GD	32.500000	314.454010	9.503440	34.016876	-0.000120	36.366001	0.001756
#GD	32.516670	314.613007	9.512695	34.016781	-0.000125	36.364750	0.001255
#GD	32.533337	314.770996	9.538879	34.016594	-0.000127	36.363998	0.000957
#GD	32.550003	314.928986	9.563416	34.016499	-0.000127	36.365875	0.001084
#GD	32.566669	315.084015	9.602151	34.016312	-0.000122	36.365002	0.001540
#GD	32.583336	315.246002	9.622326	34.016125	-0.000104	36.367500	0.002335
#GD	32.600002	315.410004	9.636025	34.015968	-0.000103	36.370750	0.003292
#GD	32.616669	315.571991	9.649658	34.015938	-0.000108	36.374001	0.004204
#GD	32.633335	315.731995	9.645280	34.015999	-0.000119	36.377499	0.004903
#GD	32.650002	315.897003	9.634876	34.015907	-0.000127	36.382751	0.005403
#GD	32.666668	316.056000	9.610407	34.015938	-0.000130	36.390751	0.005494
#GD	32.683334	316.213013	9.591298	34.015564	-0.000137	36.399624	0.005370
#GD	32.700001	316.373993	9.568376	34.015282	-0.000144	36.406876	0.005061
#GD	32.716667	316.529999	9.520902	34.015064	-0.000148	36.411499	0.004712
#GD	32.733334	316.690002	9.477222	34.014938	-0.000143	36.414375	0.004296
#GD	32.750000	316.851013	9.463057	34.014969	-0.000144	36.416126	0.003858
#GD	32.766670	317.011993	9.452669	34.014843	-0.000135	36.418625	0.003667
#GD	32.783337	317.166992	9.445612	34.014751	-0.000132	36.420876	0.003878
#GD	32.800003	317.315002	9.447742	34.014626	-0.000130	36.426125	0.004284
#GD	32.816669	317.472992	9.460810	34.014500	-0.000141	36.430874	0.004836
#GD	32.833336	317.634003	9.474476	34.014156	-0.000147	36.434750	0.005347
#GD	32.850002	317.791992	9.515475	34.014000	-0.000155	36.441002	0.005907
#GD	32.866669	317.951996	9.584190	34.013939	-0.000151	36.449249	0.006398
#GD	32.883335	318.109985	9.652905	34.013905	-0.000149	36.454750	0.006611
#GD	32.900002	318.273987	9.693837	34.013626	-0.000138	36.462002	0.006685
#GD	32.916668	318.431000	9.722767	34.013596	-0.000122	36.467751	0.006526
#GD	32.933334	318.596008	9.756093	34.013248	-0.000126	36.477375	0.006025
#GD	32.950001	318.761993	9.768643	34.013313	-0.000128	36.485126	0.005400
#GD	32.966667	318.925995	9.818315	34.013062	-0.000118	36.489624	0.004636
#GD	32.983334	319.089996	9.869551	34.013092	-0.000108	36.493999	0.003726
#GD	33.000000	319.251007	9.934937	34.013031	-0.000108	36.496750	0.002757
#GD	33.016670	319.415009	9.952415	34.012718	-0.000111	36.497749	0.001836
#GD	33.033337	319.574005	9.950268	34.012657	-0.000125	36.500126	0.001153
#GD	33.050003	319.752014	9.943127	34.012749	-0.000138	36.499001	0.000557
#GD	33.066669	319.923004	9.932174	34.012531	-0.000148	36.499126	-0.000045
#GD	33.083336	320.093994	9.920155	34.012375	-0.000148	36.498001	-0.000627
#GD	33.100002	320.252014	9.904891	34.012093	-0.000138	36.499374	-0.001195
#GD	33.116669	320.411011	9.865057	34.011971	-0.000144	36.499374	-0.001943
#GD	33.133335	320.572998	9.790299	34.011658	-0.000148	36.496376	-0.002717
#GD	33.150002	320.737000	9.748336	34.011688	-0.000139	36.493126	-0.003746
#GD	33.166668	320.902008	9.719971	34.011593	-0.000132	36.488998	-0.004950
#GD	33.183334	321.070007	9.692688	34.011593	-0.000124	36.485001	-0.006444
#GD	33.200001	321.227997	9.675260	34.011345	-0.000125	36.477501	-0.007881
#GD	33.216667	321.386993	9.660579	34.011158	-0.000120	36.470001	-0.009209
#GD	33.233334	321.548004	9.636008	34.011063	-0.000124	36.459751	-0.010363
#GD	33.250000	321.707001	9.618564	34.010937	-0.000117	36.447876	-0.011248
#GD	33.266670	321.859009	9.607677	34.010811	-0.000103	36.432625	-0.011760
#GD	33.283337	322.026001	9.621826	34.010654	-0.000083	36.419125	-0.011786
#GD	33.300003	322.191010	9.651223	34.010624	-0.000078	36.405499	-0.011567
#GD	33.316669	322.348999	9.666488	34.010563	-0.000077	36.394127	-0.011121
#GD	33.333336	322.510010	9.691056	34.010532	-0.000084	36.383499	-0.010612
#GD	33.350002	322.669006	9.683915	34.010563	-0.000097	36.374748	-0.010005
#GD	33.366669	322.829987	9.634344	34.010502	-0.000113	36.367374	-0.009560
#GD	33.383335	322.997986	9.581409	34.010250	-0.000125	36.358250	-0.009238
#GD	33.400002	323.156006	9.543291	34.010155	-0.000138	36.348373	-0.008976
#GD	33.416668	323.320007	9.508901	34.009907	-0.000144	36.337749	-0.008846
#GD	33.433334	323.471985	9.486578	34.009689	-0.000147	36.329750	-0.008777
#GD	33.450001	323.627014	9.496948	34.009533	-0.000141	36.320873	-0.008654
#GD	33.466667	323.778992	9.512745	34.009533	-0.000128	36.312000	-0.008250
#GD	33.483334	323.937012	9.548684	34.009342	-0.000112	36.305626	-0.007717
#GD	33.500000	324.097992	9.577648	34.009312	-0.000096	36.296375	-0.007066
#GD	33.516670	324.259003	9.635526	34.009155	-0.000084	36.288250	-0.006313
#GD	33.533337	324.429993	9.682883	34.009029	-0.000085	36.280876	-0.005519
#GD	33.550003	324.591003	9.715094	34.008968	-0.000105	36.277126	-0.004747
#GD	33.566669	324.748993	9.718905	34.009029	-0.000123	36.272877	-0.004079
#GD	33.583336	324.907013	9.709085	34.008907	-0.000142	36.270248	-0.003375
#GD	33.600002	325.071014	9.721087	34.008842	-0.000149	36.269627	-0.002821
#GD	33.616669	325.234985	9.730391	34.008625	-0.000159	36.266499	-0.002439
#GD	33.633335	325.395996	9.776184	34.008186	-0.000157	36.264000	-0.002240
#GD	33.650002	325.557007	9.803433	34.007938	-0.000143	36.261002	-0.001954
#GD	33.666668	325.717987	9.836692	34.007843	-0.000133	36.259251	-0.001737
#GD	33.683334	325.889008	9.844949	34.007843	-0.000126	36.257751	-0.001436
#GD	33.700001	326.053009	9.837907	34.007656	-0.000111	36.256001	-0.001023
#GD	33.716667	326.220001	9.816001	34.007782	-0.000103	36.254375	-0.000583
#GD	33.733334	326.377991	9.800737	34.007874	-0.000115	36.255501	-0.000118
#GD	33.750000	326.548004	9.772356	34.007500	-0.000129	36.254749	0.000287
#GD	33.766670	326.709015	9.722701	34.007252	-0.000147	36.256126	0.000698
#GD	33.783337	326.867004	9.694320	34.007187	-0.000156	36.256500	0.000962
#GD	33.800003	327.023987	9.677957	34.006969	-0.000178	36.258251	0.001106
#GD	33.816669	327.191010	9.680653	34.006718	-0.000179	36.260124	0.001133
#GD	33.833336	327.351990	9.677874	34.006687	-0.000167	36.261623	0.001187
#GD	33.850002	327.510010	9.749385	34.006439	-0.000156	36.264000	0.001162
#GD	33.866669	327.670990	9.832880	34.006374	-0.000146	36.263500	0.001138
#GD	33.883335	327.834991	9.905423	34.006031	-0.000131	36.264126	0.001183
#GD	33.900002	327.997986	9.942493	34.006001	-0.000115	36.265125	0.001190
#GD	33.916668	328.161987	9.980164	34.005814	-0.000106	36.266499	0.001201
#GD	33.933334	328.342010	10.011841	34.005844	-0.000096	36.267876	0.001201
#GD	33.950001	328.511993	10.032615	34.005783	-0.000097	36.268875	0.001348
#GD	33.966667	328.678986	10.010276	34.005657	-0.000109	36.272499	0.001463
#GD	33.983334	328.839996	10.003152	34.005657	-0.000127	36.272751	0.001580
#GD	34.000000	329.002991	9.972623	34.005531	-0.000138	36.273499	0.001578
#GD	34.016670	329.170013	9.880937	34.005375	-0.000157	36.274124	0.001522
#GD	34.033337	329.339996	9.805664	34.005157	-0.000169	36.277000	0.001495
#GD	34.050003	329.497009	9.719988	34.004719	-0.000167	36.279499	0.001395
#GD	34.066669	329.670990	9.651772	34.004688	-0.000165	36.282001	0.001318
#GD	34.083336	329.834015	9.581959	34.004593	-0.000160	36.281750	0.001098
#GD	34.100002	329.981995	9.544888	34.004375	-0.000148	36.282249	0.000807
#GD	34.116669	330.135986	9.549832	34.004189	-0.000136	36.284374	0.000392
#GD	34.133335	330.286987	9.569491	34.004250	-0.000123	36.284874	-0.000077
#GD	34.150002	330.447998	9.584806	34.004093	-0.000120	36.284248	-0.000441
#GD	34.166668	330.608002	9.639887	34.003845	-0.000120	36.283127	-0.000643
#GD	34.183334	330.778015	9.741961	34.003811	-0.000122	36.282749	-0.000750
#GD	34.200001	330.947998	9.792646	34.003624	-0.000140	36.281124	-0.000929
#GD	34.216667	331.105011	9.834012	34.003563	-0.000148	36.277874	-0.001103
#GD	34.233334	331.268005	9.846514	34.003563	-0.000148	36.277374	-0.001325
#GD	34.250000	331.428009	9.841069	34.003281	-0.000152	36.277500	-0.001547
#GD	34.266670	331.601013	9.819796	34.003094	-0.000160	36.278999	-0.001670
#GD	34.283337	331.757996	9.805664	34.002689	-0.000162	36.276249	-0.001756
#GD	34.300003	331.924988	9.812189	34.002781	-0.000162	36.272625	-0.001843
#GD	34.316669	332.091003	9.828035	34.002625	-0.000160	36.268623	-0.002053
#GD	34.333336	332.252014	9.828602	34.002407	-0.000152	36.266125	-0.002151
#GD	34.350002	332.415009	9.797491	34.002251	-0.000150	36.265999	-0.002090
#GD	34.366669	332.575012	9.787138	34.002125	-0.000154	36.263874	-0.001699
#GD	34.383335	332.738007	9.760354	34.002064	-0.000181	36.262001	-0.001467
#GD	34.400002	332.911011	9.754861	34.001842	-0.000158	36.259377	-0.001311
#GD	34.416668	333.071014	9.762502	34.001656	-0.000113	36.258751	-0.001176
#GD	34.433334	333.227997	9.754345	34.001469	-0.000074	36.258373	-0.001102
#GD	34.450001	333.388000	9.740728	34.001186	-0.000039	36.259998	-0.001059
#GD	34.466667	333.550995	9.713412	34.000813	-0.000016	36.256001	-0.001131
#GD	34.483334	333.717010	9.682284	34.001408	0.000007	36.254623	-0.001234
#GD	34.500000	333.881012	9.709034	34.001812	0.000013	36.255375	-0.001425
#GD	34.516670	334.040009	9.766313	34.001781	0.000007	36.254375	-0.001545
#GD	34.533337	334.200012	9.803433	34.001751	-0.000019	36.251499	-0.001628
#GD	34.550003	334.359985	9.818665	34.001530	-0.000059	36.248627	-0.001481
#GD	34.566669	334.519989	9.813737	34.001499	-0.000126	36.247124	-0.001384
#GD	34.583336	334.690002	9.815369	34.001251	-0.000157	36.245377	-0.001338
#GD	34.600002	334.864990	9.813754	34.001125	-0.000155	36.244877	-0.001152
#GD	34.616669	335.028015	9.819247	34.000782	-0.000155	36.243374	-0.001090
#GD	34.633335	335.187988	9.816034	34.000687	-0.000159	36.243500	-0.001206
#GD	34.650002	335.345001	9.796342	34.000439	-0.000160	36.243874	-0.001309
#GD	34.666668	335.506989	9.726545	34.000439	-0.000164	36.242001	-0.001387
#GD	34.683334	335.666992	9.647511	34.000500	-0.000168	36.241627	-0.001476
#GD	34.700001	335.835999	9.599455	34.000217	-0.000174	36.237373	-0.001409
#GD	34.716667	336.000000	9.548268	33.999844	-0.000189	36.233501	-0.001308
#GD	34.733334	336.161987	9.494202	33.999813	-0.000195	36.233624	-0.001225
#GD	34.750000	336.312012	9.440735	33.999439	-0.000206	36.233002	-0.000998
#GD	34.766670	336.463013	9.399769	33.999313	-0.000216	36.231998	-0.000708
#GD	34.783337	336.618988	9.374683	33.999031	-0.000216	36.233376	-0.000256
#GD	34.800003	336.773010	9.388350	33.998844	-0.000212	36.233624	0.000102
#GD	34.816669	336.928986	9.429299	33.998749	-0.000212	36.231125	0.000299
#GD	34.833336	337.088989	9.482134	33.998562	-0.000207	36.231377	0.000407
#GD	34.850002	337.247986	9.546520	33.998188	-0.000216	36.232498	0.000399
#GD	34.866669	337.410004	9.604398	33.997906	-0.000214	36.234627	0.000375
#GD	34.883335	337.570007	9.678057	33.997814	-0.000210	36.236252	0.000343
#GD	34.900002	337.730011	9.739713	33.997688	-0.000201	36.237125	0.000247
#GD	34.916668	337.885986	9.773471	33.997406	-0.000188	36.235748	-0.000040
#GD	34.933334	338.054993	9.810009	33.997063	-0.000163	36.234375	-0.000363
#GD	34.950001	338.220001	9.831765	33.996967	-0.000154	36.235500	-0.000639
#GD	34.966667	338.390015	9.841586	33.996906	-0.000158	36.234375	-0.000760
#GD	34.983334	338.554993	9.858532	33.996811	-0.000171	36.232876	-0.000781
#GD	35.000000	338.713989	9.883101	33.996593	-0.000179	36.231499	-0.000741
#GD	35.016670	338.880005	9.879806	33.996655	-0.000192	36.230499	-0.000717
#GD	35.033337	339.041992	9.872714	33.996376	-0.000224	36.230000	-0.000645
#GD	35.050003	339.201996	9.859064	33.996063	-0.000252	36.230373	-0.000325
#GD	35.066669	339.371002	9.851474	33.995594	-0.000263	36.229752	0.000105
#GD	35.083336	339.541992	9.852572	33.995438	-0.000266	36.228748	0.000519
#GD	35.100002	339.707001	9.859080	33.995186	-0.000276	36.228374	0.000887
#GD	35.116669	339.867004	9.865623	33.994751	-0.000270	36.229626	0.001186
#GD	35.133335	340.028992	9.857999	33.994499	-0.000255	36.232750	0.001445
#GD	35.150002	340.188995	9.821461	33.994438	-0.000253	36.236000	0.001658
#GD	35.166668	340.354004	9.846031	33.994251	-0.000255	36.237751	0.001684
#GD	35.183334	340.524994	9.898948	33.993843	-0.000241	36.239376	0.001504
#GD	35.200001	340.687988	9.931674	33.993561	-0.000236	36.240623	0.001179
#GD	35.216667	340.850006	9.953547	33.993469	-0.000234	36.242374	0.000789
#GD	35.233334	341.009003	9.956793	33.993000	-0.000235	36.243374	0.000417
#GD	35.250000	341.190002	9.943160	33.992844	-0.000240	36.242626	0.000276
#GD	35.266670	341.359009	9.918058	33.992844	-0.000248	36.241875	0.000199
#GD	35.283337	341.516998	9.919106	33.992405	-0.000256	36.241749	0.000301
#GD	35.300003	341.683014	9.932673	33.992344	-0.000259	36.241501	0.000434
#GD	35.316669	341.845001	9.915195	33.992062	-0.000253	36.240501	0.000641
#GD	35.333336	342.010010	9.822976	33.991592	-0.000261	36.243252	0.001023
#GD	35.350002	342.171997	9.746105	33.991158	-0.000264	36.243999	0.001392
#GD	35.366669	342.339996	9.692105	33.991032	-0.000250	36.247250	0.001647
#GD	35.383335	342.511993	9.648443	33.990936	-0.000252	36.248001	0.001820
#GD	35.400002	342.670990	9.638672	33.990688	-0.000235	36.249001	0.001879
#GD	35.416668	342.816986	9.669783	33.990406	-0.000234	36.252998	0.001806
#GD	35.433334	342.967010	9.710765	33.990189	-0.000239	36.255501	0.001753
#GD	35.450001	343.127991	9.735335	33.990032	-0.000254	36.256500	0.001642
#GD	35.466667	343.295990	9.772955	33.989624	-0.000262	36.257751	0.001602
#GD	35.483334	343.464996	9.845481	33.989594	-0.000263	36.258751	0.001570
#GD	35.500000	343.641998	9.911982	33.988998	-0.000265	36.260502	0.001542
#GD	35.516670	343.807007	9.946872	33.988842	-0.000264	36.261623	0.001534
#GD	35.533337	343.966003	9.936584	33.988564	-0.000256	36.263126	0.001541
#GD	35.550003	344.127991	9.908719	33.988377	-0.000244	36.264626	0.001545
#GD	35.566669	344.291992	9.895053	33.988094	-0.000250	36.267376	0.001573
#GD	35.583336	344.454987	9.909235	33.987812	-0.000250	36.270126	0.001536
#GD	35.600002	344.625000	9.926147	33.987656	-0.000276	36.270000	0.001345
#GD	35.616669	344.790009	9.929443	33.987499	-0.000298	36.270748	0.001132
#GD	35.633335	344.954987	9.916376	33.987251	-0.000311	36.272499	0.000877
#GD	35.650002	345.123993	9.902161	33.986782	-0.000317	36.274750	0.000554
#GD	35.666668	345.296997	9.893405	33.986374	-0.000313	36.275501	0.000205
#GD	35.683334	345.451996	9.898282	33.985874	-0.000308	36.273376	-0.000102
#GD	35.700001	345.610992	9.912498	33.985531	-0.000304	36.274124	-0.000431
#GD	35.716667	345.774994	9.903259	33.985405	-0.000297	36.273876	-0.000731
#GD	35.733334	345.941986	9.882535	33.985157	-0.000291	36.272751	-0.000952
#GD	35.750000	346.109985	9.865673	33.985062	-0.000295	36.270500	-0.001092
#GD	35.766670	346.282990	9.861877	33.984814	-0.000306	36.268749	-0.001056
#GD	35.783337	346.447998	9.828651	33.984375	-0.000324	36.268124	-0.001033
#GD	35.800003	346.605988	9.794861	33.983971	-0.000348	36.267502	-0.000760
#GD	35.816669	346.766998	9.744674	33.983562	-0.000360	36.266499	-0.000279
#GD	35.833336	346.928009	9.715710	33.983158	-0.000373	36.264374	0.000360
#GD	35.850002	347.085999	9.678555	33.982750	-0.000363	36.265251	0.001061
#GD	35.866669	347.247009	9.689476	33.982498	-0.000339	36.265499	0.001787
#GD	35.883335	347.415009	9.709085	33.982094	-0.000320	36.268501	0.002539
#GD	35.900002	347.572998	9.743991	33.981812	-0.000313	36.272251	0.003466
#GD	35.916668	347.739990	9.769592	33.981377	-0.000307	36.276749	0.004208
#GD	35.933334	347.894989	9.777832	33.981251	-0.000315	36.281624	0.004331
#GD	35.950001	348.062012	9.757625	33.981064	-0.000335	36.286499	0.003982
#GD	35.966667	348.222992	9.722235	33.980751	-0.000341	36.291374	0.003213
#GD	35.983334	348.394012	9.687927	33.980251	-0.000352	36.300625	0.002557
#GD	36.000000	348.554993	9.629034	33.979969	-0.000364	36.304375	0.002247
#GD	36.016670	348.713013	9.617515	33.979439	-0.000376	36.300877	0.002065
#GD	36.033337	348.869995	9.596175	33.978905	-0.000375	36.296749	0.001670
#GD	36.050003	349.028015	9.618513	33.978748	-0.000364	36.293499	0.001257
#GD	36.066669	349.183014	9.659928	33.978374	-0.000358	36.298000	0.001120
#GD	36.083336	349.338013	9.740112	33.977970	-0.000353	36.306999	0.001627
#GD	36.100002	349.507996	9.812089	33.977688	-0.000346	36.311375	0.002453
#GD	36.116669	349.671997	9.874312	33.977406	-0.000356	36.307751	0.003109
#GD	36.133335	349.842987	9.928278	33.977093	-0.000374	36.306751	0.003846
#GD	36.150002	350.013000	10.007380	33.976532	-0.000380	36.311001	0.004450
#GD	36.166668	350.179993	10.078924	33.976280	-0.000380	36.318001	0.004903
#GD	36.183334	350.341003	10.114963	33.975876	-0.000391	36.324001	0.005346
#GD	36.200001	350.505005	10.140048	33.975311	-0.000400	36.328377	0.005649
#GD	36.216667	350.671997	10.154264	33.974968	-0.000403	36.340626	0.005272
#GD	36.233334	350.851990	10.196261	33.974625	-0.000399	36.350376	0.004508
#GD	36.250000	351.028015	10.213123	33.974377	-0.000390	36.353001	0.003690
#GD	36.266670	351.197998	10.211426	33.973812	-0.000384	36.353001	0.002927
#GD	36.283337	351.362000	10.165067	33.973373	-0.000395	36.353874	0.002309
#GD	36.300003	351.532013	10.083835	33.972969	-0.000408	36.351749	0.001577
#GD	36.316669	351.709015	9.995461	33.972626	-0.000420	36.353249	0.000930
#GD	36.333336	351.868988	9.950650	33.972500	-0.000430	36.356251	0.000317
#GD	36.350002	352.032990	9.933805	33.971939	-0.000423	36.358124	-0.000500
#GD	36.366669	352.194000	9.921820	33.971188	-0.000431	36.362125	-0.001470
#GD	36.383335	352.355011	9.898382	33.970875	-0.000443	36.362000	-0.002429
#GD	36.400002	352.522003	9.874928	33.970436	-0.000456	36.355873	-0.003621
#GD	36.416668	352.691986	9.912048	33.969967	-0.000465	36.348000	-0.004925
#GD	36.433334	352.859009	9.931641	33.969719	-0.000462	36.339874	-0.005878
#GD	36.450001	353.023010	9.969243	33.969124	-0.000457	36.333874	-0.006574
#GD	36.466667	353.187012	9.991016	33.968624	-0.000477	36.329250	-0.006780
#GD	36.483334	353.347992	9.988836	33.968155	-0.000493	36.321751	-0.006319
#GD	36.500000	353.520996	9.980646	33.967686	-0.000501	36.311501	-0.005679
#GD	36.516670	353.684998	9.961554	33.967094	-0.000513	36.307251	-0.005201
#GD	36.533337	353.858002	9.952864	33.966751	-0.000511	36.300877	-0.004907
#GD	36.550003	354.023987	9.933805	33.966061	-0.000519	36.295376	-0.004727
#GD	36.566669	354.187988	9.915827	33.965500	-0.000533	36.296875	-0.004388
#GD	36.583336	354.351990	9.879256	33.965126	-0.000534	36.295124	-0.004052
#GD	36.600002	354.510010	9.834578	33.964531	-0.000522	36.288876	-0.003942
#GD	36.616669	354.677002	9.748951	33.964062	-0.000521	36.282749	-0.003713
#GD	36.633335	354.839996	9.665522	33.963406	-0.000512	36.276001	-0.003596
#GD	36.650002	355.006989	9.584223	33.962749	-0.000520	36.273499	-0.003536
#GD	36.666668	355.170990	9.526361	33.962406	-0.000522	36.271252	-0.003192
#GD	36.683334	355.325012	9.478920	33.962124	-0.000522	36.268501	-0.002753
#GD	36.700001	355.473999	9.447309	33.961468	-0.000530	36.267624	-0.002375
#GD	36.716667	355.625000	9.459294	33.960938	-0.000525	36.264874	-0.001891
#GD	36.733334	355.779999	9.490890	33.960220	-0.000530	36.263000	-0.001608
#GD	36.750004	355.942993	9.557922	33.959873	-0.000546	36.261002	-0.001365
#GD	36.766670	356.101013	9.652239	33.959217	-0.000558	36.257999	-0.001216
#GD	36.783337	356.266998	9.738514	33.958595	-0.000561	36.256748	-0.001056
#GD	36.800003	356.433990	9.822494	33.958248	-0.000570	36.259998	-0.000322
#GD	36.816669	356.596985	9.856900	33.957657	-0.000573	36.259125	0.000298
#GD	36.833336	356.760986	9.840005	33.957031	-0.000590	36.257874	0.000518
#GD	36.850002	356.924988	9.817665	33.956406	-0.000592	36.255375	0.000297
#GD	36.866669	357.088013	9.780096	33.955750	-0.000603	36.255749	-0.000302
#GD	36.883335	357.260986	9.742493	33.955124	-0.000624	36.266876	-0.001160
#GD	36.900002	357.419006	9.722318	33.954624	-0.000632	36.267502	-0.001810
#GD	36.916668	357.572998	9.713529	33.953907	-0.000636	36.261501	-0.002381
#GD	36.933334	357.734009	9.704224	33.953377	-0.000634	36.253876	-0.002979
#GD	36.950001	357.897003	9.728744	33.952686	-0.000625	36.247749	-0.003823
#GD	36.966667	358.057007	9.759838	33.951908	-0.000627	36.241501	-0.004789
#GD	36.983334	358.221008	9.814886	33.951283	-0.000632	36.239124	-0.004974
#GD	37.000004	358.386993	9.881437	33.950657	-0.000634	36.237751	-0.004971
#GD	37.016670	358.548004	9.908719	33.950157	-0.000626	36.234375	-0.004997
#GD	37.033337	358.721008	9.904891	33.949688	-0.000617	36.227249	-0.005090
#GD	37.050003	358.886993	9.889627	33.948906	-0.000629	36.218498	-0.005410
#GD	37.066669	359.048004	9.851474	33.948189	-0.000640	36.214874	-0.005816
#GD	37.083336	359.220001	9.811673	33.947498	-0.000655	36.207874	-0.006081
#GD	37.100002	359.381012	9.796326	33.947124	-0.000666	36.202499	-0.006075
#GD	37.116669	359.537994	9.792546	33.946438	-0.000665	36.198376	-0.005941
#GD	37.133335	359.699005	9.828003	33.945438	-0.000672	36.189625	-0.005933
#GD	37.150002	359.859009	9.865057	33.944908	-0.000686	36.183624	-0.006010
#GD	37.166668	360.022003	9.877607	33.944187	-0.000708	36.178001	-0.005832
#GD	37.183334	360.191986	9.926713	33.943626	-0.000732	36.173374	-0.005607
#GD	37.200001	360.364014	9.969810	33.943062	-0.000729	36.167374	-0.005418
#GD	37.216667	360.533997	9.985591	33.942032	-0.000733	36.159752	-0.005220
#GD	37.233334	360.697998	9.980663	33.941280	-0.000760	36.154877	-0.005177
#GD	37.250004	360.858002	9.917941	33.940437	-0.000771	36.152126	-0.005397
#GD	37.266670	361.027008	9.820362	33.939686	-0.000794	36.148998	-0.005775
#GD	37.283337	361.192993	9.715610	33.939156	-0.000806	36.142876	-0.005984
#GD	37.300003	361.356995	9.627253	33.938251	-0.000799	36.136124	-0.005933
#GD	37.316669	361.519989	9.551397	33.937283	-0.000801	36.130749	-0.005989
#GD	37.333336	361.670990	9.471231	33.936657	-0.000791	36.120377	-0.005903
#GD	37.350002	361.825012	9.450489	33.935593	-0.000784	36.111000	-0.005862
#GD	37.366669	361.979004	9.472912	33.934811	-0.000792	36.106876	-0.006063
#GD	37.383335	362.135986	9.549300	33.934124	-0.000784	36.106499	-0.006291
#GD	37.400002	362.290985	9.622974	33.933376	-0.000773	36.101124	-0.006479
#GD	37.416668	362.444000	9.716808	33.932812	-0.000775	36.098373	-0.006448
#GD	37.433334	362.622986	9.780013	33.932064	-0.000777	36.089375	-0.006430
#GD	37.450001	362.789001	9.834062	33.930969	-0.000791	36.075249	-0.006799
#GD	37.466667	362.962006	9.874978	33.930218	-0.000811	36.067249	-0.007334
#GD	37.483334	363.118011	9.894554	33.929562	-0.000840	36.061127	-0.007526
#GD	37.500004	363.282013	9.855803	33.928719	-0.000872	36.057377	-0.007600
#GD	37.516670	363.441986	9.799588	33.927750	-0.000898	36.054874	-0.007261
#GD	37.533337	363.608002	9.774436	33.926968	-0.000918	36.044498	-0.006847
#GD	37.550003	363.774994	9.772804	33.926064	-0.000954	36.032501	-0.006568
#GD	37.566669	363.937988	9.783225	33.924938	-0.000981	36.025623	-0.006029
#GD	37.583336	364.091003	9.775103	33.923939	-0.001003	36.018501	-0.005395
#GD	37.600002	364.260986	9.754395	33.922844	-0.001014	36.014374	-0.004982
#GD	37.616669	364.420990	9.711831	33.921906	-0.001019	36.009998	-0.004640
#GD	37.633335	364.589996	9.701510	33.920811	-0.000997	36.008125	-0.004679
#GD	37.650002	364.747009	9.708602	33.919876	-0.000976	36.009998	-0.004955
#GD	37.666668	364.910004	9.705888	33.918720	-0.000969	36.007999	-0.005241
#GD	37.683334	365.066986	9.680286	33.917812	-0.000961	35.997002	-0.005492
#GD	37.700001	365.223999	9.676392	33.916904	-0.000955	35.986374	-0.005482
#GD	37.716667	365.393005	9.669284	33.916283	-0.000956	35.976749	-0.005270
#GD	37.733334	365.556000	9.698148	33.915218	-0.000978	35.972374	-0.005100
#GD	37.750004	365.713013	9.725464	33.914063	-0.001000	35.968376	-0.004629
#GD	37.766670	365.876007	9.741261	33.913124	-0.001024	35.966251	-0.003819
#GD	37.783337	366.036987	9.718323	33.912251	-0.001037	35.966499	-0.003058
#GD	37.800003	366.199005	9.697032	33.911064	-0.001056	35.966625	-0.002585
#GD	37.816669	366.364990	9.700295	33.909782	-0.001066	35.959251	-0.002243
#GD	37.833336	366.531006	9.695401	33.908688	-0.001080	35.953876	-0.001746
#GD	37.850002	366.687988	9.679605	33.907780	-0.001107	35.952499	-0.000922
#GD	37.866669	366.841003	9.672596	33.906937	-0.001131	35.953499	0.000021
#GD	37.883335	367.007996	9.645880	33.905720	-0.001147	35.951248	0.001242
#GD	37.900002	367.170990	9.608776	33.904408	-0.001159	35.952873	0.002661
#GD	37.916668	367.328003	9.572238	33.903252	-0.001179	35.956749	0.004089
#GD	37.933334	367.489990	9.564614	33.901939	-0.001208	35.965626	0.005452
#GD	37.950001	367.653015	9.544971	33.900719	-0.001219	35.970249	0.006749
#GD	37.966667	367.808014	9.513877	33.899437	-0.001216	35.976875	0.007914
#GD	37.983334	367.963989	9.493120	33.898407	-0.001212	35.983124	0.008581
#GD	38.000004	368.118011	9.487061	33.897251	-0.001224	35.995499	0.008949
#GD	38.016670	368.279999	9.497447	33.895844	-0.001216	36.007751	0.009202
#GD	38.033337	368.437012	9.519254	33.894749	-0.001225	36.018749	0.009770
#GD	38.050003	368.598999	9.578763	33.893467	-0.001244	36.027874	0.010713
#GD	38.066669	368.753998	9.660562	33.892281	-0.001279	36.034500	0.012305
#GD	38.083336	368.912994	9.722667	33.890781	-0.001291	36.042625	0.014209
#GD	38.100002	369.079010	9.761985	33.889908	-0.001320	36.053375	0.016512
#GD	38.116669	369.239014	9.827436	33.888439	-0.001345	36.069000	0.019169
#GD	38.133335	369.407013	9.872730	33.886971	-0.001370	36.092377	0.021980
#GD	38.150002	369.579987	9.927279	33.885406	-0.001387	36.123123	0.024695
#GD	38.166668	369.739990	9.945240	33.884342	-0.001413	36.151749	0.027141
#GD	38.183334	369.902008	9.952282	33.882561	-0.001453	36.179375	0.029447
#GD	38.200001	370.074005	9.974704	33.881374	-0.001479	36.209251	0.031492
#GD	38.216667	370.237000	9.965466	33.879814	-0.001507	36.239750	0.033348
#GD	38.233334	370.406006	9.941495	33.878532	-0.001525	36.270874	0.035125
#GD	38.250004	370.567993	9.981245	33.876781	-0.001548	36.305626	0.036876
#GD	38.266670	370.735992	10.005733	33.875156	-0.001563	36.347000	0.038350
#GD	38.283337	370.907013	10.049977	33.873405	-0.001577	36.389252	0.039650
#GD	38.300003	371.069000	10.104026	33.871811	-0.001557	36.433498	0.040942
#GD	38.316669	371.227997	10.124201	33.870468	-0.001554	36.476624	0.041883
#GD	38.333336	371.407990	10.144376	33.868938	-0.001538	36.515999	0.042252
#GD	38.350002	371.575989	10.161820	33.867092	-0.001531	36.554127	0.042334
#GD	38.366669	371.756012	10.189653	33.865814	-0.001522	36.597626	0.042696
#GD	38.383335	371.924011	10.242637	33.864624	-0.001541	36.645248	0.043338
#GD	38.400002	372.085999	10.296103	33.862782	-0.001556	36.688126	0.044280
#GD	38.416668	372.252991	10.289495	33.861187	-0.001572	36.727875	0.045563
#GD	38.433334	372.427002	10.288346	33.859627	-0.001602	36.771252	0.047083
#GD	38.450001	372.601013	10.269736	33.858189	-0.001647	36.820873	0.048631
#GD	38.466667	372.778015	10.264859	33.856281	-0.001681	36.871124	0.050279
#GD	38.483334	372.958008	10.247963	33.854874	-0.001705	36.921001	0.052264
#GD	38.500004	373.122986	10.243619	33.853062	-0.001736	36.974251	0.054316
#GD	38.516670	373.287994	10.191235	33.851093	-0.001761	37.031750	0.055548
#GD	38.533337	373.455994	10.090842	33.849438	-0.001781	37.089748	0.055417
#GD	38.550003	373.621002	9.983393	33.847656	-0.001792	37.146873	0.054328
#GD	38.566669	373.787994	9.919656	33.845688	-0.001820	37.207001	0.052766
#GD	38.583336	373.971008	9.877142	33.843967	-0.001841	37.269375	0.050883
#GD	38.600002	374.130005	9.870566	33.842220	-0.001856	37.319874	0.049210
#GD	38.616669	374.278992	9.852523	33.840439	-0.001880	37.356251	0.047596
#GD	38.633335	374.437988	9.856334	33.838501	-0.001895	37.392624	0.046003
#GD	38.650002	374.609009	9.849226	33.836498	-0.001908	37.436249	0.044366
#GD	38.666668	374.766998	9.872131	33.834373	-0.001927	37.482376	0.042844
#GD	38.683334	374.944000	9.946355	33.832592	-0.001945	37.535374	0.041219
#GD	38.700001	375.105988	9.990018	33.830658	-0.001952	37.579876	0.038967
#GD	38.716667	375.276001	9.975852	33.828751	-0.001960	37.620377	0.036065
#GD	38.733334	375.437988	9.957275	33.826782	-0.001965	37.657001	0.032604
#GD	38.750004	375.612000	9.967096	33.824844	-0.001976	37.689377	0.029231
#GD	38.766670	375.776001	9.960022	33.822781	-0.001997	37.708752	0.026213
#GD	38.783337	375.934998	9.969827	33.820873	-0.002007	37.722252	0.024267
#GD	38.800003	376.096008	9.944741	33.818718	-0.002027	37.744751	0.022815
#GD	38.816669	376.266998	9.956726	33.816750	-0.002038	37.766499	0.021800
#GD	38.833336	376.437988	9.958374	33.814686	-0.002056	37.790874	0.020964
#GD	38.850002	376.608002	9.980713	33.812656	-0.002086	37.814251	0.019763
#GD	38.866669	376.769989	9.993247	33.810688	-0.002117	37.840626	0.017523
#GD	38.883335	376.928009	9.974188	33.808407	-0.002139	37.859123	0.015051
#GD	38.900002	377.101990	9.942044	33.806438	-0.002173	37.875999	0.013936
#GD	38.916668	377.269012	9.928960	33.804188	-0.002205	37.887123	0.013870
#GD	38.933334	377.433990	9.909268	33.801750	-0.002219	37.886250	0.015045
#GD	38.950001	377.597992	9.911499	33.799564	-0.002228	37.879501	0.017510
#GD	38.966667	377.760010	9.946389	33.797405	-0.002221	37.892376	0.020495
#GD	38.983334	377.927002	9.933871	33.795033	-0.002221	37.929249	0.022233
#GD	39.000004	378.095001	9.931141	33.792717	-0.002216	37.963123	0.022232
#GD	39.016670	378.252991	9.946971	33.790783	-0.002218	38.000500	0.020229
#GD	39.033337	378.420013	9.948586	33.788532	-0.002245	38.042751	0.015316
#GD	39.050003	378.600006	9.929460	33.786438	-0.002266	38.068249	0.007272
#GD	39.066669	378.759003	9.874928	33.784157	-0.002280	38.064125	-0.003378
#GD	39.083336	378.920013	9.796942	33.781780	-0.002309	38.046623	-0.014647
#GD	39.100002	379.089996	9.723283	33.779408	-0.002344	38.023376	-0.025560
#GD	39.116669	379.251007	9.637557	33.776814	-0.002365	37.987625	-0.035254
#GD	39.133335	379.410004	9.564481	33.774593	-0.002388	37.947124	-0.042969
#GD	39.150002	379.565002	9.525229	33.772343	-0.002405	37.887875	-0.049039
#GD	39.166668	379.717010	9.417248	33.769844	-0.002404	37.829124	-0.054606
#GD	39.183334	379.875000	9.309781	33.767437	-0.002407	37.776249	-0.060338
#GD	39.200001	380.036987	9.237206	33.765030	-0.002408	37.720875	-0.065168
#GD	39.216667	380.197998	9.179959	33.762531	-0.002419	37.657749	-0.068617
#GD	39.233334	380.350006	9.152678	33.759968	-0.002429	37.586376	-0.070963
#GD	39.250004	380.484009	9.126510	33.757813	-0.002433	37.506001	-0.074000
#GD	39.266670	380.635986	9.136913	33.755314	-0.002433	37.411751	-0.077953
#GD	39.283337	380.787994	9.148382	33.752907	-0.002423	37.332500	-0.082313
#GD	39.300003	380.940002	9.180558	33.750500	-0.002417	37.267624	-0.086945
#GD	39.316669	381.097992	9.243846	33.747936	-0.002420	37.196499	-0.091558
#GD	39.333336	381.250000	9.298412	33.745407	-0.002430	37.102249	-0.095888
#GD	39.350002	381.417999	9.291921	33.743126	-0.002430	36.995499	-0.099417
#GD	39.366669	381.569000	9.289690	33.740906	-0.002422	36.883251	-0.102503
#GD	39.383335	381.721008	9.288541	33.738377	-0.002404	36.765125	-0.103854
#GD	39.400002	381.876007	9.268899	33.735844	-0.002398	36.650124	-0.101830
#GD	39.416668	382.026001	9.291204	33.733437	-0.002397	36.540501	-0.095617
#GD	39.433334	382.178009	9.371921	33.730938	-0.002412	36.445374	-0.083730
#GD	39.450001	382.335999	9.514311	33.728748	-0.002404	36.356125	-0.065250
#GD	39.466667	382.493988	9.669800	33.726532	-0.002393	36.278252	-0.041988
#GD	39.483334	382.645996	9.805132	33.723873	-0.002391	36.219501	-0.017107
#GD	39.500004	382.812988	9.931706	33.721531	-0.002400	36.187374	0.006969
#GD	39.516670	382.994995	10.018450	33.718937	-0.002416	36.223499	0.028298
#GD	39.533337	383.165009	10.075212	33.716873	-0.002426	36.320873	0.047006
#GD	39.550003	383.338013	10.142811	33.714344	-0.002422	36.425877	0.064362
#GD	39.566669	383.502014	10.209878	33.711876	-0.002434	36.511749	0.082618
#GD	39.583336	383.669006	10.272583	33.709373	-0.002473	36.581375	0.103785
#GD	39.600002	383.833008	10.389754	33.706814	-0.002521	36.638748	0.127801
#GD	39.616669	384.001007	10.611678	33.704624	-0.002589	36.714874	0.154147
#GD	39.633335	384.179993	10.825545	33.702312	-0.002633	36.846127	0.181706
#GD	39.650002	384.359009	11.024630	33.699314	-0.002683	37.057377	0.207530
#GD	39.666668	384.548004	11.174661	33.696468	-0.002720	37.347752	0.228577
#GD	39.683334	384.747986	11.283758	33.693592	-0.002752	37.674625	0.242086
#GD	39.700001	384.954987	11.332314	33.690689	-0.002793	37.980000	0.246026
#GD	39.716667	385.140015	11.357416	33.688030	-0.002829	38.241123	0.243498
#GD	39.733334	385.321991	11.384150	33.685188	-0.002856	38.460999	0.241903
#GD	39.750004	385.503998	11.433855	33.682594	-0.002897	38.659874	0.246335
#GD	39.766670	385.688995	11.455694	33.679844	-0.002940	38.840126	0.258561
#GD	39.783337	385.873993	11.546181	33.676811	-0.002990	39.012501	0.281784
#GD	39.800003	386.071991	11.728321	33.673561	-0.003032	39.253624	0.318611
#GD	39.816669	386.272003	11.954773	33.670311	-0.003053	39.624374	0.364913
#GD	39.833336	386.484009	12.200783	33.667187	-0.003055	40.059124	0.414200
#GD	39.850002	386.671997	12.427135	33.664158	-0.003031	40.482498	0.461555
#GD	39.866669	386.881989	12.626737	33.660969	-0.002993	40.959126	0.502242
#GD	39.883335	387.093994	12.778381	33.658127	-0.002969	41.548874	0.532219
#GD	39.900002	387.316010	12.933821	33.655251	-0.002988	42.157749	0.553213
#GD	39.916668	387.540009	13.039673	33.652531	-0.003036	42.742874	0.566493
#GD	39.933334	387.757996	13.136802	33.649689	-0.003106	43.318127	0.568527
#GD	39.950001	387.976990	13.071317	33.646717	-0.003170	43.886749	0.552677
#GD	39.966667	388.195007	12.915311	33.643406	-0.003246	44.453625	0.517468
#GD	39.983334	388.423004	12.670881	33.639687	-0.003296	45.054874	0.467983
#GD	40.000004	388.635010	12.387251	33.636189	-0.003354	45.600498	0.408283
#GD	40.016670	388.850006	12.089989	33.632626	-0.003413	46.026627	0.349762
#GD	40.033337	389.037994	11.851036	33.629467	-0.003467	46.318626	0.302597
#GD	40.050003	389.226013	11.655762	33.626095	-0.003510	46.487999	0.268119
#GD	40.066669	389.407990	11.512873	33.623093	-0.003549	46.571999	0.244189
#GD	40.083336	389.589996	11.441944	33.619373	-0.003578	46.621250	0.230111
#GD	40.100002	389.770996	11.379755	33.615437	-0.003581	46.837749	0.221698
#GD	40.116669	389.976990	11.303967	33.611561	-0.003555	47.216251	0.212230
#GD	40.133335	390.174011	11.160478	33.607719	-0.003486	47.592625	0.195195
#GD	40.150002	390.371002	10.946694	33.603970	-0.003380	47.885624	0.165976
#GD	40.166668	390.558990	10.665777	33.600780	-0.003258	48.067249	0.124931
#GD	40.183334	390.734985	10.396928	33.597782	-0.003149	48.139626	0.077651
#GD	40.200001	390.891998	10.102379	33.595001	-0.003076	48.112877	0.032787
#GD	40.216667	391.049988	9.864025	33.592220	-0.003005	48.013248	-0.004081
#GD	40.233334	391.200989	9.662826	33.589626	-0.002958	47.880875	-0.034164
#GD	40.250004	391.352997	9.510132	33.586281	-0.002927	47.798500	-0.060580
#GD	40.266670	391.528015	9.409707	33.583096	-0.002900	47.847500	-0.086775
#GD	40.283337	391.688995	9.336048	33.579781	-0.002872	47.886124	-0.115655
#GD	40.300003	391.846008	9.211138	33.577251	-0.002827	47.817501	-0.149680
#GD	40.316669	391.997009	9.029464	33.574471	-0.002785	47.635376	-0.191265
#GD	40.333336	392.143005	8.750693	33.571968	-0.002724	47.373001	-0.238379
#GD	40.350002	392.290985	8.473055	33.569313	-0.002719	47.057377	-0.275154
#GD	40.366669	392.436005	8.363425	33.566624	-0.002749	46.709499	-0.282132
#GD	40.383335	392.569000	8.416893	33.564125	-0.002812	46.342377	-0.257730
#GD	40.400002	392.694000	8.602328	33.561218	-0.002869	45.941502	-0.209805
#GD	40.416668	392.806000	8.883778	33.558533	-0.002952	45.564377	-0.147736
#GD	40.433334	392.945007	9.223088	33.555092	-0.003041	45.427376	-0.080136
#GD	40.450001	393.114990	9.581444	33.551937	-0.003135	45.549873	-0.016013
#GD	40.466667	393.299011	9.921287	33.548939	-0.003197	45.734375	0.035460
#GD	40.483334	393.480988	10.168913	33.545937	-0.003218	45.903873	0.066442
#GD	40.500004	393.661987	10.281289	33.542439	-0.003230	46.050877	0.072455
#GD	40.516670	393.841003	10.266558	33.538906	-0.003227	46.170502	0.058602
#GD	40.533337	394.010010	10.167297	33.535374	-0.003241	46.232250	0.036441
#GD	40.550003	394.173004	10.026023	33.532501	-0.003219	46.206375	0.015402
#GD	40.566669	394.326996	9.903909	33.529594	-0.003169	46.095501	-0.003722
#GD	40.583336	394.479004	9.785473	33.526375	-0.003084	45.977875	-0.022205
#GD	40.600002	394.654999	9.686712	33.522938	-0.002991	46.000626	-0.041135
#GD	40.616669	394.826996	9.575451	33.519592	-0.002896	46.069500	-0.061456
#GD	40.633335	394.984009	9.433061	33.517063	-0.002817	46.075626	-0.085393
#GD	40.650002	395.144012	9.239452	33.514313	-0.002717	46.001499	-0.115540
#GD	40.666668	395.295990	9.011453	33.511749	-0.002618	45.865623	-0.152388
#GD	40.683334	395.449005	8.732149	33.509281	-0.002543	45.671749	-0.193413
#GD	40.700001	395.587006	8.527056	33.506939	-0.002493	45.421749	-0.230066
#GD	40.716667	395.721985	8.392289	33.504436	-0.002477	45.118374	-0.257534
#GD	40.733334	395.850006	8.301220	33.502155	-0.002453	44.790001	-0.275467
#GD	40.750004	395.988007	8.265780	33.499561	-0.002428	44.492374	-0.286267
#GD	40.766670	396.118988	8.242859	33.496876	-0.002375	44.221001	-0.291121
#GD	40.783337	396.263000	8.258190	33.494564	-0.002325	43.938499	-0.291540
#GD	40.800003	396.403992	8.302418	33.492126	-0.002291	43.645500	-0.288007
#GD	40.816669	396.546997	8.380355	33.489876	-0.002273	43.363125	-0.280515
#GD	40.833336	396.687988	8.456743	33.487751	-0.002261	43.066502	-0.270913
#GD	40.850002	396.819000	8.521112	33.486126	-0.002279	42.773376	-0.259528
#GD	40.866669	396.954010	8.546198	33.483906	-0.002318	42.485126	-0.246408
#GD	40.883335	397.100006	8.596935	33.481281	-0.002341	42.234749	-0.232582
#GD	40.900002	397.252991	8.616561	33.478813	-0.002362	42.048500	-0.219666
#GD	40.916668	397.404999	8.672741	33.476280	-0.002377	41.875000	-0.209195
#GD	40.933334	397.545990	8.755088	33.473564	-0.002429	41.688374	-0.201295
#GD	40.950001	397.686005	8.860873	33.471127	-0.002579	41.491375	-0.184788
#GD	40.966667	397.835999	9.074724	33.469093	-0.002804	41.299999	-0.150517
#GD	40.983334	397.970001	9.386719	33.466969	-0.003058	41.103874	-0.098331
#GD	41.000004	398.125000	9.757108	33.464783	-0.003284	40.880627	-0.033181
#GD	41.016670	398.281006	10.138399	33.461498	-0.003466	40.683498	0.036130
#GD	41.033337	398.450989	10.484770	33.456032	-0.003588	40.748001	0.101144
#GD	41.050003	398.654999	10.737854	33.451031	-0.003646	41.079624	0.154594
#GD	41.066669	398.855988	10.892245	33.446968	-0.003592	41.493126	0.190876
#GD	41.083336	399.045013	10.886219	33.443687	-0.003424	41.853500	0.205888
#GD	41.100002	399.225006	10.773860	33.440655	-0.003152	42.114250	0.194594
#GD	41.116669	399.407013	10.538786	33.438126	-0.002848	42.291500	0.155743
#GD	41.133335	399.576996	10.251842	33.435375	-0.002630	42.394127	0.102088
#GD	41.150002	399.739014	10.019415	33.433125	-0.002495	42.426624	0.048648
#GD	41.166668	399.899994	9.855169	33.430969	-0.002417	42.419376	0.004569
#GD	41.183334	400.061005	9.722617	33.428688	-0.002366	42.371624	-0.027698
#GD	41.200001	400.216003	9.638606	33.426125	-0.002336	42.300125	-0.050719
#GD	41.216667	400.380005	9.602134	33.423717	-0.002323	42.220375	-0.067229
#GD	41.233334	400.540985	9.570457	33.421436	-0.002350	42.121624	-0.079345
#GD	41.250004	400.701996	9.532904	33.419125	-0.002380	42.039749	-0.089670
#GD	41.266670	400.855988	9.484863	33.416904	-0.002397	41.976501	-0.098145
#GD	41.283337	401.019989	9.436923	33.414719	-0.002397	41.891624	-0.103445
#GD	41.300003	401.178009	9.375882	33.412186	-0.002378	41.777626	-0.106678
#GD	41.316669	401.329987	9.320302	33.409439	-0.002354	41.648376	-0.109470
#GD	41.333336	401.484009	9.270047	33.406876	-0.002294	41.499626	-0.114010
#GD	41.350002	401.635986	9.227467	33.404499	-0.002220	41.363625	-0.120189
#GD	41.366669	401.790009	9.199601	33.402313	-0.002129	41.279625	-0.127205
#GD	41.383335	401.945007	9.177729	33.400532	-0.002037	41.192501	-0.135935
#GD	41.400002	402.096008	9.157587	33.398438	-0.001962	41.076374	-0.147195
#GD	41.416668	402.247986	9.100308	33.396873	-0.001918	40.927624	-0.160860
#GD	41.433334	402.398987	9.044211	33.395061	-0.001899	40.750999	-0.175714
#GD	41.450001	402.558990	8.985801	33.393280	-0.001889	40.550751	-0.189222
#GD	41.466667	402.704987	8.934032	33.391220	-0.001898	40.329750	-0.197630
#GD	41.483337	402.852997	8.895380	33.389156	-0.001902	40.098499	-0.200473
#GD	41.500004	402.992004	8.868648	33.387188	-0.001917	39.864876	-0.198176
#GD	41.516670	403.140015	8.848971	33.385250	-0.001911	39.660500	-0.191445
#GD	41.533337	403.287994	8.843478	33.383595	-0.001890	39.485500	-0.181427
#GD	41.550003	403.436005	8.881631	33.381596	-0.001865	39.322876	-0.169136
#GD	41.566669	403.584015	8.955206	33.379719	-0.001849	39.158501	-0.155122
#GD	41.583336	403.734985	9.069763	33.377811	-0.001826	39.004124	-0.140356
#GD	41.600002	403.882996	9.161383	33.376030	-0.001806	38.865749	-0.126659
#GD	41.616669	404.033997	9.238903	33.374374	-0.001783	38.737625	-0.115441
#GD	41.633335	404.184998	9.302157	33.372467	-0.001743	38.625252	-0.107347
#GD	41.650002	404.347992	9.372519	33.370564	-0.001714	38.543251	-0.102792
#GD	41.666668	404.514008	9.381891	33.369064	-0.001691	38.480000	-0.102861
#GD	41.683334	404.670990	9.346436	33.367344	-0.001701	38.413124	-0.106831
#GD	41.700001	404.824005	9.275008	33.365780	-0.001722	38.313499	-0.112693
#GD	41.716667	404.977997	9.180609	33.364220	-0.001748	38.185375	-0.119832
#GD	41.733337	405.140991	9.054066	33.362530	-0.001788	38.042625	-0.128195
#GD	41.750004	405.282013	8.957502	33.360813	-0.001824	37.882126	-0.136588
#GD	41.766670	405.424011	8.896445	33.358624	-0.001847	37.726250	-0.143427
#GD	41.783337	405.571014	8.854364	33.356655	-0.001867	37.595123	-0.147930
#GD	41.800003	405.718994	8.812366	33.354656	-0.001872	37.466625	-0.151207
#GD	41.816669	405.863007	8.786716	33.352718	-0.001855	37.320374	-0.154451
#GD	41.833336	406.014008	8.821589	33.351124	-0.001818	37.157124	-0.157722
#GD	41.850002	406.161011	8.840714	33.349312	-0.001791	36.990002	-0.161496
#GD	41.866669	406.308990	8.860340	33.347500	-0.001788	36.823624	-0.164245
#GD	41.883335	406.453003	8.890936	33.345749	-0.001791	36.652248	-0.162961
#GD	41.900002	406.600006	8.940491	33.344093	-0.001810	36.474499	-0.156513
#GD	41.916668	406.751007	9.008140	33.342533	-0.001829	36.303001	-0.146670
#GD	41.933334	406.898010	9.090537	33.340374	-0.001844	36.136623	-0.136019
#GD	41.950001	407.050995	9.196339	33.338375	-0.001856	35.997124	-0.123855
#GD	41.966667	407.204010	9.335416	33.336563	-0.001898	35.897373	-0.108417
#GD	41.983337	407.359985	9.506685	33.334595	-0.002020	35.825626	-0.084389
#GD	42.000004	407.522003	9.716708	33.332905	-0.002191	35.747623	-0.048241
#GD	42.016670	407.678009	9.998158	33.330967	-0.002353	35.646751	-0.001981
#GD	42.033337	407.842987	10.291626	33.329155	-0.002501	35.578499	0.048866
#GD	42.050003	408.014008	10.585644	33.326626	-0.002594	35.567875	0.098793
#GD	42.066669	408.194000	10.831637	33.322811	-0.002615	35.711376	0.143598
#GD	42.083336	408.380005	11.018172	33.319126	-0.002579	36.003124	0.180267
#GD	42.100002	408.580994	11.157232	33.316189	-0.002474	36.337124	0.204255
#GD	42.116669	408.774994	11.180137	33.313843	-0.002324	36.644501	0.210098
#GD	42.133335	408.967010	11.090649	33.312126	-0.002114	36.893250	0.197101
#GD	42.150002	409.148987	10.946161	33.310658	-0.001903	37.079498	0.166718
#GD	42.166668	409.329010	10.763422	33.309063	-0.001745	37.223000	0.126192
#GD	42.183334	409.510986	10.526700	33.307529	-0.001671	37.317123	0.084094
#GD	42.200001	409.678986	10.321090	33.305752	-0.001655	37.352875	0.045309
#GD	42.216667	409.839996	10.147639	33.304218	-0.001678	37.361500	0.012992
#GD	42.233337	410.014008	10.005864	33.302280	-0.001720	37.348373	-0.011790
#GD	42.250004	410.183990	9.910966	33.300812	-0.001753	37.309124	-0.029743
#GD	42.266670	410.338989	9.822127	33.299000	-0.001774	37.243999	-0.042375
#GD	42.283337	410.501007	9.767545	33.297218	-0.001793	37.164249	-0.051117
#GD	42.300003	410.664001	9.673696	33.295376	-0.001800	37.103127	-0.057740
#GD	42.316669	410.822998	9.539495	33.293343	-0.001791	37.062126	-0.062498
#GD	42.333336	410.993011	9.423840	33.291531	-0.001785	37.022625	-0.065455
#GD	42.350002	411.148010	9.335433	33.289875	-0.001745	36.956123	-0.068256
#GD	42.366669	411.306000	9.275907	33.287937	-0.001683	36.875374	-0.072904
#GD	42.383335	411.449005	9.237221	33.286407	-0.001617	36.790749	-0.080177
#GD	42.400002	411.595001	9.213767	33.284752	-0.001558	36.709000	-0.087981
#GD	42.416668	411.743988	9.175566	33.283092	-0.001514	36.633877	-0.094059
#GD	42.433334	411.895996	9.190313	33.281780	-0.001479	36.541500	-0.097917
#GD	42.450001	412.062988	9.233459	33.280624	-0.001449	36.425499	-0.100908
#GD	42.466667	412.221008	9.300526	33.279186	-0.001438	36.299751	-0.103587
#GD	42.483337	412.375000	9.326711	33.277626	-0.001430	36.188499	-0.104991
#GD	42.500004	412.520996	9.312028	33.276188	-0.001436	36.092751	-0.104123
#GD	42.516670	412.675995	9.264538	33.274719	-0.001448	35.995125	-0.101418
#GD	42.533337	412.837006	9.207775	33.273251	-0.001460	35.888500	-0.098160
#GD	42.550003	412.993988	9.214333	33.271843	-0.001452	35.778751	-0.095831
#GD	42.566669	413.144989	9.218728	33.270374	-0.001446	35.688999	-0.094602
#GD	42.583336	413.294006	9.242748	33.268845	-0.001465	35.616749	-0.092479
#GD	42.600002	413.442993	9.281500	33.267532	-0.001492	35.528873	-0.085221
#GD	42.616669	413.596985	9.330006	33.265999	-0.001528	35.430874	-0.072500
#GD	42.633335	413.760010	9.423822	33.264656	-0.001569	35.327499	-0.056611
#GD	42.650002	413.908997	9.559604	33.263157	-0.001599	35.234627	-0.040155
#GD	42.666668	414.069000	9.719937	33.261280	-0.001626	35.174751	-0.024501
#GD	42.683334	414.238007	9.837791	33.259533	-0.001640	35.199875	-0.010357
#GD	42.700001	414.398987	9.882519	33.257782	-0.001628	35.258625	0.000044
#GD	42.716667	414.566986	9.861245	33.256062	-0.001604	35.308998	0.005028
#GD	42.733337	414.739990	9.814953	33.254532	-0.001576	35.337250	0.003303
#GD	42.750004	414.916992	9.704257	33.252907	-0.001527	35.339001	-0.004585
#GD	42.766670	415.076996	9.604980	33.251530	-0.001482	35.322498	-0.017363
#GD	42.783337	415.227997	9.573370	33.250217	-0.001439	35.286751	-0.030554
#GD	42.800003	415.376007	9.524281	33.248875	-0.001398	35.236752	-0.041576
#GD	42.816669	415.527008	9.474609	33.247124	-0.001363	35.174374	-0.049014
#GD	42.833336	415.678009	9.470181	33.245907	-0.001339	35.119625	-0.053429
#GD	42.850002	415.843994	9.532921	33.244595	-0.001309	35.060875	-0.056146
#GD	42.866669	416.020996	9.595592	33.243313	-0.001280	34.998875	-0.057678
#GD	42.883335	416.178009	9.639172	33.242126	-0.001250	34.935875	-0.058813
#GD	42.900002	416.332001	9.627703	33.240936	-0.001214	34.889751	-0.060413
#GD	42.916668	416.493988	9.569342	33.239498	-0.001208	34.838501	-0.063063
#GD	42.933334	416.657013	9.428634	33.238594	-0.001205	34.773998	-0.066480
#GD	42.950001	416.812988	9.280851	33.237343	-0.001212	34.706875	-0.070669
#GD	42.966667	416.971985	9.197953	33.236095	-0.001225	34.635376	-0.075411
#GD	42.983337	417.122986	9.116172	33.235031	-0.001239	34.554874	-0.080323
#GD	43.000004	417.273987	9.045843	33.233688	-0.001298	34.470249	-0.082508
#GD	43.016670	417.411987	9.066550	33.232407	-0.001430	34.378250	-0.075285
#GD	43.033337	417.557007	9.187699	33.231064	-0.001554	34.283501	-0.056170
#GD	43.050003	417.710999	9.379162	33.229752	-0.001667	34.190250	-0.028423
#GD	43.066669	417.860992	9.636624	33.228439	-0.001755	34.100376	0.003520
#GD	43.083336	418.016998	9.883167	33.226158	-0.001809	34.048626	0.035131
#GD	43.100002	418.192993	10.134072	33.223312	-0.001835	34.148876	0.065761
#GD	43.116669	418.373993	10.313465	33.221344	-0.001804	34.349998	0.090435
#GD	43.133335	418.556000	10.418801	33.219624	-0.001725	34.535625	0.106728
#GD	43.150002	418.738007	10.486417	33.218124	-0.001598	34.679501	0.112903
#GD	43.166668	418.906006	10.456954	33.216564	-0.001431	34.777626	0.106546
#GD	43.183334	419.083008	10.327682	33.215096	-0.001271	34.902126	0.089222
#GD	43.200001	419.252991	10.164567	33.214188	-0.001165	34.967876	0.066810
#GD	43.216667	419.420013	10.049960	33.213188	-0.001085	35.015125	0.046551
#GD	43.233337	419.593994	9.935919	33.212250	-0.001023	35.050751	0.028927
#GD	43.250004	419.755005	9.829019	33.211189	-0.000975	35.055000	0.012636
#GD	43.266670	419.910004	9.737982	33.210342	-0.000943	35.066750	-0.001797
#GD	43.283337	420.065002	9.671465	33.209408	-0.000941	35.038124	-0.012901
#GD	43.300003	420.239990	9.608709	33.208405	-0.000924	35.021999	-0.022577
#GD	43.316669	420.394989	9.578164	33.207500	-0.000910	34.991627	-0.028682
#GD	43.333336	420.546997	9.573204	33.206562	-0.000879	34.939499	-0.033034
#GD	43.350002	420.713013	9.586287	33.205750	-0.000855	34.914623	-0.036248
#GD	43.366669	420.871002	9.601601	33.204720	-0.000838	34.865875	-0.036911
#GD	43.383335	421.026001	9.623958	33.204033	-0.000826	34.811127	-0.038604
#GD	43.400002	421.191986	9.724332	33.203156	-0.000819	34.801624	-0.038713
#GD	43.416668	421.346985	9.799088	33.202656	-0.000815	34.754749	-0.040041
#GD	43.433334	421.510986	9.807861	33.201843	-0.000813	34.715500	-0.044259
#GD	43.450001	421.677002	9.799705	33.200844	-0.000816	34.689625	-0.049635
#GD	43.466667	421.846985	9.772490	33.199936	-0.000837	34.625874	-0.057389
#GD	43.483337	422.022003	9.738132	33.199158	-0.000947	34.597626	-0.063388
#GD	43.500004	422.183014	9.775702	33.198311	-0.001156	34.522373	-0.056654
#GD	43.516670	422.334015	9.858564	33.197563	-0.001388	34.427502	-0.037015
#GD	43.533337	422.485992	9.977400	33.196625	-0.001605	34.329498	-0.007348
#GD	43.550003	422.644012	10.078875	33.195656	-0.001798	34.218624	0.028600
#GD	43.566669	422.809998	10.211342	33.192688	-0.001927	34.193501	0.063528
#GD	43.583336	422.993988	10.367315	33.189312	-0.001984	34.361500	0.096812
#GD	43.600002	423.184998	10.469888	33.186626	-0.001972	34.613625	0.122788
#GD	43.616669	423.368988	10.514150	33.184719	-0.001894	34.853127	0.136800
#GD	43.633335	423.535004	10.506492	33.183033	-0.001744	35.049873	0.139609
#GD	43.650002	423.713989	10.454224	33.181969	-0.001524	35.175999	0.128688
#GD	43.666668	423.885986	10.344093	33.180874	-0.001335	35.283749	0.106080
#GD	43.683334	424.045990	10.233365	33.179783	-0.001224	35.350498	0.081288
#GD	43.700001	424.216003	10.131907	33.178406	-0.001170	35.366749	0.058122
#GD	43.716667	424.390991	10.064241	33.177280	-0.001143	35.425751	0.040292
#GD	43.733337	424.566010	9.963385	33.176125	-0.001130	35.476002	0.025217
#GD	43.750004	424.730011	9.879355	33.175095	-0.001116	35.500500	0.011287
#GD	43.766670	424.893005	9.822542	33.173904	-0.001081	35.512249	0.000892
#GD	43.783337	425.046997	9.724349	33.172813	-0.001038	35.475624	-0.008765
#GD	43.800003	425.210999	9.631614	33.171719	-0.001002	35.478001	-0.018734
#GD	43.816669	425.368011	9.580828	33.170845	-0.000973	35.427502	-0.026306
#GD	43.833336	425.526001	9.578629	33.169720	-0.000949	35.376877	-0.032631
#GD	43.850002	425.691986	9.611922	33.169033	-0.000945	35.365501	-0.035290
#GD	43.866669	425.846008	9.644714	33.168156	-0.000951	35.318001	-0.036581
#GD	43.883335	426.003998	9.622874	33.167313	-0.000961	35.285126	-0.040409
#GD	43.900002	426.166992	9.582525	33.166313	-0.000975	35.250751	-0.044521
#GD	43.916668	426.329987	9.536732	33.165375	-0.001009	35.182877	-0.049839
#GD	43.933334	426.498993	9.518205	33.164032	-0.001085	35.175499	-0.052776
#GD	43.950001	426.657013	9.538945	33.163033	-0.001140	35.126499	-0.049557
#GD	43.966667	426.804993	9.584256	33.162064	-0.001178	35.037498	-0.039843
#GD	43.983337	426.953003	9.663924	33.161156	-0.001195	34.940750	-0.024657
#GD	44.000004	427.110992	9.807878	33.159657	-0.001190	34.867374	-0.007281
#GD	44.016670	427.279999	9.970409	33.157814	-0.001161	34.868500	0.008342
#GD	44.033337	427.446014	10.156395	33.156750	-0.001123	34.915874	0.023862
#GD	44.050003	427.621002	10.295538	33.155720	-0.001069	35.025875	0.035592
#GD	44.066669	427.799011	10.370212	33.154686	-0.000988	35.127251	0.040935
#GD	44.083336	427.985992	10.346224	33.153843	-0.000899	35.185123	0.038217
#GD	44.100002	428.161011	10.267639	33.153030	-0.000820	35.214874	0.027860
#GD	44.116669	428.333008	10.151384	33.152344	-0.000782	35.227875	0.013319
#GD	44.133335	428.493011	10.002469	33.151562	-0.000751	35.213749	-0.002167
#GD	44.150002	428.658997	9.848128	33.151031	-0.000721	35.197498	-0.014183
#GD	44.166668	428.816010	9.647411	33.150093	-0.000707	35.168251	-0.023218
#GD	44.183334	428.979004	9.493553	33.149467	-0.000688	35.133751	-0.030184
#GD	44.200001	429.135986	9.383423	33.148720	-0.000674	35.093624	-0.035376
#GD	44.216667	429.295990	9.341425	33.148033	-0.000651	35.061001	-0.039305
#GD	44.233337	429.454010	9.315274	33.147499	-0.000637	35.034374	-0.042682
#GD	44.250004	429.589996	9.291838	33.146751	-0.000617	34.980000	-0.045338
#GD	44.266670	429.740997	9.308732	33.146282	-0.000608	34.926624	-0.047595
#GD	44.283337	429.898010	9.338228	33.145626	-0.000604	34.878250	-0.050169
#GD	44.300003	430.063995	9.398171	33.145187	-0.000600	34.823124	-0.051659
#GD	44.316669	430.223999	9.469066	33.144470	-0.000602	34.771252	-0.052520
#GD	44.333336	430.372009	9.529658	33.143845	-0.000598	34.718124	-0.052422
#GD	44.350002	430.540985	9.536216	33.143280	-0.000602	34.666126	-0.052414
#GD	44.366669	430.695007	9.532936	33.142563	-0.000592	34.600124	-0.052539
#GD	44.383335	430.860992	9.532953	33.142063	-0.000589	34.565376	-0.052285
#GD	44.400002	431.018005	9.551463	33.141438	-0.000583	34.512749	-0.052030
#GD	44.416668	431.169006	9.594510	33.140907	-0.000580	34.456123	-0.051406
#GD	44.433334	431.329010	9.583657	33.140282	-0.000573	34.403751	-0.051127
#GD	44.450001	431.492004	9.581409	33.139874	-0.000574	34.349625	-0.050689
#GD	44.466667	431.654999	9.574851	33.139217	-0.000581	34.300625	-0.051124
#GD	44.483337	431.813995	9.581926	33.138531	-0.000568	34.251251	-0.050696
#GD	44.500004	431.980988	9.569924	33.138000	-0.000568	34.207249	-0.050128
#GD	44.516670	432.135010	9.545371	33.137531	-0.000567	34.150623	-0.049823
#GD	44.533337	432.287994	9.506720	33.136780	-0.000569	34.103001	-0.050763
#GD	44.550003	432.450989	9.491488	33.136219	-0.000556	34.050377	-0.052504
#GD	44.566669	432.608002	9.464222	33.135967	-0.000535	34.001125	-0.054339
#GD	44.583336	432.761993	9.429832	33.135220	-0.000526	33.954498	-0.056229
#GD	44.600002	432.924988	9.400901	33.134655	-0.000522	33.904999	-0.058513
#GD	44.616669	433.079010	9.386203	33.134064	-0.000513	33.830250	-0.061599
#GD	44.633335	433.242004	9.385687	33.133656	-0.000509	33.762875	-0.066456
#GD	44.650002	433.391998	9.405862	33.133373	-0.000509	33.702251	-0.071049
#GD	44.666668	433.545990	9.415683	33.132751	-0.000511	33.640625	-0.073096
#GD	44.683334	433.694000	9.406910	33.132126	-0.000526	33.562626	-0.072805
#GD	44.700001	433.856995	9.439054	33.131626	-0.000537	33.484001	-0.070341
#GD	44.716667	434.023010	9.462508	33.131248	-0.000548	33.368874	-0.067583
#GD	44.733337	434.182007	9.474509	33.130718	-0.000549	33.291000	-0.064518
#GD	44.750004	434.335999	9.484846	33.129875	-0.000544	33.254250	-0.060749
#GD	44.766670	434.489990	9.496848	33.129280	-0.000536	33.212250	-0.056308
#GD	44.783337	434.654999	9.464672	33.128845	-0.000540	33.171001	-0.052178
#GD	44.800003	434.812988	9.401384	33.128376	-0.000533	33.120377	-0.048680
#GD	44.816669	434.959991	9.352877	33.127968	-0.000508	33.066002	-0.047586
#GD	44.833336	435.122986	9.304371	33.127312	-0.000487	33.014874	-0.047630
#GD	44.850002	435.285004	9.249339	33.126907	-0.000481	32.966125	-0.047480
#GD	44.866669	435.438995	9.207376	33.126217	-0.000469	32.917999	-0.047648
#GD	44.883335	435.580994	9.194858	33.125874	-0.000455	32.869499	-0.048046
#GD	44.900002	435.731995	9.208474	33.125561	-0.000440	32.831875	-0.049171
#GD	44.916668	435.882996	9.189913	33.125000	-0.000426	32.792873	-0.051504
#GD	44.933334	436.036011	9.189331	33.124531	-0.000410	32.741627	-0.054891
#GD	44.950001	436.196014	9.207325	33.124283	-0.000402	32.682499	-0.058822
#GD	44.966667	436.350006	9.265137	33.123875	-0.000414	32.620998	-0.063049
#GD	44.983337	436.509003	9.282049	33.123470	-0.000425	32.555752	-0.067278
#GD	45.000004	436.660004	9.292886	33.122936	-0.000423	32.481499	-0.070522
#GD	45.016670	436.811005	9.289606	33.122780	-0.000422	32.402748	-0.072669
#GD	45.033337	436.960999	9.274325	33.122158	-0.000428	32.326874	-0.073605
#GD	45.050003	437.126007	9.261774	33.121624	-0.000430	32.250252	-0.073597
#GD	45.066669	437.278015	9.251387	33.121124	-0.000438	32.174873	-0.073480
#GD	45.083336	437.433990	9.245428	33.120842	-0.000462	32.102749	-0.073751
#GD	45.100002	437.588013	9.225204	33.120533	-0.000534	32.027874	-0.074870
#GD	45.116669	437.740997	9.220859	33.120064	-0.000644	31.962999	-0.076600
#GD	45.133335	437.890991	9.206694	33.119564	-0.000788	31.899000	-0.078292
#GD	45.150002	438.045990	9.253036	33.118969	-0.000981	31.818501	-0.078865
#GD	45.166668	438.196014	9.328341	33.118126	-0.001194	31.727751	-0.076591
#GD	45.183334	438.346985	9.449973	33.116627	-0.001368	31.632626	-0.068646
#GD	45.200001	438.509003	9.609858	33.114719	-0.001480	31.543875	-0.054646
#GD	45.216667	438.665009	9.770258	33.113125	-0.001526	31.464001	-0.036995
#GD	45.233337	438.829987	9.893505	33.110874	-0.001498	31.408001	-0.018211
#GD	45.250004	438.998993	10.030384	33.108875	-0.001388	31.392626	-0.001057
#GD	45.266670	439.173004	10.152616	33.107624	-0.001210	31.447500	0.012528
#GD	45.283337	439.350006	10.240423	33.106720	-0.001019	31.539499	0.021100
#GD	45.300003	439.519012	10.276444	33.105968	-0.000844	31.600000	0.023988
#GD	45.316669	439.681000	10.226257	33.105373	-0.000656	31.629126	0.020420
#GD	45.333336	439.858002	10.148170	33.105064	-0.000508	31.635876	0.009469
#GD	45.350002	440.035004	10.037392	33.104782	-0.000429	31.629749	-0.006538
#GD	45.366669	440.209015	9.911899	33.104187	-0.000392	31.614000	-0.022630
#GD	45.383335	440.368011	9.806130	33.103657	-0.000389	31.591749	-0.037260
#GD	45.400002	440.520996	9.711798	33.103626	-0.000417	31.555124	-0.051207
#GD	45.416668	440.683990	9.585205	33.103561	-0.000468	31.478125	-0.064421
#GD	45.433334	440.839996	9.483232	33.102970	-0.000532	31.399376	-0.076776
#GD	45.450001	440.993988	9.415583	33.102375	-0.000595	31.333000	-0.087562
#GD	45.466667	441.153015	9.369257	33.101658	-0.000664	31.231874	-0.096109
#GD	45.483337	441.315002	9.312593	33.100876	-0.000749	31.112749	-0.101351
#GD	45.500004	441.467987	9.253717	33.100063	-0.000820	30.996500	-0.103822
#GD	45.516670	441.622009	9.256447	33.099064	-0.000866	30.880751	-0.105537
#GD	45.533337	441.774994	9.286943	33.098251	-0.000916	30.771626	-0.105556
#GD	45.550003	441.921997	9.317405	33.097500	-0.000945	30.668125	-0.101624
#GD	45.566669	442.070007	9.394377	33.096470	-0.000961	30.578375	-0.095656
#GD	45.583336	442.226013	9.496366	33.095375	-0.000971	30.480625	-0.088591
#GD	45.600002	442.394012	9.593994	33.094345	-0.000969	30.374750	-0.080778
#GD	45.616669	442.558990	9.685647	33.093124	-0.000969	30.285875	-0.073224
#GD	45.633335	442.717987	9.796376	33.092342	-0.000963	30.229750	-0.061913
#GD	45.650002	442.889008	9.900546	33.091469	-0.000942	30.175249	-0.046311
#GD	45.666668	443.050995	9.982893	33.090500	-0.000916	30.131001	-0.026723
#GD	45.683334	443.213013	10.052207	33.089657	-0.000894	30.090626	-0.006598
#GD	45.700001	443.375000	10.113365	33.088749	-0.000876	30.042625	0.006609
#GD	45.716667	443.549011	10.133472	33.087780	-0.000875	30.088625	0.011870
#GD	45.733337	443.725006	10.122503	33.086937	-0.000873	30.170626	0.009703
#GD	45.750004	443.899994	10.108288	33.086155	-0.000869	30.266500	0.001618
#GD	45.766670	444.074005	10.098983	33.085312	-0.000864	30.333250	-0.005545
#GD	45.783337	444.239014	10.085383	33.084469	-0.000873	30.278625	-0.009102
#GD	45.800003	444.394989	10.072299	33.083561	-0.000884	30.191250	-0.012474
#GD	45.816669	444.559998	10.049943	33.082626	-0.000891	30.076250	-0.012853
#GD	45.833336	444.721985	10.056002	33.081779	-0.000906	29.980749	-0.012335
#GD	45.850002	444.895996	10.062511	33.081001	-0.000908	30.015249	-0.013079
#GD	45.866669	445.069000	10.068504	33.079811	-0.000911	30.119875	-0.012480
#GD	45.883335	445.246002	10.069103	33.078907	-0.000901	30.187374	-0.015959
#GD	45.900002	445.407990	10.002036	33.078186	-0.000893	30.226999	-0.026241
#GD	45.916668	445.579010	9.914795	33.077095	-0.000878	30.176001	-0.040200
#GD	45.933334	445.739990	9.825323	33.076344	-0.000880	30.034250	-0.049916
#GD	45.950001	445.898987	9.783342	33.075375	-0.000876	29.937250	-0.050798
#GD	45.966667	446.063995	9.805164	33.074688	-0.000888	29.833876	-0.041614
#GD	45.983337	446.217010	9.842801	33.073780	-0.000906	29.700125	-0.027703
#GD	46.000004	446.376007	9.832381	33.073093	-0.000918	29.659000	-0.015338
#GD	46.016670	446.544006	9.801852	33.071842	-0.000934	29.783501	-0.010753
#GD	46.033337	446.717010	9.739614	33.070908	-0.000944	29.896999	-0.014604
#GD	46.050003	446.897003	9.628851	33.069969	-0.000956	29.969250	-0.021012
#GD	46.066669	447.056000	9.543774	33.068939	-0.000950	29.962126	-0.025590
#GD	46.083336	447.205994	9.490839	33.067970	-0.000942	29.835501	-0.029265
#GD	46.100002	447.352997	9.457581	33.067123	-0.000920	29.647249	-0.031623
#GD	46.116669	447.502991	9.412853	33.066189	-0.000913	29.525999	-0.032714
#GD	46.133335	447.647003	9.382857	33.065250	-0.000905	29.484501	-0.032724
#GD	46.150002	447.808014	9.460361	33.064468	-0.000904	29.558250	-0.024517
#GD	46.166668	447.984985	9.586952	33.063530	-0.000904	29.683500	-0.008889
#GD	46.183334	448.154999	9.736434	33.062626	-0.000914	29.758499	0.005738
#GD	46.200001	448.304993	9.840588	33.061718	-0.000922	29.656876	0.010242
#GD	46.216667	448.454987	9.871615	33.060814	-0.000922	29.519125	0.003223
#GD	46.233337	448.626007	9.810026	33.059780	-0.000925	29.537624	-0.014397
#GD	46.250004	448.799011	9.699929	33.058968	-0.000915	29.623125	-0.034341
#GD	46.266670	448.976013	9.625671	33.057907	-0.000909	29.685249	-0.044712
#GD	46.283337	449.136993	9.630532	33.056938	-0.000906	29.658375	-0.042440
#GD	46.300003	449.286987	9.686679	33.056217	-0.000895	29.552626	-0.035261
#GD	46.316669	449.437012	9.739030	33.055283	-0.000901	29.374500	-0.028846
#GD	46.333336	449.584015	9.832331	33.054501	-0.000915	29.212875	-0.015847
#GD	46.350002	449.739990	9.962203	33.053562	-0.000924	29.204124	0.004541
#GD	46.366669	449.915985	10.136236	33.052563	-0.000930	29.296375	0.028089
#GD	46.383335	450.106995	10.294373	33.051846	-0.000923	29.433874	0.049110
#GD	46.400002	450.286011	10.389221	33.050564	-0.000885	29.537750	0.065722
#GD	46.416668	450.462006	10.415988	33.049564	-0.000835	29.664125	0.071828
#GD	46.433334	450.635010	10.353865	33.048626	-0.000768	29.749374	0.065589
#GD	46.450001	450.806000	10.233848	33.047905	-0.000690	29.769625	0.052850
#GD	46.466671	450.972992	10.087597	33.047344	-0.000623	29.763124	0.037368
#GD	46.483337	451.136993	9.944108	33.046970	-0.000568	29.813999	0.019408
#GD	46.500004	451.302002	9.804533	33.046501	-0.000544	29.848875	0.001624
#GD	46.516670	451.466003	9.678573	33.046062	-0.000526	29.866125	-0.012078
#GD	46.533337	451.634003	9.567893	33.045750	-0.000516	29.864250	-0.021192
#GD	46.550003	451.791992	9.462075	33.045124	-0.000517	29.825251	-0.027169
#GD	46.566669	451.938995	9.400435	33.044250	-0.000518	29.711500	-0.031625
#GD	46.583336	452.092010	9.371521	33.043594	-0.000489	29.646250	-0.033258
#GD	46.600002	452.247009	9.332270	33.043251	-0.000464	29.606125	-0.034713
#GD	46.616669	452.402008	9.294617	33.042938	-0.000460	29.593124	-0.040148
#GD	46.633335	452.552002	9.258029	33.042439	-0.000475	29.606625	-0.052207
#GD	46.650002	452.717010	9.188167	33.042000	-0.000529	29.615250	-0.071578
#GD	46.666668	452.881012	9.053367	33.042061	-0.000628	29.586750	-0.100008
#GD	46.683334	453.028015	8.840631	33.041531	-0.000769	29.503374	-0.132747
#GD	46.700001	453.177002	8.608804	33.040627	-0.000902	29.326000	-0.165807
#GD	46.716671	453.317993	8.404775	33.039467	-0.001043	29.074499	-0.194538
#GD	46.733337	453.453003	8.236200	33.038124	-0.001209	28.802500	-0.214140
#GD	46.750004	453.584991	8.159346	33.036781	-0.001432	28.535126	-0.221190
#GD	46.766670	453.701996	8.182302	33.035156	-0.001635	28.283375	-0.215523
#GD	46.783337	453.830994	8.311673	33.034031	-0.001811	28.051874	-0.198795
#GD	46.800003	453.971985	8.533165	33.032406	-0.001943	27.851875	-0.174406
#GD	46.816669	454.118988	8.859891	33.030342	-0.002009	27.688250	-0.142036
#GD	46.833336	454.268005	9.261925	33.027218	-0.002001	27.570375	-0.102847
#GD	46.850002	454.417999	9.715693	33.024593	-0.001910	27.475374	-0.059329
#GD	46.866669	454.588013	10.123685	33.022343	-0.001762	27.396500	-0.014722
#GD	46.883335	454.755005	10.443836	33.020561	-0.001538	27.356501	0.025707
#GD	46.900002	454.940002	10.681608	33.019405	-0.001265	27.440001	0.057401
#GD	46.916668	455.130005	10.831055	33.018623	-0.000982	27.589500	0.077208
#GD	46.933334	455.325989	10.867076	33.018158	-0.000777	27.763000	0.085154
#GD	46.950001	455.516998	10.796148	33.017624	-0.000658	27.934626	0.080405
#GD	46.966671	455.692993	10.620001	33.017155	-0.000643	28.050751	0.060458
#GD	46.983337	455.865997	10.324902	33.016811	-0.000736	28.098375	0.026294
#GD	47.000004	456.036011	9.997608	33.016376	-0.000912	28.082500	-0.014066
#GD	47.016670	456.199005	9.667619	33.015625	-0.001144	28.041876	-0.054083
#GD	47.033337	456.365997	9.391047	33.014561	-0.001384	27.970875	-0.089113
#GD	47.050003	456.513000	9.178328	33.012970	-0.001611	27.830250	-0.115828
#GD	47.066669	456.653992	9.034290	33.010845	-0.001798	27.652250	-0.134398
#GD	47.083336	456.799988	8.959051	33.008469	-0.001917	27.474874	-0.148432
#GD	47.100002	456.942993	8.950912	33.006001	-0.001967	27.309999	-0.160450
#GD	47.116669	457.089996	9.023503	33.003845	-0.001937	27.155624	-0.167521
#GD	47.133335	457.237000	9.205693	33.001907	-0.001844	27.011126	-0.162583
#GD	47.150002	457.394989	9.457198	33.000217	-0.001705	26.866249	-0.145442
#GD	47.166668	457.553009	9.731024	32.998749	-0.001538	26.672001	-0.117773
#GD	47.183334	457.710999	10.016802	32.997158	-0.001376	26.450125	-0.080128
#GD	47.200001	457.880005	10.270369	32.995968	-0.001232	26.281250	-0.033461
#GD	47.216671	458.056000	10.523471	32.994720	-0.001089	26.278500	0.019183
#GD	47.233337	458.243011	10.701816	32.993656	-0.000946	26.377251	0.072623
#GD	47.250004	458.428009	10.828840	32.992970	-0.000820	26.531876	0.120135
#GD	47.266670	458.612000	10.883923	32.992126	-0.000707	26.740126	0.153746
#GD	47.283337	458.790985	10.799410	32.991436	-0.000616	26.989500	0.167261
#GD	47.300003	458.984009	10.604719	32.991093	-0.000549	27.242125	0.160302
#GD	47.316669	459.158997	10.335272	32.990845	-0.000514	27.450375	0.140096
#GD	47.333336	459.334991	10.076194	32.990311	-0.000512	27.581625	0.112371
#GD	47.350002	459.506989	9.861279	32.989780	-0.000521	27.652000	0.081855
#GD	47.366669	459.657013	9.694386	32.989437	-0.000546	27.672125	0.052230
#GD	47.383335	459.803009	9.557955	32.988781	-0.000590	27.668751	0.026958
#GD	47.400002	459.949005	9.477240	32.988125	-0.000622	27.658125	0.009326
#GD	47.416668	460.106995	9.443431	32.987373	-0.000626	27.650126	-0.000223
#GD	47.433334	460.273987	9.459211	32.986687	-0.000623	27.657749	-0.004361
#GD	47.450001	460.440002	9.521401	32.986095	-0.000620	27.652624	-0.005383
#GD	47.466671	460.601990	9.571122	32.985313	-0.000598	27.631624	-0.005785
#GD	47.483337	460.752991	9.608809	32.984749	-0.000574	27.625000	-0.006254
#GD	47.500004	460.914001	9.614851	32.984406	-0.000542	27.629499	-0.006831
#GD	47.516670	461.071991	9.618681	32.983906	-0.000523	27.626875	-0.007617
#GD	47.533337	461.230011	9.651889	32.983250	-0.000520	27.620001	-0.007579
#GD	47.550003	461.390015	9.681868	32.982780	-0.000514	27.603125	-0.007376
#GD	47.566669	461.557007	9.693287	32.982281	-0.000526	27.591875	-0.008600
#GD	47.583336	461.721008	9.710149	32.981968	-0.000543	27.586876	-0.009157
#GD	47.600002	461.885010	9.753762	32.981312	-0.000559	27.577625	-0.009206
#GD	47.616669	462.050995	9.794595	32.980595	-0.000570	27.572124	-0.010020
#GD	47.633335	462.205994	9.811523	32.980156	-0.000594	27.564751	-0.010871
#GD	47.650002	462.358002	9.814819	32.979500	-0.000605	27.541000	-0.012454
#GD	47.666668	462.529999	9.844865	32.978905	-0.000618	27.545500	-0.015204
#GD	47.683334	462.701996	9.871082	32.978188	-0.000620	27.535376	-0.018516
#GD	47.700001	462.868988	9.910418	32.977627	-0.000577	27.502874	-0.021962
#GD	47.716671	463.029999	9.952981	32.976875	-0.000515	27.485500	-0.025054
#GD	47.733337	463.192993	9.936601	32.976467	-0.000451	27.462749	-0.028138
#GD	47.750004	463.363007	9.873846	32.975750	-0.000388	27.422501	-0.031880
#GD	47.766670	463.526001	9.835676	32.975063	-0.000349	27.382250	-0.033087
#GD	47.783337	463.695007	9.808960	32.975468	-0.000323	27.349501	-0.033856
#GD	47.800003	463.859009	9.802917	32.975563	-0.000327	27.318251	-0.035433
#GD	47.816669	464.013000	9.795310	32.975124	-0.000354	27.276501	-0.035816
#GD	47.833336	464.174988	9.797974	32.974907	-0.000391	27.232876	-0.035431
#GD	47.850002	464.341003	9.806148	32.974155	-0.000456	27.221624	-0.035340
#GD	47.866669	464.501007	9.780513	32.973782	-0.000527	27.178625	-0.036277
#GD	47.883335	464.667999	9.793097	32.972908	-0.000559	27.128500	-0.036054
#GD	47.900002	464.834015	9.767511	32.972374	-0.000564	27.100750	-0.034686
#GD	47.916668	465.002991	9.674777	32.971748	-0.000576	27.068001	-0.032554
#GD	47.933334	465.162994	9.589666	32.971031	-0.000583	27.030874	-0.031500
#GD	47.950001	465.315002	9.547619	32.970779	-0.000591	26.978251	-0.028896
#GD	47.966671	465.484009	9.511114	32.970314	-0.000585	26.962250	-0.026365
#GD	47.983337	465.631012	9.501293	32.969749	-0.000597	26.947500	-0.023760
#GD	48.000004	465.776001	9.536199	32.968967	-0.000614	26.940250	-0.019732
#GD	48.016670	465.937012	9.596142	32.968094	-0.000634	26.901625	-0.015955
#GD	48.033337	466.105988	9.681202	32.967625	-0.000656	26.882999	-0.013647
#GD	48.050003	466.269012	9.738498	32.967064	-0.000658	26.865250	-0.014466
#GD	48.066669	466.432007	9.816001	32.966373	-0.000638	26.864374	-0.013512
#GD	48.083336	466.601990	9.879322	32.965595	-0.000611	26.876125	-0.010603
#GD	48.100002	466.761993	9.891840	32.964939	-0.000591	26.865000	-0.007387
#GD	48.116669	466.931000	9.902777	32.964375	-0.000585	26.836624	-0.007230
#GD	48.133335	467.092010	9.933838	32.963814	-0.000586	26.792126	-0.007540
#GD	48.150002	467.252014	9.968196	32.963436	-0.000575	26.813126	-0.006882
#GD	48.166668	467.424011	9.982893	32.962906	-0.000565	26.844000	-0.004775
#GD	48.183334	467.589996	9.984491	32.962311	-0.000558	26.838751	-0.002697
#GD	48.200001	467.759003	9.939164	32.961720	-0.000555	26.797501	-0.001078
#GD	48.216671	467.928009	9.906955	32.960876	-0.000552	26.788750	0.000544
#GD	48.233337	468.097992	9.883568	32.960438	-0.000556	26.812500	0.001289
#GD	48.250004	468.260986	9.832864	32.959938	-0.000562	26.834875	0.001181
#GD	48.266670	468.417999	9.807295	32.959499	-0.000567	26.814251	0.000983
#GD	48.283337	468.571991	9.812172	32.959000	-0.000565	26.805124	0.000335
#GD	48.300003	468.735992	9.801253	32.958469	-0.000565	26.827250	-0.002784
#GD	48.316669	468.907013	9.812222	32.957813	-0.000581	26.859501	-0.004365
#GD	48.333336	469.067993	9.866222	32.957031	-0.000591	26.829000	-0.002605
#GD	48.350002	469.234009	9.928378	32.956406	-0.000600	26.793125	0.001190
#GD	48.366669	469.407990	9.970892	32.955967	-0.000595	26.779375	0.005636
#GD	48.383335	469.562988	9.932707	32.955376	-0.000585	26.762625	0.007987
#GD	48.400002	469.729004	9.911964	32.954750	-0.000571	26.799999	0.010575
#GD	48.416668	469.901001	9.908219	32.954189	-0.000562	26.847250	0.014410
#GD	48.433334	470.069000	9.880904	32.953564	-0.000559	26.872126	0.016658
#GD	48.450001	470.234985	9.865640	32.953125	-0.000561	26.918625	0.016925
#GD	48.466671	470.384003	9.851956	32.952564	-0.000564	26.904375	0.013316
#GD	48.483337	470.556000	9.815386	32.952000	-0.000567	26.902876	0.006767
#GD	48.500004	470.721008	9.767462	32.951374	-0.000566	26.906750	-0.001232
#GD	48.516670	470.881989	9.704741	32.950905	-0.000567	26.917875	-0.006721
#GD	48.533337	471.049988	9.660028	32.950314	-0.000572	26.935125	-0.008977
#GD	48.550003	471.204987	9.622942	32.949593	-0.000576	26.894751	-0.006972
#GD	48.566669	471.369995	9.534601	32.949032	-0.000577	26.873249	-0.007478
#GD	48.583336	471.528015	9.467502	32.948593	-0.000577	26.818624	-0.008538
#GD	48.600002	471.675995	9.449540	32.948002	-0.000580	26.820875	-0.008904
#GD	48.616669	471.835999	9.457114	32.947437	-0.000574	26.856874	-0.006944
#GD	48.633335	471.993011	9.507801	32.946751	-0.000577	26.891750	-0.000514
#GD	48.650002	472.147003	9.579745	32.946220	-0.000589	26.848249	0.006761
#GD	48.666668	472.300995	9.647411	32.945625	-0.000596	26.826626	0.013494
#GD	48.683334	472.470001	9.742942	32.945061	-0.000596	26.822001	0.017460
#GD	48.700001	472.635986	9.814953	32.944561	-0.000601	26.842875	0.019370
#GD	48.716671	472.800995	9.870067	32.943783	-0.000605	26.905500	0.020273
#GD	48.733337	472.972992	9.882102	32.943157	-0.000608	26.966625	0.019492
#GD	48.750004	473.127014	9.900080	32.942657	-0.000605	26.994875	0.016807
#GD	48.766670	473.299011	9.877174	32.942062	-0.000610	27.023874	0.014010
#GD	48.783337	473.467010	9.877125	32.941345	-0.000615	27.017000	0.011444
#GD	48.800003	473.627014	9.865589	32.940720	-0.000620	26.990875	0.007000
#GD	48.816669	473.781006	9.834478	32.940220	-0.000631	26.938749	0.003622
#GD	48.833336	473.955994	9.849143	32.939686	-0.000627	26.958500	0.003680
#GD	48.850002	474.118011	9.859548	32.938908	-0.000624	27.004000	0.007518
#GD	48.866669	474.286987	9.916276	32.938251	-0.000618	27.050125	0.015575
#GD	48.883335	474.446991	9.993796	32.937500	-0.000622	27.029375	0.023672
#GD	48.900002	474.604004	10.072366	32.936874	-0.000618	27.014999	0.031924
#GD	48.916668	474.774994	10.102961	32.936562	-0.000609	27.039125	0.036805
#GD	48.933334	474.949005	10.144909	32.935844	-0.000590	27.102875	0.038411
#GD	48.950001	475.123993	10.180365	32.935249	-0.000568	27.182501	0.038761
#GD	48.966671	475.295013	10.207597	32.934532	-0.000553	27.223375	0.038467
#GD	48.983337	475.468994	10.193914	32.934093	-0.000552	27.299376	0.033096
#GD	49.000004	475.635010	10.141546	32.933468	-0.000549	27.349501	0.024644
#GD	49.016670	475.799988	10.092990	32.932999	-0.000547	27.335875	0.015440
#GD	49.033337	475.971985	10.064709	32.932655	-0.000558	27.329124	0.007163
#GD	49.050003	476.136993	10.061446	32.932030	-0.000573	27.324625	0.002948
#GD	49.066669	476.299988	10.072398	32.931374	-0.000598	27.292749	0.000003
#GD	49.083336	476.467987	10.044600	32.930969	-0.000614	27.294874	-0.002825
#GD	49.100002	476.636993	9.957908	32.930126	-0.000633	27.305374	-0.003958
#GD	49.116669	476.808014	9.836792	32.929405	-0.000636	27.302500	-0.003700
#GD	49.133335	476.979004	9.769110	32.928749	-0.000623	27.336250	-0.001698
#GD	49.150002	477.149994	9.737483	32.928093	-0.000610	27.345875	0.002919
#GD	49.166668	477.298004	9.714011	32.927532	-0.000597	27.281750	0.006994
#GD	49.183334	477.442993	9.720504	32.926907	-0.000576	27.255375	0.012683
#GD	49.200001	477.593994	9.750466	32.926498	-0.000573	27.283501	0.020547
#GD	49.216671	477.765991	9.811041	32.925968	-0.000557	27.319500	0.026747
#GD	49.233337	477.940002	9.906522	32.925377	-0.000554	27.380501	0.033820
#GD	49.250004	478.108002	10.027089	32.924843	-0.000561	27.417999	0.040829
#GD	49.266670	478.278992	10.108953	32.924187	-0.000574	27.476000	0.041756
#GD	49.283337	478.446991	10.123169	32.923439	-0.000588	27.547501	0.036739
#GD	49.300003	478.614990	10.070251	32.923283	-0.000591	27.562750	0.031758
#GD	49.316669	478.783997	10.032065	32.922531	-0.000593	27.593500	0.027606
#GD	49.333336	478.949005	10.014088	32.921875	-0.000582	27.632000	0.025544
#GD	49.350002	479.117004	9.991766	32.921158	-0.000571	27.632376	0.024179
#GD	49.366669	479.282013	9.946472	32.920624	-0.000567	27.603374	0.021663
#GD	49.383335	479.444000	9.899497	32.920094	-0.000571	27.639999	0.019539
#GD	49.400002	479.613007	9.862360	32.919468	-0.000559	27.686375	0.018105
#GD	49.416668	479.781006	9.848145	32.919155	-0.000548	27.732500	0.018905
#GD	49.433334	479.946014	9.852472	32.918564	-0.000545	27.773251	0.023110
#GD	49.450001	480.100006	9.865557	32.917938	-0.000549	27.749374	0.028730
#GD	49.466671	480.261993	9.873746	32.917408	-0.000552	27.726875	0.033738
#GD	49.483337	480.427002	9.881903	32.916752	-0.000554	27.759624	0.041123
#GD	49.500004	480.595001	9.934271	32.916313	-0.000549	27.811251	0.049023
#GD	49.516670	480.765991	9.990484	32.915688	-0.000542	27.883499	0.057884
#GD	49.533337	480.931000	10.064193	32.915157	-0.000535	27.964500	0.067829
#GD	49.550003	481.093994	10.125883	32.914623	-0.000531	28.052250	0.075384
#GD	49.566669	481.261993	10.180930	32.914063	-0.000525	28.150375	0.078239
#GD	49.583336	481.438995	10.221863	32.913780	-0.000535	28.208124	0.077103
#GD	49.600002	481.604004	10.242087	32.913063	-0.000537	28.278250	0.070155
#GD	49.616669	481.777008	10.252941	32.912533	-0.000542	28.362375	0.059461
#GD	49.633335	481.954010	10.221813	32.912033	-0.000543	28.456249	0.046837
#GD	49.650002	482.127991	10.148138	32.911530	-0.000541	28.521250	0.033847
#GD	49.666668	482.298004	10.030868	32.910782	-0.000538	28.552999	0.021652
#GD	49.683334	482.463013	9.932106	32.910282	-0.000521	28.521875	0.008769
#GD	49.700001	482.627991	9.790833	32.909782	-0.000511	28.494875	-0.001952
#GD	49.716671	482.786987	9.646346	32.909313	-0.000504	28.477501	-0.008522
#GD	49.733337	482.946991	9.563498	32.908844	-0.000495	28.466749	-0.009212
#GD	49.750004	483.100006	9.537314	32.908405	-0.000494	28.449375	-0.005024
#GD	49.766670	483.261993	9.558072	32.907906	-0.000494	28.424749	0.002546
#GD	49.783337	483.412994	9.618647	32.907436	-0.000498	28.431499	0.010191
#GD	49.800003	483.566010	9.713013	32.906876	-0.000513	28.452499	0.018837
#GD	49.816669	483.734009	9.821511	32.906406	-0.000520	28.487249	0.028771
#GD	49.833336	483.902008	9.946389	32.905689	-0.000526	28.522751	0.040193
#GD	49.850002	484.070007	10.052191	32.905407	-0.000528	28.559376	0.051902
#GD	49.866669	484.240997	10.172125	32.904842	-0.000537	28.599625	0.061842
#GD	49.883335	484.411011	10.265343	32.904125	-0.000536	28.669624	0.070578
#GD	49.900002	484.582001	10.313350	32.903717	-0.000536	28.753750	0.078550
#GD	49.916668	484.755005	10.354281	32.903187	-0.000528	28.854626	0.084826
#GD	49.933334	484.925995	10.379916	32.902657	-0.000544	28.959375	0.088146
#GD	49.950001	485.101990	10.394115	32.901970	-0.000547	29.052000	0.087066
#GD	49.966671	485.278992	10.406683	32.901562	-0.000548	29.142876	0.080441
#GD	49.983337	485.451996	10.363669	32.901031	-0.000561	29.243126	0.070171
#GD	50.000004	485.625000	10.316778	32.900623	-0.000564	29.322250	0.057865
#GD	50.016670	485.795990	10.256287	32.899780	-0.000571	29.381624	0.044695
#GD	50.033337	485.968994	10.168979	32.899220	-0.000572	29.412624	0.031594
#GD	50.050003	486.143005	10.087680	32.898720	-0.000571	29.413000	0.019462
#GD	50.066669	486.299011	10.035329	32.898064	-0.000563	29.411501	0.009752
#GD	50.083336	486.470001	10.027122	32.897594	-0.000561	29.414125	0.003587
#GD	50.100002	486.635010	10.046232	32.896908	-0.000531	29.406124	0.000489
#GD	50.116669	486.795990	10.066374	32.896408	-0.000523	29.392250	0.000076
#GD	50.133335	486.960999	10.082669	32.896030	-0.000524	29.389000	0.002228
#GD	50.150002	487.131012	10.093606	32.895500	-0.000522	29.400625	0.006366
#GD	50.166668	487.309998	10.078940	32.894783	-0.000526	29.409876	0.012196
#GD	50.183334	487.484009	10.083285	32.894627	-0.000513	29.415751	0.020230
#GD	50.200001	487.651001	10.095853	32.893970	-0.000508	29.422251	0.029992
#GD	50.216671	487.812988	10.115412	32.893280	-0.000498	29.449625	0.040885
#GD	50.233337	487.971008	10.129012	32.892750	-0.000482	29.500250	0.052871
#GD	50.250004	488.140015	10.148670	32.892220	-0.000470	29.556749	0.065660
#GD	50.266670	488.309998	10.204867	32.891998	-0.000474	29.631124	0.076938
#GD	50.283337	488.483002	10.248496	32.891499	-0.000451	29.722124	0.084380
#GD	50.300003	488.661987	10.250128	32.891155	-0.000431	29.826876	0.086748
#GD	50.316669	488.834991	10.229338	32.890686	-0.000428	29.941750	0.083603
#GD	50.333336	489.007996	10.148686	32.890156	-0.000435	30.056000	0.075635
#GD	50.350002	489.182007	10.073464	32.889595	-0.000459	30.142750	0.062880
#GD	50.366669	489.342987	9.976368	32.889343	-0.000468	30.197874	0.047753
#GD	50.383335	489.498993	9.897832	32.889000	-0.000477	30.234875	0.032300
#GD	50.400002	489.665985	9.849260	32.888470	-0.000472	30.243250	0.018676
#GD	50.416668	489.825012	9.794694	32.887905	-0.000467	30.235125	0.009053
#GD	50.433334	489.994995	9.793063	32.887218	-0.000471	30.209000	0.005038
#GD	50.450001	490.153992	9.847662	32.886814	-0.000482	30.198000	0.006612
#GD	50.466671	490.321991	9.908237	32.886375	-0.000476	30.195000	0.012919
#GD	50.483337	490.485992	9.956244	32.886063	-0.000464	30.204124	0.022644
#GD	50.500004	490.640991	10.038607	32.885624	-0.000455	30.229750	0.034068
#GD	50.516670	490.813995	10.101363	32.885033	-0.000452	30.273624	0.044991
#GD	50.533337	490.987000	10.163568	32.884533	-0.000450	30.336000	0.053325
#GD	50.550003	491.157013	10.161388	32.884186	-0.000448	30.412624	0.058905
#GD	50.566669	491.328003	10.151017	32.883720	-0.000453	30.486376	0.061172
#GD	50.583336	491.506012	10.124218	32.883217	-0.000449	30.563999	0.060247
#GD	50.600002	491.675995	10.040173	32.882717	-0.000445	30.626875	0.056927
#GD	50.616669	491.842010	9.979082	32.882469	-0.000445	30.679625	0.053118
#GD	50.633335	491.997009	9.950650	32.882030	-0.000444	30.726376	0.050583
#GD	50.650002	492.161011	9.945190	32.881439	-0.000444	30.762751	0.050642
#GD	50.666668	492.325989	9.947954	32.881001	-0.000452	30.795124	0.053303
#GD	50.683334	492.487000	9.992148	32.880531	-0.000457	30.829876	0.058472
#GD	50.700001	492.657013	10.064126	32.880157	-0.000482	30.886499	0.064429
#GD	50.716671	492.829987	10.162903	32.879780	-0.000480	30.962250	0.069598
#GD	50.733337	493.002991	10.232233	32.879219	-0.000474	31.052626	0.072511
#GD	50.750004	493.170013	10.291677	32.878624	-0.000477	31.149376	0.071924
#GD	50.766670	493.339996	10.306907	32.878250	-0.000468	31.243999	0.067192
#GD	50.783337	493.513000	10.275263	32.877438	-0.000473	31.321875	0.058296
#GD	50.800003	493.691010	10.227323	32.877281	-0.000468	31.380251	0.046464
#GD	50.816669	493.864014	10.172757	32.876842	-0.000456	31.414625	0.032942
#GD	50.833336	494.036987	10.108320	32.876312	-0.000457	31.431625	0.019396
#GD	50.850002	494.197998	10.021079	32.876095	-0.000458	31.435375	0.007052
#GD	50.866669	494.362000	9.915760	32.875343	-0.000440	31.430124	-0.002897
#GD	50.883335	494.527008	9.778831	32.875000	-0.000452	31.417625	-0.010499
#GD	50.900002	494.691010	9.649009	32.874561	-0.000444	31.395750	-0.016006
#GD	50.916668	494.851990	9.563399	32.873905	-0.000451	31.373501	-0.019578
#GD	50.933334	495.013000	9.535051	32.873562	-0.000470	31.348000	-0.021764
#GD	50.950001	495.170990	9.495267	32.873405	-0.000467	31.326876	-0.022705
#GD	50.966671	495.317993	9.497980	32.872780	-0.000473	31.301624	-0.022656
#GD	50.983337	495.467987	9.526912	32.872437	-0.000485	31.273624	-0.021681
#GD	51.000004	495.631989	9.579313	32.871689	-0.000479	31.253626	-0.020322
#GD	51.016670	495.799011	9.628901	32.871033	-0.000495	31.231501	-0.018473
#GD	51.033337	495.954010	9.702043	32.870720	-0.000500	31.214375	-0.016966
#GD	51.050003	496.123993	9.785489	32.870342	-0.000488	31.198250	-0.016054
#GD	51.066669	496.287994	9.852023	32.869625	-0.000483	31.187250	-0.015555
#GD	51.083336	496.451996	9.867837	32.869469	-0.000470	31.175875	-0.015828
#GD	51.100002	496.609985	9.880920	32.868752	-0.000466	31.169374	-0.017217
#GD	51.116669	496.777008	9.901162	32.868374	-0.000472	31.151625	-0.019442
#GD	51.133335	496.944000	9.907171	32.867905	-0.000470	31.124624	-0.021692
#GD	51.150002	497.115997	9.945308	32.867405	-0.000463	31.105375	-0.024104
#GD	51.166668	497.277008	9.973089	32.866905	-0.000470	31.082750	-0.026584
#GD	51.183334	497.441010	9.998757	32.866501	-0.000479	31.044001	-0.028671
#GD	51.200005	497.605011	9.976351	32.866032	-0.000505	31.010250	-0.030365
#GD	51.216671	497.774994	9.935436	32.865593	-0.000528	30.986000	-0.033074
#GD	51.233337	497.946991	9.905390	32.865124	-0.000559	30.956125	-0.035988
#GD	51.250004	498.110992	9.869884	32.864624	-0.000598	30.919374	-0.039743
#GD	51.266670	498.278015	9.802318	32.863781	-0.000643	30.888124	-0.045275
#GD	51.283337	498.436005	9.762018	32.863125	-0.000691	30.847000	-0.052286
#GD	51.300003	498.593994	9.747287	32.862530	-0.000727	30.781500	-0.059373
#GD	51.316669	498.760986	9.770225	32.861717	-0.000752	30.735374	-0.065490
#GD	51.333336	498.915985	9.830733	32.860939	-0.000775	30.662125	-0.069471
#GD	51.350002	499.071014	9.892922	32.860092	-0.000779	30.561501	-0.071004
#GD	51.366669	499.243011	9.512812	32.859158	-0.000752	30.471251	-0.068016
#GD	51.383335	499.415985	8.751942	32.858501	-0.000691	30.395500	-0.061331
#GD	51.400002	499.588013	7.696489	32.857780	-0.000600	30.323000	-0.052652
#GD	51.416668	499.757996	6.462091	32.856812	-0.000496	30.273251	-0.041516
#GD	51.433334	499.924011	5.100586	32.856186	-0.000383	30.234625	-0.029824
#ME
